Autauga County,Alabama,60436
Baldwin County,Alabama,254107
Barbour County,Alabama,24644
Bibb County,Alabama,21890
Blount County,Alabama,59777
Bullock County,Alabama,9908
Butler County,Alabama,18357
Calhoun County,Alabama,116403
Chambers County,Alabama,34087
Cherokee County,Alabama,25700
Chilton County,Alabama,46525
Choctaw County,Alabama,12263
Clarke County,Alabama,22305
Clay County,Alabama,14157
Cleburne County,Alabama,15658
Coffee County,Alabama,55707
Colbert County,Alabama,58382
Conecuh County,Alabama,11177
Coosa County,Alabama,10267
Covington County,Alabama,37861
Crenshaw County,Alabama,13168
Cullman County,Alabama,91909
Dale County,Alabama,49852
Dallas County,Alabama,36294
DeKalb County,Alabama,72626
Elmore County,Alabama,90416
Escambia County,Alabama,36582
Etowah County,Alabama,103174
Fayette County,Alabama,15913
Franklin County,Alabama,31941
Geneva County,Alabama,27052
Greene County,Alabama,7299
Hale County,Alabama,14931
Henry County,Alabama,17872
Houston County,Alabama,108556
Jackson County,Alabama,53423
Jefferson County,Alabama,664084
Lamar County,Alabama,13616
Lauderdale County,Alabama,96867
Lawrence County,Alabama,33505
Lee County,Alabama,184271
Limestone County,Alabama,114803
Lowndes County,Alabama,9682
Macon County,Alabama,18347
Madison County,Alabama,413891
Marengo County,Alabama,18705
Marion County,Alabama,29279
Marshall County,Alabama,101041
Mobile County,Alabama,411745
Monroe County,Alabama,19244
Montgomery County,Alabama,225966
Morgan County,Alabama,125455
Perry County,Alabama,7772
Pickens County,Alabama,18741
Pike County,Alabama,33163
Randolph County,Alabama,22789
Russell County,Alabama,58792
St Clair County,Alabama,95487
Shelby County,Alabama,233593
Sumter County,Alabama,11737
Talladega County,Alabama,81083
Tallapoosa County,Alabama,40709
Tuscaloosa County,Alabama,239204
Walker County,Alabama,64845
Washington County,Alabama,15040
Wilcox County,Alabama,9925
Winston County,Alabama,23673
Aleutians East Borough,Alaska,3529
Aleutians West Census Area,Alaska,5257
Anchorage Municipality,Alaska,287932
h,Alaska,18199
Bristol Bay Borough,Alaska,859
Chugach Census Area,Alaska,6749
Copper River Census Area,Alaska,2656
Denali Borough,Alaska,1595
Dillingham Census Area,Alaska,4626
Fairbanks North Star Borough,Alaska,95700
Haines Borough,Alaska,2088
Hoonah-Angoon Census Area,Alaska,2278
Juneau City and Borough,Alaska,31483
Kenai Peninsula Borough,Alaska,61285
Ketchikan Gateway Borough,Alaska,13708
Kodiak Island Borough,Alaska,12659
Kusilvak Census Area,Alaska,7991
Lake and Peninsula Borough,Alaska,1337
Matanuska-Susitna Borough,Alaska,115296
Nome Census Area,Alaska,9790
North Slope Borough,Alaska,10621
Northwest Arctic Borough,Alaska,7286
Petersburg Borough,Alaska,3431
Prince of Wales-Hyder Census Area,Alaska,5708
Sitka City and Borough,Alaska,8304
Skagway Municipality,Alaska,1101
Southeast Fairbanks Census Area,Alaska,7148
Wrangell City and Borough,Alaska,2072
Yakutat City and Borough,Alaska,686
Yukon-Koyukuk Census Area,Alaska,5136
Apache County,Arizona,65121
Cochise County,Arizona,124881
Coconino County,Arizona,144934
Gila County,Arizona,54060
Graham County,Arizona,39561
Greenlee County,Arizona,9383
La Paz County,Arizona,16812
Maricopa County,Arizona,4615625
Mohave County,Arizona,223801
Navajo County,Arizona,109281
Pima County,Arizona,1068579
Pinal County,Arizona,486395
Santa Cruz County,Arizona,49647
Yavapai County,Arizona,249499
Yuma County,Arizona,215448
Arkansas County,Arkansas,16295
Ashley County,Arkansas,18232
Baxter County,Arkansas,42781
Benton County,Arkansas,312248
Boone County,Arkansas,38516
Bradley County,Arkansas,10109
Calhoun County,Arkansas,4664
Carroll County,Arkansas,28738
Chicot County,Arkansas,9507
Clark County,Arkansas,20918
Clay County,Arkansas,14191
Cleburne County,Arkansas,25476
Cleveland County,Arkansas,7386
Columbia County,Arkansas,22193
Conway County,Arkansas,21118
Craighead County,Arkansas,114245
Crawford County,Arkansas,61810
Crittenden County,Arkansas,47171
Cross County,Arkansas,16453
Dallas County,Arkansas,6187
Desha County,Arkansas,10478
Drew County,Arkansas,16986
Faulkner County,Arkansas,129909
Franklin County,Arkansas,17471
Fulton County,Arkansas,12422
Garland County,Arkansas,99759
Grant County,Arkansas,18392
Greene County,Arkansas,46700
Hempstead County,Arkansas,19321
Hot Spring County,Arkansas,33259
Howard County,Arkansas,12500
Independence County,Arkansas,38329
Izard County,Arkansas,14202
Jackson County,Arkansas,16749
Jefferson County,Arkansas,63539
Johnson County,Arkansas,26161
Lafayette County,Arkansas,6082
Lawrence County,Arkansas,16225
Lee County,Arkansas,8221
Lincoln County,Arkansas,12900
Little River County,Arkansas,11766
Logan County,Arkansas,21360
Lonoke County,Arkansas,75924
Madison County,Arkansas,17767
Marion County,Arkansas,17485
Miller County,Arkansas,42302
Mississippi County,Arkansas,38635
Monroe County,Arkansas,6540
Montgomery County,Arkansas,8605
Nevada County,Arkansas,8126
Newton County,Arkansas,7079
Ouachita County,Arkansas,21793
Perry County,Arkansas,10188
Phillips County,Arkansas,14991
Pike County,Arkansas,10164
Poinsett County,Arkansas,22373
Polk County,Arkansas,19490
Pope County,Arkansas,64663
Prairie County,Arkansas,8012
Pulaski County,Arkansas,400704
Randolph County,Arkansas,18913
St Francis County,Arkansas,22066
Saline County,Arkansas,129566
Scott County,Arkansas,9836
Searcy County,Arkansas,7818
Sebastian County,Arkansas,129203
Sevier County,Arkansas,15654
Sharp County,Arkansas,17954
Stone County,Arkansas,12677
Union County,Arkansas,37409
Van Buren County,Arkansas,16152
Washington County,Arkansas,261880
White County,Arkansas,78523
Woodruff County,Arkansas,5939
Yell County,Arkansas,20063
Alameda County,California,1638142
Alpine County,California,1126
Amador County,California,41798
Butte County,California,207354
Calaveras County,California,46580
Colusa County,California,22093
Contra Costa County,California,1162179
Del Norte County,California,26571
El Dorado County,California,192440
Fresno County,California,1019899
Glenn County,California,28190
Humboldt County,California,134009
Imperial County,California,180585
Inyo County,California,18548
Kern County,California,916646
Kings County,California,153281
Lake County,California,67934
Lassen County,California,28838
Los Angeles County,California,9731837
Madera County,California,163402
Marin County,California,255706
Mariposa County,California,16996
Mendocino County,California,89354
Merced County,California,294402
Modoc County,California,8566
Mono County,California,13207
Monterey County,California,435637
Napa County,California,133444
Nevada County,California,102086
Orange County,California,3154563
Placer County,California,424599
Plumas County,California,19120
Riverside County,California,2503549
Sacramento County,California,1594506
San Benito County,California,68341
San Bernardino County,California,2200805
San Diego County,California,3285890
San Francisco County,California,819151
San Joaquin County,California,805909
San Luis Obispo County,California,282007
San Mateo County,California,734267
Santa Barbara County,California,443521
Santa Clara County,California,1897137
Santa Cruz County,California,263699
Shasta County,California,180656
Sierra County,California,3180
Siskiyou County,California,42941
Solano County,California,451060
Sonoma County,California,483366
Stanislaus County,California,553921
Sutter County,California,98457
Tehama County,California,64959
Trinity County,California,15684
Tulare County,California,480747
Tuolumne County,California,54123
Ventura County,California,833071
Yolo County,California,222919
Yuba County,California,85695
Adams County,Colorado,535677
Alamosa County,Colorado,16668
Arapahoe County,Colorado,661864
Archuleta County,Colorado,14167
Baca County,Colorado,3363
Bent County,Colorado,5712
Boulder County,Colorado,328419
Broomfield County,Colorado,77029
Chaffee County,Colorado,20608
Cheyenne County,Colorado,1738
Clear Creek County,Colorado,9123
Conejos County,Colorado,7511
Costilla County,Colorado,3624
Crowley County,Colorado,5616
Custer County,Colorado,5551
Delta County,Colorado,31760
Denver County,Colorado,721367
Dolores County,Colorado,2525
Douglas County,Colorado,385141
Eagle County,Colorado,54592
Elbert County,Colorado,28812
El Paso County,Colorado,746934
Fremont County,Colorado,50352
Garfield County,Colorado,62921
Gilpin County,Colorado,5923
Grand County,Colorado,15971
Gunnison County,Colorado,17334
Hinsdale County,Colorado,761
Huerfano County,Colorado,7041
Jackson County,Colorado,1316
Jefferson County,Colorado,577693
Kiowa County,Colorado,1376
Kit Carson County,Colorado,7032
Lake County,Colorado,7367
La Plata County,Colorado,56401
Larimer County,Colorado,371530
Las Animas County,Colorado,14394
Lincoln County,Colorado,5498
Logan County,Colorado,20660
Mesa County,Colorado,159690
Mineral County,Colorado,932
Moffat County,Colorado,13287
Montezuma County,Colorado,26600
Montrose County,Colorado,44319
Morgan County,Colorado,29806
Otero County,Colorado,18148
Ouray County,Colorado,5185
Park County,Colorado,18121
Phillips County,Colorado,4490
Pitkin County,Colorado,16690
Prowers County,Colorado,11789
Pueblo County,Colorado,169723
Rio Blanco County,Colorado,6586
Rio Grande County,Colorado,11194
Routt County,Colorado,25154
Saguache County,Colorado,6687
San Juan County,Colorado,797
San Miguel County,Colorado,7874
Sedgwick County,Colorado,2305
Summit County,Colorado,30824
Teller County,Colorado,24711
Washington County,Colorado,4859
Weld County,Colorado,360216
Yuma County,Colorado,9981
Capitol Planning Region,Connecticut,983326
Greater Bridgeport Planning Region,Connecticut,331300
Lower Connecticut River Valley Planning Region,Connecticut,176674
Naugatuck Valley Planning Region,Connecticut,457609
Northeastern Connecticut Planning Region,Connecticut,96834
Northwest Hills Planning Region,Connecticut,113538
South Central Connecticut Planning Region,Connecticut,572919
Southeastern Connecticut Planning Region,Connecticut,280622
Western Connecticut Planning Region,Connecticut,630201
Kent County,Delaware,190123
New Castle County,Delaware,582325
Sussex County,Delaware,263975
District of Columbia,District of Columbia,687324
Alachua County,Florida,288962
Baker County,Florida,28542
Bay County,Florida,192422
Bradford County,Florida,27788
Brevard County,Florida,646705
Broward County,Florida,2002786
Calhoun County,Florida,13497
Charlotte County,Florida,207085
Citrus County,Florida,166836
Clay County,Florida,232734
Collier County,Florida,410065
Columbia County,Florida,73324
DeSoto County,Florida,36274
Dixie County,Florida,17221
Duval County,Florida,1038833
Escambia County,Florida,328034
Flagler County,Florida,131892
Franklin County,Florida,12628
Gadsden County,Florida,44100
Gilchrist County,Florida,19735
Glades County,Florida,12839
Gulf County,Florida,15757
Hamilton County,Florida,13721
Hardee County,Florida,25944
Hendry County,Florida,44111
Hernando County,Florida,213415
Highlands County,Florida,108151
Hillsborough County,Florida,1557313
Holmes County,Florida,19662
Indian River County,Florida,170487
Jackson County,Florida,48731
Jefferson County,Florida,15547
Lafayette County,Florida,8192
Lake County,Florida,426782
Lee County,Florida,844226
Leon County,Florida,299024
Levy County,Florida,46665
Liberty County,Florida,7771
Madison County,Florida,18322
Manatee County,Florida,444457
Marion County,Florida,412338
Martin County,Florida,164241
Miami-Dade County,Florida,2774250
Monroe County,Florida,81306
Nassau County,Florida,101579
Okaloosa County,Florida,219624
Okeechobee County,Florida,41603
Orange County,Florida,1501265
Osceola County,Florida,447243
Palm Beach County,Florida,1557481
Pasco County,Florida,636049
Pinellas County,Florida,967301
Polk County,Florida,824172
Putnam County,Florida,76211
St Johns County,Florida,321510
St Lucie County,Florida,376186
Santa Rosa County,Florida,203569
Sarasota County,Florida,472079
Seminole County,Florida,489254
Sumter County,Florida,152157
Suwannee County,Florida,46134
Taylor County,Florida,21766
Union County,Florida,15993
Volusia County,Florida,592622
Wakulla County,Florida,36472
Walton County,Florida,86338
Washington County,Florida,25545
Appling County,Georgia,18517
Atkinson County,Georgia,8351
Bacon County,Georgia,11140
Baker County,Georgia,2750
Baldwin County,Georgia,43423
Banks County,Georgia,19863
Barrow County,Georgia,93011
Bartow County,Georgia,114977
Ben Hill County,Georgia,17150
Berrien County,Georgia,18587
Bibb County,Georgia,156676
Bleckley County,Georgia,12455
Brantley County,Georgia,18417
Brooks County,Georgia,16275
Bryan County,Georgia,49876
Bulloch County,Georgia,84332
Burke County,Georgia,24431
Butts County,Georgia,26875
Calhoun County,Georgia,5462
Camden County,Georgia,57991
Candler County,Georgia,11106
Carroll County,Georgia,127293
Catoosa County,Georgia,68935
Charlton County,Georgia,12928
Chatham County,Georgia,304757
Chattahoochee County,Georgia,8588
Chattooga County,Georgia,25176
Cherokee County,Georgia,287243
Clarke County,Georgia,130338
Clay County,Georgia,2869
Clayton County,Georgia,299380
Clinch County,Georgia,6808
Cobb County,Georgia,781208
Coffee County,Georgia,43464
Colquitt County,Georgia,46515
Columbia County,Georgia,165470
Cook County,Georgia,17760
Coweta County,Georgia,156269
Crawford County,Georgia,12335
Crisp County,Georgia,19668
Dade County,Georgia,16188
Dawson County,Georgia,31720
Decatur County,Georgia,29124
DeKalb County,Georgia,768047
Dodge County,Georgia,19799
Dooly County,Georgia,11056
Dougherty County,Georgia,82635
Douglas County,Georgia,149401
Early County,Georgia,10570
Echols County,Georgia,3739
Effingham County,Georgia,71549
Elbert County,Georgia,20003
Emanuel County,Georgia,23146
Evans County,Georgia,10753
Fannin County,Georgia,25916
Fayette County,Georgia,123698
Floyd County,Georgia,100407
Forsyth County,Georgia,274535
Franklin County,Georgia,24815
Fulton County,Georgia,1083971
Gilmer County,Georgia,32868
Glascock County,Georgia,2943
Glynn County,Georgia,86229
Gordon County,Georgia,59844
Grady County,Georgia,26130
Greene County,Georgia,20733
Gwinnett County,Georgia,991602
Habersham County,Georgia,48851
Hall County,Georgia,218248
Hancock County,Georgia,8730
Haralson County,Georgia,32040
Harris County,Georgia,36700
Hart County,Georgia,27557
Heard County,Georgia,12052
Henry County,Georgia,254934
Houston County,Georgia,171955
Irwin County,Georgia,9123
Jackson County,Georgia,88723
Jasper County,Georgia,16496
Jeff Davis County,Georgia,14927
Jefferson County,Georgia,15211
Jenkins County,Georgia,8628
Johnson County,Georgia,9328
Jones County,Georgia,29000
Lamar County,Georgia,20420
Lanier County,Georgia,10452
Laurens County,Georgia,49932
Lee County,Georgia,33928
Liberty County,Georgia,68235
Lincoln County,Georgia,7898
Long County,Georgia,19651
Lowndes County,Georgia,120800
Lumpkin County,Georgia,35268
McDuffie County,Georgia,21860
McIntosh County,Georgia,11532
Macon County,Georgia,11838
Madison County,Georgia,32255
Marion County,Georgia,7485
Meriwether County,Georgia,20964
Miller County,Georgia,5790
Mitchell County,Georgia,20778
Monroe County,Georgia,30616
Montgomery County,Georgia,8767
Morgan County,Georgia,21537
Murray County,Georgia,41072
Muscogee County,Georgia,201959
Newton County,Georgia,120529
Oconee County,Georgia,44256
Oglethorpe County,Georgia,15788
Paulding County,Georgia,183535
Peach County,Georgia,28807
Pickens County,Georgia,35975
Pierce County,Georgia,20443
Pike County,Georgia,20422
Polk County,Georgia,44363
Pulaski County,Georgia,10114
Putnam County,Georgia,23183
Quitman County,Georgia,2278
Rabun County,Georgia,17525
Randolph County,Georgia,6113
Richmond County,Georgia,205646
Rockdale County,Georgia,96263
Schley County,Georgia,4534
Screven County,Georgia,14204
Seminole County,Georgia,9080
Spalding County,Georgia,69992
Stephens County,Georgia,27255
Stewart County,Georgia,4697
Sumter County,Georgia,28942
Talbot County,Georgia,5715
Taliaferro County,Georgia,1601
Tattnall County,Georgia,24328
Taylor County,Georgia,7793
Telfair County,Georgia,10969
Terrell County,Georgia,8704
Thomas County,Georgia,45666
Tift County,Georgia,41620
Toombs County,Georgia,27198
Towns County,Georgia,13007
Treutlen County,Georgia,6351
Troup County,Georgia,70957
Turner County,Georgia,8926
Twiggs County,Georgia,7706
Union County,Georgia,27115
Upson County,Georgia,28265
Walker County,Georgia,69410
Walton County,Georgia,106778
Ware County,Georgia,36263
Warren County,Georgia,5108
Washington County,Georgia,19891
Wayne County,Georgia,31449
Webster County,Georgia,2367
Wheeler County,Georgia,7097
White County,Georgia,29056
Whitfield County,Georgia,104147
Wilcox County,Georgia,8801
Wilkes County,Georgia,9552
Wilkinson County,Georgia,8747
Worth County,Georgia,20271
Hawaii County,Hawaii,208043
Honolulu County,Hawaii,994576
Kalawao County,Hawaii,81
Kauai County,Hawaii,73933
Maui County,Hawaii,164754
Ada County,Idaho,526690
Adams County,Idaho,4898
Bannock County,Idaho,90585
Bear Lake County,Idaho,6783
Benewah County,Idaho,10400
Bingham County,Idaho,50398
Blaine County,Idaho,25180
Boise County,Idaho,8560
Bonner County,Idaho,52709
Bonneville County,Idaho,131475
Boundary County,Idaho,13677
Butte County,Idaho,2747
Camas County,Idaho,1232
Canyon County,Idaho,258742
Caribou County,Idaho,7233
Cassia County,Idaho,25817
Clark County,Idaho,801
Clearwater County,Idaho,9192
Custer County,Idaho,4531
Elmore County,Idaho,29706
Franklin County,Idaho,15516
Fremont County,Idaho,14258
Gem County,Idaho,21384
Gooding County,Idaho,16113
Idaho County,Idaho,17928
Jefferson County,Idaho,34259
Jerome County,Idaho,25574
Kootenai County,Idaho,185237
Latah County,Idaho,41691
Lemhi County,Idaho,8447
Lewis County,Idaho,3740
Lincoln County,Idaho,5444
Madison County,Idaho,55123
Minidoka County,Idaho,22526
Nez Perce County,Idaho,42978
Oneida County,Idaho,4955
Owyhee County,Idaho,12762
Payette County,Idaho,27284
Power County,Idaho,8301
Shoshone County,Idaho,14072
Teton County,Idaho,12632
Twin Falls County,Idaho,95404
Valley County,Idaho,12630
Washington County,Idaho,11508
Adams County,Illinois,64435
Alexander County,Illinois,4723
Bond County,Illinois,16637
Boone County,Illinois,53239
Brown County,Illinois,6301
Bureau County,Illinois,32758
Calhoun County,Illinois,4293
Carroll County,Illinois,15492
Cass County,Illinois,12779
Champaign County,Illinois,209813
Christian County,Illinois,33319
Clark County,Illinois,15218
Clay County,Illinois,12945
Clinton County,Illinois,36886
Coles County,Illinois,46532
Cook County,Illinois,5142522
Crawford County,Illinois,18342
Cumberland County,Illinois,10272
DeKalb County,Illinois,100661
De Witt County,Illinois,15331
Douglas County,Illinois,19733
DuPage County,Illinois,929180
Edgar County,Illinois,16442
Edwards County,Illinois,6021
Effingham County,Illinois,34453
Fayette County,Illinois,21209
Ford County,Illinois,13316
Franklin County,Illinois,37156
Fulton County,Illinois,32664
Gallatin County,Illinois,4708
Greene County,Illinois,11572
Grundy County,Illinois,53587
Hamilton County,Illinois,7886
Hancock County,Illinois,17195
Hardin County,Illinois,3599
Henderson County,Illinois,6105
Henry County,Illinois,48362
Iroquois County,Illinois,26033
Jackson County,Illinois,52867
Jasper County,Illinois,9156
Jefferson County,Illinois,36331
Jersey County,Illinois,21158
Jo Daviess County,Illinois,21749
Johnson County,Illinois,13355
Kane County,Illinois,517241
Kankakee County,Illinois,106386
Kendall County,Illinois,140229
Knox County,Illinois,48663
Lake County,Illinois,714207
LaSalle County,Illinois,108397
Lawrence County,Illinois,14886
Lee County,Illinois,33606
Livingston County,Illinois,35321
Logan County,Illinois,27508
McDonough County,Illinois,26952
McHenry County,Illinois,313435
McLean County,Illinois,171493
Macon County,Illinois,100754
Macoupin County,Illinois,44127
Madison County,Illinois,263442
Marion County,Illinois,36640
Marshall County,Illinois,11650
Mason County,Illinois,12588
Massac County,Illinois,13751
Menard County,Illinois,11996
Mercer County,Illinois,15456
Monroe County,Illinois,35144
Montgomery County,Illinois,27756
Morgan County,Illinois,32773
Moultrie County,Illinois,14327
Ogle County,Illinois,51391
Peoria County,Illinois,178735
Perry County,Illinois,20499
Piatt County,Illinois,16720
Pike County,Illinois,14339
Pope County,Illinois,3715
Pulaski County,Illinois,4957
Putnam County,Illinois,5588
Randolph County,Illinois,29993
Richland County,Illinois,15502
Rock Island County,Illinois,141939
St Clair County,Illinois,252094
Saline County,Illinois,22988
Sangamon County,Illinois,194216
Schuyler County,Illinois,6725
Scott County,Illinois,4850
Shelby County,Illinois,20593
Stark County,Illinois,5267
Stephenson County,Illinois,43347
Tazewell County,Illinois,129835
Union County,Illinois,16866
Vermilion County,Illinois,71551
Wabash County,Illinois,11032
Warren County,Illinois,16224
Washington County,Illinois,13570
Wayne County,Illinois,15875
White County,Illinois,13482
Whiteside County,Illinois,54582
Will County,Illinois,703383
Williamson County,Illinois,66737
Winnebago County,Illinois,282214
Woodford County,Illinois,38387
Adams County,Indiana,36469
Allen County,Indiana,395131
Bartholomew County,Indiana,84248
Benton County,Indiana,8761
Blackford County,Indiana,11875
Boone County,Indiana,76195
Brown County,Indiana,15691
Carroll County,Indiana,20570
Cass County,Indiana,37802
Clark County,Indiana,125686
Clay County,Indiana,26419
Clinton County,Indiana,32879
Crawford County,Indiana,10442
Daviess County,Indiana,33801
Dearborn County,Indiana,51414
Decatur County,Indiana,26395
DeKalb County,Indiana,44177
Delaware County,Indiana,112448
Dubois County,Indiana,43678
Elkhart County,Indiana,206963
Fayette County,Indiana,23256
Floyd County,Indiana,80882
Fountain County,Indiana,16674
Franklin County,Indiana,23174
Fulton County,Indiana,20319
Gibson County,Indiana,32919
Grant County,Indiana,66303
Greene County,Indiana,31132
Hamilton County,Indiana,372588
Hancock County,Indiana,86176
Harrison County,Indiana,40011
Hendricks County,Indiana,187141
Henry County,Indiana,48993
Howard County,Indiana,83857
Huntington County,Indiana,36818
Jackson County,Indiana,46787
Jasper County,Indiana,33456
Jay County,Indiana,20069
Jefferson County,Indiana,32938
Jennings County,Indiana,27614
Johnson County,Indiana,168305
Knox County,Indiana,36027
Kosciusko County,Indiana,80441
LaGrange County,Indiana,40979
Lake County,Indiana,500591
LaPorte County,Indiana,111586
Lawrence County,Indiana,45034
Madison County,Indiana,132746
Marion County,Indiana,975654
Marshall County,Indiana,46323
Martin County,Indiana,9862
Miami County,Indiana,35477
Monroe County,Indiana,141052
Montgomery County,Indiana,38571
Morgan County,Indiana,73100
Newton County,Indiana,14033
Noble County,Indiana,47508
Ohio County,Indiana,5993
Orange County,Indiana,19711
Owen County,Indiana,21775
Parke County,Indiana,16483
Perry County,Indiana,19291
Pike County,Indiana,12089
Porter County,Indiana,175289
Posey County,Indiana,25047
Pulaski County,Indiana,12434
Putnam County,Indiana,37578
Randolph County,Indiana,24360
Ripley County,Indiana,29208
Rush County,Indiana,16815
St Joseph County,Indiana,273658
Scott County,Indiana,24625
Shelby County,Indiana,45281
Spencer County,Indiana,20018
Starke County,Indiana,23334
Steuben County,Indiana,34876
Sullivan County,Indiana,20822
Switzerland County,Indiana,9965
Tippecanoe County,Indiana,190482
Tipton County,Indiana,15295
Union County,Indiana,6972
Vanderburgh County,Indiana,179942
Vermillion County,Indiana,15363
Vigo County,Indiana,106053
Wabash County,Indiana,30762
Warren County,Indiana,8498
Warrick County,Indiana,66013
Washington County,Indiana,28189
Wayne County,Indiana,66273
Wells County,Indiana,28636
White County,Indiana,24775
Whitley County,Indiana,34786
Adair County,Iowa,7399
Adams County,Iowa,3553
Allamakee County,Iowa,14168
Appanoose County,Iowa,12129
Audubon County,Iowa,5533
Benton County,Iowa,25769
Black Hawk County,Iowa,131179
Boone County,Iowa,26567
Bremer County,Iowa,25304
Buchanan County,Iowa,20725
Buena Vista County,Iowa,20698
Butler County,Iowa,14225
Calhoun County,Iowa,9790
Carroll County,Iowa,20512
Cass County,Iowa,13131
Cedar County,Iowa,18269
Cerro Gordo County,Iowa,42470
Cherokee County,Iowa,11652
Chickasaw County,Iowa,11694
Clarke County,Iowa,9631
Clay County,Iowa,16530
Clayton County,Iowa,16985
Clinton County,Iowa,46134
Crawford County,Iowa,16138
Dallas County,Iowa,111593
Davis County,Iowa,9165
Decatur County,Iowa,7781
Delaware County,Iowa,17583
Des Moines County,Iowa,38360
Dickinson County,Iowa,18087
Dubuque County,Iowa,98988
Emmet County,Iowa,9277
Fayette County,Iowa,19239
Floyd County,Iowa,15266
Franklin County,Iowa,9895
Fremont County,Iowa,6458
Greene County,Iowa,8597
Grundy County,Iowa,12412
Guthrie County,Iowa,10763
Hamilton County,Iowa,14848
Hancock County,Iowa,10631
Hardin County,Iowa,16523
Harrison County,Iowa,14638
Henry County,Iowa,19573
Howard County,Iowa,9357
Humboldt County,Iowa,9564
Ida County,Iowa,6835
Iowa County,Iowa,16386
Jackson County,Iowa,19353
Jasper County,Iowa,37991
Jefferson County,Iowa,15626
Johnson County,Iowa,158202
Jones County,Iowa,20917
Keokuk County,Iowa,9947
Kossuth County,Iowa,14410
Lee County,Iowa,32509
Linn County,Iowa,229402
Louisa County,Iowa,10540
Lucas County,Iowa,8775
Lyon County,Iowa,12288
Madison County,Iowa,16999
Mahaska County,Iowa,21967
Marion County,Iowa,33718
Marshall County,Iowa,40230
Mills County,Iowa,14642
Mitchell County,Iowa,10544
Monona County,Iowa,8503
Monroe County,Iowa,7486
Montgomery County,Iowa,10148
Muscatine County,Iowa,42316
'O''Brien County',Iowa,14067
Osceola County,Iowa,6016
Page County,Iowa,15012
Palo Alto County,Iowa,8807
Plymouth County,Iowa,25765
Pocahontas County,Iowa,7024
Polk County,Iowa,507487
Pottawattamie County,Iowa,93353
Poweshiek County,Iowa,18497
Ringgold County,Iowa,4646
Sac County,Iowa,9663
Scott County,Iowa,174589
Shelby County,Iowa,11823
Sioux County,Iowa,36399
Story County,Iowa,101501
Tama County,Iowa,16787
Taylor County,Iowa,5917
Union County,Iowa,11913
Van Buren County,Iowa,7266
Wapello County,Iowa,35417
Warren County,Iowa,55298
Washington County,Iowa,22554
Wayne County,Iowa,6542
Webster County,Iowa,36653
Winnebago County,Iowa,10563
Winneshiek County,Iowa,19728
Woodbury County,Iowa,106544
Worth County,Iowa,7322
Wright County,Iowa,12744
Allen County,Kansas,12466
Anderson County,Kansas,7813
Atchison County,Kansas,16142
Barber County,Kansas,4078
Barton County,Kansas,24901
Bourbon County,Kansas,14432
Brown County,Kansas,9267
Butler County,Kansas,68638
Chase County,Kansas,2555
Chautauqua County,Kansas,3360
Cherokee County,Kansas,19095
Cheyenne County,Kansas,2634
Clark County,Kansas,1861
Clay County,Kansas,7996
Cloud County,Kansas,8849
Coffey County,Kansas,8272
Comanche County,Kansas,1674
Cowley County,Kansas,34245
Crawford County,Kansas,38969
Decatur County,Kansas,2732
Dickinson County,Kansas,18432
Doniphan County,Kansas,7530
Douglas County,Kansas,121179
Edwards County,Kansas,2731
Elk County,Kansas,2478
Ellis County,Kansas,28920
Ellsworth County,Kansas,6387
Finney County,Kansas,37999
Ford County,Kansas,34047
Franklin County,Kansas,26223
Geary County,Kansas,35192
Gove County,Kansas,2733
Graham County,Kansas,2371
Grant County,Kansas,7158
Gray County,Kansas,5765
Greeley County,Kansas,1174
Greenwood County,Kansas,5909
Hamilton County,Kansas,2459
Harper County,Kansas,5392
Harvey County,Kansas,33635
Haskell County,Kansas,3630
Hodgeman County,Kansas,1681
Jackson County,Kansas,13392
Jefferson County,Kansas,18307
Jewell County,Kansas,2901
Johnson County,Kansas,625444
Kearny County,Kansas,3803
Kingman County,Kansas,7091
Kiowa County,Kansas,2404
Labette County,Kansas,19833
Lane County,Kansas,1533
Leavenworth County,Kansas,83735
Lincoln County,Kansas,2924
Linn County,Kansas,9885
Logan County,Kansas,2678
Lyon County,Kansas,32267
McPherson County,Kansas,30236
Marion County,Kansas,11768
Marshall County,Kansas,9963
Meade County,Kansas,3911
Miami County,Kansas,35333
Mitchell County,Kansas,5789
Montgomery County,Kansas,30756
Morris County,Kansas,5289
Morton County,Kansas,2592
Nemaha County,Kansas,10094
Neosho County,Kansas,15451
Ness County,Kansas,2639
Norton County,Kansas,5314
Osage County,Kansas,15798
Osborne County,Kansas,3440
Ottawa County,Kansas,5842
Pawnee County,Kansas,6068
Phillips County,Kansas,4762
Pottawatomie County,Kansas,26506
Pratt County,Kansas,9107
Rawlins County,Kansas,2480
Reno County,Kansas,61419
Republic County,Kansas,4608
Rice County,Kansas,9305
Riley County,Kansas,71673
Rooks County,Kansas,4776
Rush County,Kansas,2833
Russell County,Kansas,6683
Saline County,Kansas,53342
Scott County,Kansas,4962
Sedgwick County,Kansas,530254
Seward County,Kansas,21209
Shawnee County,Kansas,177596
Sheridan County,Kansas,2409
Sherman County,Kansas,5791
Smith County,Kansas,3541
Stafford County,Kansas,3948
Stanton County,Kansas,2012
Stevens County,Kansas,5074
Sumner County,Kansas,22393
Thomas County,Kansas,7858
Trego County,Kansas,2758
Wabaunsee County,Kansas,7073
Wallace County,Kansas,1501
Washington County,Kansas,5553
Wichita County,Kansas,2093
Wilson County,Kansas,8438
Woodson County,Kansas,3127
Wyandotte County,Kansas,166932
Adair County,Kentucky,19306
Allen County,Kentucky,21779
Anderson County,Kentucky,24618
Ballard County,Kentucky,7608
Barren County,Kentucky,45132
Bath County,Kentucky,12972
Bell County,Kentucky,23208
Boone County,Kentucky,141511
Bourbon County,Kentucky,20220
Boyd County,Kentucky,47771
Boyle County,Kentucky,31096
Bracken County,Kentucky,8435
Breathitt County,Kentucky,12962
Breckinridge County,Kentucky,21117
Bullitt County,Kentucky,85000
Butler County,Kentucky,12430
Caldwell County,Kentucky,12561
Calloway County,Kentucky,38520
Campbell County,Kentucky,93859
Carlisle County,Kentucky,4742
Carroll County,Kentucky,10986
Carter County,Kentucky,26255
Casey County,Kentucky,15887
Christian County,Kentucky,71235
Clark County,Kentucky,37337
Clay County,Kentucky,19658
Clinton County,Kentucky,9178
Crittenden County,Kentucky,8996
Cumberland County,Kentucky,5980
Daviess County,Kentucky,103927
Edmonson County,Kentucky,12466
Elliott County,Kentucky,7271
Estill County,Kentucky,13937
Fayette County,Kentucky,324624
Fleming County,Kentucky,15405
Floyd County,Kentucky,34971
Franklin County,Kentucky,51826
Fulton County,Kentucky,6378
Gallatin County,Kentucky,8823
Garrard County,Kentucky,17888
Grant County,Kentucky,25596
Graves County,Kentucky,36600
Grayson County,Kentucky,26806
Green County,Kentucky,11454
Greenup County,Kentucky,35299
Hancock County,Kentucky,8936
Hardin County,Kentucky,112396
Harlan County,Kentucky,25302
Harrison County,Kentucky,19409
Hart County,Kentucky,19726
Henderson County,Kentucky,44127
Henry County,Kentucky,15951
Hickman County,Kentucky,4423
Hopkins County,Kentucky,44985
Jackson County,Kentucky,13138
Jefferson County,Kentucky,783381
Jessamine County,Kentucky,55511
Johnson County,Kentucky,22139
Kenton County,Kentucky,172248
Knott County,Kentucky,13660
Knox County,Kentucky,29723
Larue County,Kentucky,15328
Laurel County,Kentucky,63352
Lawrence County,Kentucky,15974
Lee County,Kentucky,7301
Leslie County,Kentucky,9865
Letcher County,Kentucky,20414
Lewis County,Kentucky,12956
Lincoln County,Kentucky,24738
Livingston County,Kentucky,8889
Logan County,Kentucky,28285
Lyon County,Kentucky,9190
McCracken County,Kentucky,67456
McCreary County,Kentucky,17069
McLean County,Kentucky,9076
Madison County,Kentucky,97599
Magoffin County,Kentucky,11202
Marion County,Kentucky,19840
Marshall County,Kentucky,31717
Martin County,Kentucky,10927
Mason County,Kentucky,16857
Meade County,Kentucky,30166
Menifee County,Kentucky,6279
Mercer County,Kentucky,23189
Metcalfe County,Kentucky,10495
Monroe County,Kentucky,11271
Montgomery County,Kentucky,28531
Morgan County,Kentucky,14385
Muhlenberg County,Kentucky,30527
Nelson County,Kentucky,47981
Nicholas County,Kentucky,7674
Ohio County,Kentucky,23719
Oldham County,Kentucky,70308
Owen County,Kentucky,11309
Owsley County,Kentucky,3984
Pendleton County,Kentucky,14804
Perry County,Kentucky,27082
Pike County,Kentucky,55998
Powell County,Kentucky,13003
Pulaski County,Kentucky,66219
Robertson County,Kentucky,2334
Rockcastle County,Kentucky,16171
Rowan County,Kentucky,24503
Russell County,Kentucky,18308
Scott County,Kentucky,60600
Shelby County,Kentucky,49617
Simpson County,Kentucky,20223
Spencer County,Kentucky,20557
Taylor County,Kentucky,26582
Todd County,Kentucky,12576
Trigg County,Kentucky,14370
Trimble County,Kentucky,8616
Union County,Kentucky,13116
Warren County,Kentucky,143929
Washington County,Kentucky,12257
Wayne County,Kentucky,19630
Webster County,Kentucky,12753
Whitley County,Kentucky,36917
Wolfe County,Kentucky,6370
Woodford County,Kentucky,27522
Acadia Parish,Louisiana,56649
Allen Parish,Louisiana,22304
Ascension Parish,Louisiana,131954
Assumption Parish,Louisiana,20223
Avoyelles Parish,Louisiana,38520
Beauregard Parish,Louisiana,36812
Bienville Parish,Louisiana,12440
Bossier Parish,Louisiana,130380
Caddo Parish,Louisiana,226460
Calcasieu Parish,Louisiana,204474
Caldwell Parish,Louisiana,9402
Cameron Parish,Louisiana,4773
Catahoula Parish,Louisiana,8438
Claiborne Parish,Louisiana,13643
Concordia Parish,Louisiana,18009
De Soto Parish,Louisiana,27161
East Baton Rouge Parish,Louisiana,450943
East Carroll Parish,Louisiana,6879
East Feliciana Parish,Louisiana,19258
Evangeline Parish,Louisiana,31945
Franklin Parish,Louisiana,19265
Grant Parish,Louisiana,21929
Iberia Parish,Louisiana,67702
Iberville Parish,Louisiana,29794
Jackson Parish,Louisiana,14867
Jefferson Parish,Louisiana,425657
Jefferson Davis Parish,Louisiana,31620
Lafayette Parish,Louisiana,250486
Lafourche Parish,Louisiana,95146
LaSalle Parish,Louisiana,14764
Lincoln Parish,Louisiana,48133
Livingston Parish,Louisiana,150570
Madison Parish,Louisiana,9268
Morehouse Parish,Louisiana,24055
Natchitoches Parish,Louisiana,36391
Orleans Parish,Louisiana,365167
Ouachita Parish,Louisiana,157712
Plaquemines Parish,Louisiana,22356
Pointe Coupee Parish,Louisiana,19995
Rapides Parish,Louisiana,126453
Red River Parish,Louisiana,7395
Richland Parish,Louisiana,19744
Sabine Parish,Louisiana,21936
St Bernard Parish,Louisiana,44645
St Charles Parish,Louisiana,50547
St Helena Parish,Louisiana,10815
St James Parish,Louisiana,19218
St John the Baptist Parish,Louisiana,39615
St Landry Parish,Louisiana,81329
St Martin Parish,Louisiana,51122
St Mary Parish,Louisiana,47131
St Tammany Parish,Louisiana,275801
Tangipahoa Parish,Louisiana,137999
Tensas Parish,Louisiana,3848
Terrebonne Parish,Louisiana,104036
Union Parish,Louisiana,20686
Vermilion Parish,Louisiana,57181
Vernon Parish,Louisiana,46247
Washington Parish,Louisiana,44951
Webster Parish,Louisiana,35444
West Baton Rouge Parish,Louisiana,28338
West Carroll Parish,Louisiana,9307
West Feliciana Parish,Louisiana,15327
Winn Parish,Louisiana,13412
Androscoggin County,Maine,114477
Aroostook County,Maine,67149
Cumberland County,Maine,311258
Franklin County,Maine,30826
Hancock County,Maine,56801
Kennebec County,Maine,127936
Knox County,Maine,41044
Lincoln County,Maine,36460
Oxford County,Maine,60115
Penobscot County,Maine,156329
Piscataquis County,Maine,17486
Sagadahoc County,Maine,37541
Somerset County,Maine,51171
Waldo County,Maine,40490
Washington County,Maine,31446
York County,Maine,219117
Allegany County,Maryland,67296
Anne Arundel County,Maryland,599965
Baltimore County,Maryland,848676
Calvert County,Maryland,94828
Caroline County,Maryland,33838
Carroll County,Maryland,176735
Cecil County,Maryland,105676
Charles County,Maryland,172268
Dorchester County,Maryland,32922
Frederick County,Maryland,294154
Garrett County,Maryland,28502
Harford County,Maryland,264771
Howard County,Maryland,337341
Kent County,Maryland,19441
Montgomery County,Maryland,1069397
'Prince George''s County',Maryland,956533
'Queen Anne''s County',Maryland,52682
'St Mary''s County',Maryland,115479
Somerset County,Maryland,25044
Talbot County,Maryland,38067
Washington County,Maryland,156116
Wicomico County,Maryland,105585
Worcester County,Maryland,54229
Baltimore City,Maryland,567517
Barnstable County,Massachusetts,232759
Berkshire County,Massachusetts,128863
Bristol County,Massachusetts,585053
Dukes County,Massachusetts,20879
Essex County,Massachusetts,816197
Franklin County,Massachusetts,70860
Hampden County,Massachusetts,462128
Hampshire County,Massachusetts,165686
Middlesex County,Massachusetts,1644932
Nantucket County,Massachusetts,14534
Norfolk County,Massachusetts,732379
Plymouth County,Massachusetts,537807
Suffolk County,Massachusetts,781678
Worcester County,Massachusetts,872813
Alcona County,Michigan,10513
Alger County,Michigan,8740
Allegan County,Michigan,121874
Alpena County,Michigan,28870
Antrim County,Michigan,24466
Arenac County,Michigan,15152
Baraga County,Michigan,8222
Barry County,Michigan,63881
Bay County,Michigan,102774
Benzie County,Michigan,18460
Berrien County,Michigan,152651
Branch County,Michigan,45613
Calhoun County,Michigan,133505
Cass County,Michigan,51566
Charlevoix County,Michigan,26089
Cheboygan County,Michigan,26078
Chippewa County,Michigan,36340
Clare County,Michigan,31376
Clinton County,Michigan,79823
Crawford County,Michigan,13557
Delta County,Michigan,36846
Dickinson County,Michigan,26069
Eaton County,Michigan,109072
Emmet County,Michigan,34039
Genesee County,Michigan,401711
Gladwin County,Michigan,25959
Gogebic County,Michigan,14263
Grand Traverse County,Michigan,96457
Gratiot County,Michigan,41434
Hillsdale County,Michigan,45616
Houghton County,Michigan,37847
Huron County,Michigan,30943
Ingham County,Michigan,287710
Ionia County,Michigan,66104
Iosco County,Michigan,25361
Iron County,Michigan,11722
Isabella County,Michigan,64485
Jackson County,Michigan,159835
Kalamazoo County,Michigan,263297
Kalkaska County,Michigan,18422
Kent County,Michigan,665109
Keweenaw County,Michigan,2181
Lake County,Michigan,12766
Lapeer County,Michigan,89060
Leelanau County,Michigan,22970
Lenawee County,Michigan,97621
Livingston County,Michigan,196772
Luce County,Michigan,6389
Mackinac County,Michigan,10942
Macomb County,Michigan,879271
Manistee County,Michigan,25485
Marquette County,Michigan,67654
Mason County,Michigan,29199
Mecosta County,Michigan,41722
Menominee County,Michigan,23123
Midland County,Michigan,84007
Missaukee County,Michigan,15325
Monroe County,Michigan,155590
Montcalm County,Michigan,68431
Montmorency County,Michigan,9714
Muskegon County,Michigan,176476
Newaygo County,Michigan,51189
Oakland County,Michigan,1281836
Oceana County,Michigan,27010
Ogemaw County,Michigan,20983
Ontonagon County,Michigan,5857
Osceola County,Michigan,23289
Oscoda County,Michigan,8572
Otsego County,Michigan,25785
Ottawa County,Michigan,303575
Presque Isle County,Michigan,13278
Roscommon County,Michigan,23920
Saginaw County,Michigan,187769
St Clair County,Michigan,160280
St Joseph County,Michigan,61062
Sanilac County,Michigan,40434
Schoolcraft County,Michigan,8167
Shiawassee County,Michigan,68005
Tuscola County,Michigan,52856
Van Buren County,Michigan,75905
Washtenaw County,Michigan,370398
Wayne County,Michigan,1762371
Wexford County,Michigan,34266
Aitkin County,Minnesota,16139
Anoka County,Minnesota,373090
Becker County,Minnesota,35330
Beltrami County,Minnesota,46635
Benton County,Minnesota,41617
Big Stone County,Minnesota,5095
Blue Earth County,Minnesota,70396
Brown County,Minnesota,25699
Carlton County,Minnesota,36717
Carver County,Minnesota,111180
Cass County,Minnesota,31393
Chippewa County,Minnesota,12265
Chisago County,Minnesota,58657
Clay County,Minnesota,66425
Clearwater County,Minnesota,8680
Cook County,Minnesota,5643
Cottonwood County,Minnesota,11417
Crow Wing County,Minnesota,68286
Dakota County,Minnesota,448495
Dodge County,Minnesota,21113
Douglas County,Minnesota,39874
Faribault County,Minnesota,13926
Fillmore County,Minnesota,21512
Freeborn County,Minnesota,30433
Goodhue County,Minnesota,48050
Grant County,Minnesota,6155
Hennepin County,Minnesota,1263210
Houston County,Minnesota,18577
Hubbard County,Minnesota,22045
Isanti County,Minnesota,43212
Itasca County,Minnesota,45518
Jackson County,Minnesota,9904
Kanabec County,Minnesota,16639
Kandiyohi County,Minnesota,44277
Kittson County,Minnesota,4020
Koochiching County,Minnesota,11750
Lac qui Parle County,Minnesota,6684
Lake County,Minnesota,10861
Lake of the Woods County,Minnesota,3804
Le Sueur County,Minnesota,29334
Lincoln County,Minnesota,5594
Lyon County,Minnesota,25503
McLeod County,Minnesota,36850
Mahnomen County,Minnesota,5332
Marshall County,Minnesota,8822
Martin County,Minnesota,19728
Meeker County,Minnesota,23485
Mille Lacs County,Minnesota,27418
Morrison County,Minnesota,34366
Mower County,Minnesota,40352
Murray County,Minnesota,8087
Nicollet County,Minnesota,34320
Nobles County,Minnesota,21921
Norman County,Minnesota,6318
Olmsted County,Minnesota,165119
Otter Tail County,Minnesota,60687
Pennington County,Minnesota,13732
Pine County,Minnesota,30124
Pipestone County,Minnesota,9235
Polk County,Minnesota,30438
Pope County,Minnesota,11419
Ramsey County,Minnesota,538474
Red Lake County,Minnesota,3913
Redwood County,Minnesota,15320
Renville County,Minnesota,14509
Rice County,Minnesota,68420
Rock County,Minnesota,9601
Roseau County,Minnesota,15293
St Louis County,Minnesota,200618
Scott County,Minnesota,155986
Sherburne County,Minnesota,102313
Sibley County,Minnesota,15131
Stearns County,Minnesota,162060
Steele County,Minnesota,37476
Stevens County,Minnesota,9834
Swift County,Minnesota,9686
Todd County,Minnesota,25773
Traverse County,Minnesota,3175
Wabasha County,Minnesota,21685
Wadena County,Minnesota,14293
Waseca County,Minnesota,18905
Washington County,Minnesota,279398
Watonwan County,Minnesota,11179
Wilkin County,Minnesota,6330
Winona County,Minnesota,49846
Wright County,Minnesota,151452
Yellow Medicine County,Minnesota,9471
Adams County,Mississippi,28854
Alcorn County,Mississippi,34046
Amite County,Mississippi,12474
Attala County,Mississippi,17346
Benton County,Mississippi,7491
Bolivar County,Mississippi,28850
Calhoun County,Mississippi,12766
Carroll County,Mississippi,9532
Chickasaw County,Mississippi,16838
Choctaw County,Mississippi,8072
Claiborne County,Mississippi,8425
Clarke County,Mississippi,15240
Clay County,Mississippi,18265
Coahoma County,Mississippi,20253
Copiah County,Mississippi,27737
Covington County,Mississippi,18020
DeSoto County,Mississippi,193961
Forrest County,Mississippi,78432
Franklin County,Mississippi,7626
George County,Mississippi,25589
Greene County,Mississippi,13625
Grenada County,Mississippi,21103
Hancock County,Mississippi,46161
Harrison County,Mississippi,211394
Hinds County,Mississippi,214517
Holmes County,Mississippi,15836
Humphreys County,Mississippi,7217
Issaquena County,Mississippi,1280
Itawamba County,Mississippi,24139
Jackson County,Mississippi,146165
Jasper County,Mississippi,15970
Jefferson County,Mississippi,6974
Jefferson Davis County,Mississippi,10997
Jones County,Mississippi,66141
Kemper County,Mississippi,8620
Lafayette County,Mississippi,59400
Lamar County,Mississippi,66207
Lauderdale County,Mississippi,70901
Lawrence County,Mississippi,11718
Leake County,Mississippi,21336
Lee County,Mississippi,82893
Leflore County,Mississippi,26595
Lincoln County,Mississippi,34815
Lowndes County,Mississippi,57369
Madison County,Mississippi,113068
Marion County,Mississippi,24133
Marshall County,Mississippi,34180
Monroe County,Mississippi,33636
Montgomery County,Mississippi,9565
Neshoba County,Mississippi,28908
Newton County,Mississippi,21041
Noxubee County,Mississippi,9938
Oktibbeha County,Mississippi,51721
Panola County,Mississippi,32651
Pearl River County,Mississippi,58198
Perry County,Mississippi,11433
Pike County,Mississippi,39271
Pontotoc County,Mississippi,31761
Prentiss County,Mississippi,25310
Quitman County,Mississippi,5592
Rankin County,Mississippi,160184
Scott County,Mississippi,27619
Sharkey County,Mississippi,3378
Simpson County,Mississippi,25653
Smith County,Mississippi,14108
Stone County,Mississippi,19004
Sunflower County,Mississippi,23940
Tallahatchie County,Mississippi,11517
Tate County,Mississippi,28389
Tippah County,Mississippi,21377
Tishomingo County,Mississippi,18524
Tunica County,Mississippi,9380
Union County,Mississippi,28275
Walthall County,Mississippi,13835
Warren County,Mississippi,42323
Washington County,Mississippi,41902
Wayne County,Mississippi,19743
Webster County,Mississippi,9989
Wilkinson County,Mississippi,7988
Winston County,Mississippi,17476
Yalobusha County,Mississippi,12369
Yazoo County,Mississippi,24603
Adair County,Missouri,25231
Andrew County,Missouri,18109
Atchison County,Missouri,5116
Audrain County,Missouri,24342
Barry County,Missouri,35310
Barton County,Missouri,11743
Bates County,Missouri,16226
Benton County,Missouri,20560
Bollinger County,Missouri,10536
Boone County,Missouri,190138
Buchanan County,Missouri,83201
Butler County,Missouri,41910
Caldwell County,Missouri,8976
Callaway County,Missouri,44818
Camden County,Missouri,44099
Cape Girardeau County,Missouri,83110
Carroll County,Missouri,8367
Carter County,Missouri,5329
Cass County,Missouri,111695
Cedar County,Missouri,14706
Chariton County,Missouri,7403
Christian County,Missouri,94469
Clark County,Missouri,6648
Clay County,Missouri,260150
Clinton County,Missouri,21569
Cole County,Missouri,77318
Cooper County,Missouri,16926
Crawford County,Missouri,22691
Dade County,Missouri,7719
Dallas County,Missouri,17793
Daviess County,Missouri,8554
DeKalb County,Missouri,9899
Dent County,Missouri,14654
Douglas County,Missouri,12224
Dunklin County,Missouri,27066
Franklin County,Missouri,106444
Gasconade County,Missouri,14731
Gentry County,Missouri,6311
Greene County,Missouri,305130
Grundy County,Missouri,9807
Harrison County,Missouri,8216
Henry County,Missouri,22457
Hickory County,Missouri,8715
Holt County,Missouri,4266
Howard County,Missouri,10116
Howell County,Missouri,40707
Iron County,Missouri,9454
Jackson County,Missouri,720283
Jasper County,Missouri,125117
Jefferson County,Missouri,231155
Johnson County,Missouri,55107
Knox County,Missouri,3736
Laclede County,Missouri,36674
Lafayette County,Missouri,33244
Lawrence County,Missouri,38879
Lewis County,Missouri,9840
Lincoln County,Missouri,64707
Linn County,Missouri,11808
Livingston County,Missouri,14595
McDonald County,Missouri,24117
Macon County,Missouri,15173
Madison County,Missouri,12739
Maries County,Missouri,8441
Marion County,Missouri,28312
Mercer County,Missouri,3499
Miller County,Missouri,25566
Mississippi County,Missouri,11852
Moniteau County,Missouri,15245
Monroe County,Missouri,8731
Montgomery County,Missouri,11430
Morgan County,Missouri,21963
New Madrid County,Missouri,15388
Newton County,Missouri,60813
Nodaway County,Missouri,20693
Oregon County,Missouri,8719
Osage County,Missouri,13479
Ozark County,Missouri,8996
Pemiscot County,Missouri,14669
Perry County,Missouri,18950
Pettis County,Missouri,43591
Phelps County,Missouri,45517
Pike County,Missouri,17927
Platte County,Missouri,112112
Polk County,Missouri,32818
Pulaski County,Missouri,53829
Putnam County,Missouri,4639
Ralls County,Missouri,10501
Randolph County,Missouri,24105
Ray County,Missouri,23178
Reynolds County,Missouri,5965
Ripley County,Missouri,10809
St Charles County,Missouri,417958
St Clair County,Missouri,9743
Ste Genevieve County,Missouri,18640
St Francois County,Missouri,67094
St Louis County,Missouri,990875
Saline County,Missouri,23212
Schuyler County,Missouri,4073
Scotland County,Missouri,4698
Scott County,Missouri,37923
Shannon County,Missouri,7254
Shelby County,Missouri,5930
Stoddard County,Missouri,28372
Stone County,Missouri,32680
Sullivan County,Missouri,5841
Taney County,Missouri,56790
Texas County,Missouri,25606
Vernon County,Missouri,19768
Warren County,Missouri,37815
Washington County,Missouri,23542
Wayne County,Missouri,10825
Webster County,Missouri,41481
Worth County,Missouri,1903
Wright County,Missouri,19373
St Louis City,Missouri,282772
Beaverhead County,Montana,9889
Big Horn County,Montana,12825
Blaine County,Montana,6884
Broadwater County,Montana,8063
Carbon County,Montana,11426
Carter County,Montana,1400
Cascade County,Montana,84625
Chouteau County,Montana,5877
Custer County,Montana,12013
Daniels County,Montana,1626
Dawson County,Montana,8820
Deer Lodge County,Montana,9685
Fallon County,Montana,2999
Fergus County,Montana,11816
Flathead County,Montana,113495
Gallatin County,Montana,125929
Garfield County,Montana,1216
Glacier County,Montana,13577
Golden Valley County,Montana,867
Granite County,Montana,3565
Hill County,Montana,16181
Jefferson County,Montana,13086
Judith Basin County,Montana,2099
Lake County,Montana,33255
Lewis and Clark County,Montana,74812
Liberty County,Montana,1959
Lincoln County,Montana,21867
McCone County,Montana,1684
Madison County,Montana,9509
Meagher County,Montana,2057
Mineral County,Montana,5135
Missoula County,Montana,121672
Musselshell County,Montana,5377
Park County,Montana,17938
Petroleum County,Montana,543
Phillips County,Montana,4248
Pondera County,Montana,6108
Powder River County,Montana,1731
Powell County,Montana,7122
Prairie County,Montana,1115
Ravalli County,Montana,47760
Richland County,Montana,11094
Roosevelt County,Montana,10327
Rosebud County,Montana,8123
Sanders County,Montana,13726
Sheridan County,Montana,3490
Silver Bow County,Montana,36193
Stillwater County,Montana,9237
Sweet Grass County,Montana,3749
Teton County,Montana,6439
Toole County,Montana,5128
Treasure County,Montana,767
Valley County,Montana,7475
Wheatland County,Montana,2068
Wibaux County,Montana,904
Yellowstone County,Montana,170727
Adams County,Nebraska,30892
Antelope County,Nebraska,6291
Arthur County,Nebraska,416
Banner County,Nebraska,671
Blaine County,Nebraska,431
Boone County,Nebraska,5320
Box Butte County,Nebraska,10705
Boyd County,Nebraska,1739
Brown County,Nebraska,2877
Buffalo County,Nebraska,50696
Burt County,Nebraska,6730
Butler County,Nebraska,8442
Cass County,Nebraska,27458
Cedar County,Nebraska,8244
Chase County,Nebraska,3761
Cherry County,Nebraska,5527
Cheyenne County,Nebraska,9549
Clay County,Nebraska,6144
Colfax County,Nebraska,10696
Cuming County,Nebraska,8951
Custer County,Nebraska,10612
Dakota County,Nebraska,21340
Dawes County,Nebraska,8145
Dawson County,Nebraska,24393
Deuel County,Nebraska,1879
Dixon County,Nebraska,5530
Dodge County,Nebraska,37477
Douglas County,Nebraska,593645
Dundy County,Nebraska,1565
Fillmore County,Nebraska,5539
Franklin County,Nebraska,2812
Frontier County,Nebraska,2598
Furnas County,Nebraska,4555
Gage County,Nebraska,21637
Garden County,Nebraska,1804
Garfield County,Nebraska,1758
Gosper County,Nebraska,1837
Grant County,Nebraska,567
Greeley County,Nebraska,2218
Hall County,Nebraska,62658
Hamilton County,Nebraska,9528
Harlan County,Nebraska,3046
Hayes County,Nebraska,840
Hitchcock County,Nebraska,2550
Holt County,Nebraska,10152
Hooker County,Nebraska,677
Howard County,Nebraska,6564
Jefferson County,Nebraska,7097
Johnson County,Nebraska,5215
Kearney County,Nebraska,6727
Keith County,Nebraska,8155
Keya Paha County,Nebraska,804
Kimball County,Nebraska,3316
Knox County,Nebraska,8341
Lancaster County,Nebraska,328794
Lincoln County,Nebraska,33457
Logan County,Nebraska,661
Loup County,Nebraska,587
McPherson County,Nebraska,377
Madison County,Nebraska,35727
Merrick County,Nebraska,7746
Morrill County,Nebraska,4531
Nance County,Nebraska,3261
Nemaha County,Nebraska,7064
Nuckolls County,Nebraska,4103
Otoe County,Nebraska,16448
Pawnee County,Nebraska,2511
Perkins County,Nebraska,2802
Phelps County,Nebraska,9099
Pierce County,Nebraska,7304
Platte County,Nebraska,35034
Polk County,Nebraska,5212
Red Willow County,Nebraska,10512
Richardson County,Nebraska,7708
Rock County,Nebraska,1259
Saline County,Nebraska,14651
Sarpy County,Nebraska,200477
Saunders County,Nebraska,23471
Scotts Bluff County,Nebraska,35721
Seward County,Nebraska,17646
Sheridan County,Nebraska,4932
Sherman County,Nebraska,2970
Sioux County,Nebraska,1151
Stanton County,Nebraska,5825
Thayer County,Nebraska,4855
Thomas County,Nebraska,675
Thurston County,Nebraska,6562
Valley County,Nebraska,4029
Washington County,Nebraska,21182
Wayne County,Nebraska,9882
Webster County,Nebraska,3344
Wheeler County,Nebraska,787
York County,Nebraska,14386
Churchill County,Nevada,25915
Clark County,Nevada,2354285
Douglas County,Nevada,49422
Elko County,Nevada,54383
Esmeralda County,Nevada,725
Eureka County,Nevada,1898
Humboldt County,Nevada,17160
Lander County,Nevada,5809
Lincoln County,Nevada,4424
Lyon County,Nevada,62656
Mineral County,Nevada,4524
Nye County,Nevada,55708
Pershing County,Nevada,6403
Storey County,Nevada,4171
Washoe County,Nevada,500159
White Pine County,Nevada,8495
Carson City,Nevada,58226
Belknap County,New Hampshire,65019
Carroll County,New Hampshire,52373
Cheshire County,New Hampshire,77632
Coos County,New Hampshire,31209
Grafton County,New Hampshire,92909
Hillsborough County,New Hampshire,427719
Merrimack County,New Hampshire,157059
Rockingham County,New Hampshire,320665
Strafford County,New Hampshire,133608
Sullivan County,New Hampshire,44006
Atlantic County,New Jersey,276937
Bergen County,New Jersey,966484
Burlington County,New Jersey,470561
Camden County,New Jersey,529576
Cape May County,New Jersey,94643
Cumberland County,New Jersey,153338
Essex County,New Jersey,864310
Gloucester County,New Jersey,308840
Hudson County,New Jersey,721320
Hunterdon County,New Jersey,130633
Mercer County,New Jersey,386296
Middlesex County,New Jersey,876119
Monmouth County,New Jersey,644941
Morris County,New Jersey,517738
Ocean County,New Jersey,660445
Passaic County,New Jersey,520219
Salem County,New Jersey,65429
Somerset County,New Jersey,352095
Sussex County,New Jersey,146294
Union County,New Jersey,582080
Warren County,New Jersey,111344
Bernalillo County,New Mexico,672572
Catron County,New Mexico,3803
Chaves County,New Mexico,63668
Cibola County,New Mexico,26741
Colfax County,New Mexico,12312
Curry County,New Mexico,47321
De Baca County,New Mexico,1672
Doña Ana County,New Mexico,226534
Eddy County,New Mexico,60654
Grant County,New Mexico,27512
Guadalupe County,New Mexico,4334
Harding County,New Mexico,643
Hidalgo County,New Mexico,3979
Lea County,New Mexico,73503
Lincoln County,New Mexico,20047
Los Alamos County,New Mexico,19420
Luna County,New Mexico,25573
McKinley County,New Mexico,69073
Mora County,New Mexico,4125
Otero County,New Mexico,69354
Quay County,New Mexico,8553
Rio Arriba County,New Mexico,39921
Roosevelt County,New Mexico,18879
Sandoval County,New Mexico,155943
San Juan County,New Mexico,120907
San Miguel County,New Mexico,26633
Santa Fe County,New Mexico,156507
Sierra County,New Mexico,11535
Socorro County,New Mexico,16028
Taos County,New Mexico,34484
Torrance County,New Mexico,15699
Union County,New Mexico,3972
Valencia County,New Mexico,79263
Albany County,New York,318000
Allegany County,New York,47327
Bronx County,New York,1375266
Broome County,New York,196383
Cattaraugus County,New York,75680
Cayuga County,New York,74575
Chautauqua County,New York,124742
Chemung County,New York,81279
Chenango County,New York,45875
Clinton County,New York,77883
Columbia County,New York,60616
Cortland County,New York,45957
Delaware County,New York,44514
Dutchess County,New York,298224
Erie County,New York,948386
Essex County,New York,36796
Franklin County,New York,46276
Fulton County,New York,52253
Genesee County,New York,57634
Greene County,New York,47096
Hamilton County,New York,5070
Herkimer County,New York,59571
Jefferson County,New York,113575
Kings County,New York,2592937
Lewis County,New York,26584
Livingston County,New York,61248
Madison County,New York,67152
Monroe County,New York,750901
Montgomery County,New York,49580
Nassau County,New York,1386052
New York County,New York,1633229
Niagara County,New York,209684
Oneida County,New York,228010
Onondaga County,New York,469226
Ontario County,New York,112605
Orange County,New York,408427
Orleans County,New York,39390
Oswego County,New York,117889
Otsego County,New York,60519
Putnam County,New York,97988
Queens County,New York,2294682
Rensselaer County,New York,159846
Richmond County,New York,494774
Rockland County,New York,343310
St Lawrence County,New York,106727
Saratoga County,New York,238873
Schenectady County,New York,160378
Schoharie County,New York,30126
Schuyler County,New York,17446
Seneca County,New York,32416
Steuben County,New York,92087
Suffolk County,New York,1529029
Sullivan County,New York,80190
Tioga County,New York,47593
Tompkins County,New York,105505
Ulster County,New York,182906
Warren County,New York,65508
Washington County,New York,60032
Wayne County,New York,90671
Westchester County,New York,996926
Wyoming County,New York,39530
Yates County,New York,24413
Alamance County,North Carolina,179617
Alexander County,North Carolina,36427
Alleghany County,North Carolina,11340
Anson County,North Carolina,22381
Ashe County,North Carolina,27068
Avery County,North Carolina,17711
Beaufort County,North Carolina,44410
Bertie County,North Carolina,17013
Bladen County,North Carolina,29505
Brunswick County,North Carolina,159855
Buncombe County,North Carolina,276789
Burke County,North Carolina,88147
Cabarrus County,North Carolina,240608
Caldwell County,North Carolina,80579
Camden County,North Carolina,11132
Carteret County,North Carolina,69712
Caswell County,North Carolina,22479
Catawba County,North Carolina,164955
Chatham County,North Carolina,81992
Cherokee County,North Carolina,29952
Chowan County,North Carolina,13894
Clay County,North Carolina,11873
Cleveland County,North Carolina,101561
Columbus County,North Carolina,50140
Craven County,North Carolina,103329
Cumberland County,North Carolina,338411
Currituck County,North Carolina,31609
Dare County,North Carolina,38181
Davidson County,North Carolina,174887
Davie County,North Carolina,44594
Duplin County,North Carolina,49819
Durham County,North Carolina,337238
Edgecombe County,North Carolina,48946
Forsyth County,North Carolina,393835
Franklin County,North Carolina,77092
Gaston County,North Carolina,238153
Gates County,North Carolina,10354
Graham County,North Carolina,8079
Granville County,North Carolina,61362
Greene County,North Carolina,20644
Guilford County,North Carolina,552880
Halifax County,North Carolina,47068
Harnett County,North Carolina,141792
Haywood County,North Carolina,62922
Henderson County,North Carolina,119576
Hertford County,North Carolina,19234
Hoke County,North Carolina,54587
Hyde County,North Carolina,4638
Iredell County,North Carolina,200311
Jackson County,North Carolina,45050
Johnston County,North Carolina,242358
Jones County,North Carolina,9448
Lee County,North Carolina,67421
Lenoir County,North Carolina,54967
Lincoln County,North Carolina,95786
McDowell County,North Carolina,44968
Macon County,North Carolina,38430
Madison County,North Carolina,22039
Martin County,North Carolina,21484
Mecklenburg County,North Carolina,1176228
Mitchell County,North Carolina,15003
Montgomery County,North Carolina,26241
Moore County,North Carolina,107072
Nash County,North Carolina,96796
New Hanover County,North Carolina,240054
Northampton County,North Carolina,16705
Onslow County,North Carolina,211184
Orange County,North Carolina,152239
Pamlico County,North Carolina,12450
Pasquotank County,North Carolina,41180
Pender County,North Carolina,68356
Perquimans County,North Carolina,13367
Person County,North Carolina,39832
Pitt County,North Carolina,178956
Polk County,North Carolina,20030
Randolph County,North Carolina,147641
Richmond County,North Carolina,42003
Robeson County,North Carolina,117705
Rockingham County,North Carolina,92638
Rowan County,North Carolina,151883
Rutherford County,North Carolina,65369
Sampson County,North Carolina,59742
Scotland County,North Carolina,33660
Stanly County,North Carolina,65818
Stokes County,North Carolina,45486
Surry County,North Carolina,71457
Swain County,North Carolina,13923
Transylvania County,North Carolina,33934
Tyrrell County,North Carolina,3520
Union County,North Carolina,257510
Vance County,North Carolina,42329
Wake County,North Carolina,1203394
Warren County,North Carolina,18762
Washington County,North Carolina,10739
Watauga County,North Carolina,55420
Wayne County,North Carolina,119570
Wilkes County,North Carolina,66017
Wilson County,North Carolina,79606
Yadkin County,North Carolina,37798
Yancey County,North Carolina,18940
Adams County,North Dakota,2143
Barnes County,North Dakota,10767
Benson County,North Dakota,5778
Billings County,North Dakota,1036
Bottineau County,North Dakota,6335
Bowman County,North Dakota,2870
Burke County,North Dakota,2147
Burleigh County,North Dakota,101484
Cass County,North Dakota,198157
Cavalier County,North Dakota,3605
Dickey County,North Dakota,4940
Divide County,North Dakota,2148
Dunn County,North Dakota,4051
Eddy County,North Dakota,2278
Emmons County,North Dakota,3241
Foster County,North Dakota,3334
Golden Valley County,North Dakota,1760
Grand Forks County,North Dakota,73198
Grant County,North Dakota,2249
Griggs County,North Dakota,2250
Hettinger County,North Dakota,2418
Kidder County,North Dakota,2360
LaMoure County,North Dakota,4068
Logan County,North Dakota,1886
McHenry County,North Dakota,5152
McIntosh County,North Dakota,2488
McKenzie County,North Dakota,14282
McLean County,North Dakota,9836
Mercer County,North Dakota,8322
Morton County,North Dakota,34047
Mountrail County,North Dakota,9427
Nelson County,North Dakota,3010
Oliver County,North Dakota,1873
Pembina County,North Dakota,6690
Pierce County,North Dakota,3910
Ramsey County,North Dakota,11517
Ransom County,North Dakota,5606
Renville County,North Dakota,2325
Richland County,North Dakota,16604
Rolette County,North Dakota,11766
Sargent County,North Dakota,3794
Sheridan County,North Dakota,1277
Sioux County,North Dakota,3659
Slope County,North Dakota,679
Stark County,North Dakota,33117
Steele County,North Dakota,1766
Stutsman County,North Dakota,21522
Towner County,North Dakota,2036
Traill County,North Dakota,7957
Walsh County,North Dakota,10293
Ward County,North Dakota,68419
Wells County,North Dakota,3866
Williams County,North Dakota,39304
Adams County,Ohio,27542
Allen County,Ohio,100851
Ashland County,Ohio,52183
Ashtabula County,Ohio,96962
Athens County,Ohio,62969
Auglaize County,Ohio,46018
Belmont County,Ohio,64980
Brown County,Ohio,43834
Butler County,Ohio,395593
Carroll County,Ohio,26754
Champaign County,Ohio,38857
Clark County,Ohio,134735
Clermont County,Ohio,212202
Clinton County,Ohio,41972
Columbiana County,Ohio,100137
Coshocton County,Ohio,36866
Crawford County,Ohio,41591
Cuyahoga County,Ohio,1238679
Darke County,Ohio,51432
Defiance County,Ohio,38437
Delaware County,Ohio,232732
Erie County,Ohio,74125
Fairfield County,Ohio,165630
Fayette County,Ohio,28831
Franklin County,Ohio,1338903
Fulton County,Ohio,41951
Gallia County,Ohio,28964
Geauga County,Ohio,95389
Greene County,Ohio,170335
Guernsey County,Ohio,38126
Hamilton County,Ohio,831559
Hancock County,Ohio,74847
Hardin County,Ohio,30406
Harrison County,Ohio,14183
Henry County,Ohio,27545
Highland County,Ohio,43588
Hocking County,Ohio,27567
Holmes County,Ohio,44439
Huron County,Ohio,58258
Jackson County,Ohio,32669
Jefferson County,Ohio,64116
Knox County,Ohio,63344
Lake County,Ohio,231964
Lawrence County,Ohio,56138
Licking County,Ohio,183540
Logan County,Ohio,46045
Lorain County,Ohio,319163
Lucas County,Ohio,426240
Madison County,Ohio,44668
Mahoning County,Ohio,225988
Marion County,Ohio,64828
Medina County,Ohio,184115
Meigs County,Ohio,21772
Mercer County,Ohio,42448
Miami County,Ohio,110898
Monroe County,Ohio,13165
Montgomery County,Ohio,535313
Morgan County,Ohio,13626
Morrow County,Ohio,35583
Muskingum County,Ohio,86312
Noble County,Ohio,14345
Ottawa County,Ohio,39819
Paulding County,Ohio,18728
Perry County,Ohio,35577
Pickaway County,Ohio,61064
Pike County,Ohio,26983
Portage County,Ohio,163075
Preble County,Ohio,40563
Putnam County,Ohio,34254
Richland County,Ohio,125003
Ross County,Ohio,76340
Sandusky County,Ohio,58785
Scioto County,Ohio,72176
Seneca County,Ohio,54628
Shelby County,Ohio,47785
Stark County,Ohio,373052
Summit County,Ohio,537019
Trumbull County,Ohio,200354
Tuscarawas County,Ohio,92017
Union County,Ohio,69765
Van Wert County,Ohio,28725
Vinton County,Ohio,12498
Warren County,Ohio,253579
Washington County,Ohio,58513
Wayne County,Ohio,116635
Williams County,Ohio,36566
Wood County,Ohio,132813
Wyandot County,Ohio,21466
Adair County,Oklahoma,19641
Alfalfa County,Oklahoma,5661
Atoka County,Oklahoma,14524
Beaver County,Oklahoma,5052
Beckham County,Oklahoma,22132
Blaine County,Oklahoma,8547
Bryan County,Oklahoma,49271
Caddo County,Oklahoma,26253
Canadian County,Oklahoma,176184
Carter County,Oklahoma,48854
Cherokee County,Oklahoma,48173
Choctaw County,Oklahoma,14324
Cimarron County,Oklahoma,2188
Cleveland County,Oklahoma,301913
Coal County,Oklahoma,5284
Comanche County,Oklahoma,121868
Cotton County,Oklahoma,5470
Craig County,Oklahoma,14476
Creek County,Oklahoma,73372
Custer County,Oklahoma,28332
Delaware County,Oklahoma,41775
Dewey County,Oklahoma,4253
Ellis County,Oklahoma,3637
Garfield County,Oklahoma,62055
Garvin County,Oklahoma,25918
Grady County,Oklahoma,57493
Grant County,Oklahoma,4088
Greer County,Oklahoma,5491
Harmon County,Oklahoma,2409
Harper County,Oklahoma,3207
Haskell County,Oklahoma,11790
Hughes County,Oklahoma,13406
Jackson County,Oklahoma,24685
Jefferson County,Oklahoma,5367
Johnston County,Oklahoma,10199
Kay County,Oklahoma,43621
Kingfisher County,Oklahoma,15615
Kiowa County,Oklahoma,8322
Latimer County,Oklahoma,9561
Le Flore County,Oklahoma,49590
Lincoln County,Oklahoma,34613
Logan County,Oklahoma,53121
Love County,Oklahoma,10305
McClain County,Oklahoma,47060
McCurtain County,Oklahoma,30957
McIntosh County,Oklahoma,19670
Major County,Oklahoma,7623
Marshall County,Oklahoma,15974
Mayes County,Oklahoma,39971
Murray County,Oklahoma,13735
Muskogee County,Oklahoma,66656
Noble County,Oklahoma,10865
Nowata County,Oklahoma,9481
Okfuskee County,Oklahoma,11297
Oklahoma County,Oklahoma,811096
Okmulgee County,Oklahoma,36940
Osage County,Oklahoma,46008
Ottawa County,Oklahoma,30316
Pawnee County,Oklahoma,15892
Payne County,Oklahoma,83819
Pittsburg County,Oklahoma,43472
Pontotoc County,Oklahoma,38506
Pottawatomie County,Oklahoma,73864
Pushmataha County,Oklahoma,10856
Roger Mills County,Oklahoma,3331
Rogers County,Oklahoma,100268
Seminole County,Oklahoma,23585
Sequoyah County,Oklahoma,40248
Stephens County,Oklahoma,44066
Texas County,Oklahoma,20512
Tillman County,Oklahoma,6867
Tulsa County,Oklahoma,686411
Wagoner County,Oklahoma,89375
Washington County,Oklahoma,53772
Washita County,Oklahoma,10716
Woods County,Oklahoma,8560
Woodward County,Oklahoma,20073
Baker County,Oregon,16904
Benton County,Oregon,98566
Clackamas County,Oregon,424396
Clatsop County,Oregon,41089
Columbia County,Oregon,53918
Coos County,Oregon,64557
Crook County,Oregon,26960
Curry County,Oregon,23273
Deschutes County,Oregon,208857
Douglas County,Oregon,112435
Gilliam County,Oregon,2035
Grant County,Oregon,7216
Harney County,Oregon,7451
Hood River County,Oregon,23811
Jackson County,Oregon,221338
Jefferson County,Oregon,25480
Josephine County,Oregon,88001
Klamath County,Oregon,70347
Lake County,Oregon,8307
Lane County,Oregon,382151
Lincoln County,Oregon,51307
Linn County,Oregon,131509
Malheur County,Oregon,32262
Marion County,Oregon,349874
Morrow County,Oregon,12303
Multnomah County,Oregon,794271
Polk County,Oregon,90290
Sherman County,Oregon,1954
Tillamook County,Oregon,27423
Umatilla County,Oregon,79872
Union County,Oregon,26038
Wallowa County,Oregon,7643
Wasco County,Oregon,26402
Washington County,Oregon,604831
Wheeler County,Oregon,1436
Yamhill County,Oregon,109146
Adams County,Pennsylvania,107147
Allegheny County,Pennsylvania,1230138
Armstrong County,Pennsylvania,64094
Beaver County,Pennsylvania,165556
Bedford County,Pennsylvania,47442
Berks County,Pennsylvania,435284
Blair County,Pennsylvania,120494
Bradford County,Pennsylvania,59700
Bucks County,Pennsylvania,647625
Butler County,Pennsylvania,198665
Cambria County,Pennsylvania,130713
Cameron County,Pennsylvania,4382
Carbon County,Pennsylvania,65427
Centre County,Pennsylvania,159087
Chester County,Pennsylvania,555310
Clarion County,Pennsylvania,36964
Clearfield County,Pennsylvania,78381
Clinton County,Pennsylvania,37852
Columbia County,Pennsylvania,65782
Crawford County,Pennsylvania,82052
Cumberland County,Pennsylvania,271553
Dauphin County,Pennsylvania,290886
Delaware County,Pennsylvania,580538
Elk County,Pennsylvania,30221
Erie County,Pennsylvania,268203
Fayette County,Pennsylvania,124699
Forest County,Pennsylvania,6486
Franklin County,Pennsylvania,158054
Fulton County,Pennsylvania,14510
Greene County,Pennsylvania,34493
Huntingdon County,Pennsylvania,43545
Indiana County,Pennsylvania,83110
Jefferson County,Pennsylvania,43625
Juniata County,Pennsylvania,23368
Lackawanna County,Pennsylvania,216472
Lancaster County,Pennsylvania,560174
Lawrence County,Pennsylvania,84553
Lebanon County,Pennsylvania,144546
Lehigh County,Pennsylvania,380872
Luzerne County,Pennsylvania,328909
Lycoming County,Pennsylvania,113282
McKean County,Pennsylvania,39522
Mercer County,Pennsylvania,108519
Mifflin County,Pennsylvania,45950
Monroe County,Pennsylvania,166581
Montgomery County,Pennsylvania,871673
Montour County,Pennsylvania,18053
Northampton County,Pennsylvania,320844
Northumberland County,Pennsylvania,90131
Perry County,Pennsylvania,46367
Philadelphia County,Pennsylvania,1563349
Pike County,Pennsylvania,61496
Potter County,Pennsylvania,16040
Schuylkill County,Pennsylvania,143932
Snyder County,Pennsylvania,39699
Somerset County,Pennsylvania,72233
Sullivan County,Pennsylvania,5925
Susquehanna County,Pennsylvania,38108
Tioga County,Pennsylvania,40747
Union County,Pennsylvania,42237
Venango County,Pennsylvania,49436
Warren County,Pennsylvania,37672
Washington County,Pennsylvania,210344
Wayne County,Pennsylvania,51404
Westmoreland County,Pennsylvania,351420
Wyoming County,Pennsylvania,25868
York County,Pennsylvania,465977
Bristol County,Rhode Island,50358
Kent County,Rhode Island,171770
Newport County,Rhode Island,83843
Providence County,Rhode Island,667219
Washington County,Rhode Island,130239
Abbeville County,South Carolina,24563
Aiken County,South Carolina,177034
Allendale County,South Carolina,7596
Anderson County,South Carolina,213998
Bamberg County,South Carolina,12991
Barnwell County,South Carolina,20448
Beaufort County,South Carolina,198961
Berkeley County,South Carolina,256123
Calhoun County,South Carolina,14208
Charleston County,South Carolina,425805
Cherokee County,South Carolina,56943
Chester County,South Carolina,32163
Chesterfield County,South Carolina,44120
Clarendon County,South Carolina,31119
Colleton County,South Carolina,39040
Darlington County,South Carolina,62368
Dillon County,South Carolina,27712
Dorchester County,South Carolina,169770
Edgefield County,South Carolina,28629
Fairfield County,South Carolina,20392
Florence County,South Carolina,137454
Georgetown County,South Carolina,65812
Greenville County,South Carolina,559696
Greenwood County,South Carolina,69582
Hampton County,South Carolina,18167
Horry County,South Carolina,398374
Jasper County,South Carolina,33642
Kershaw County,South Carolina,70145
Lancaster County,South Carolina,108796
Laurens County,South Carolina,69210
Lee County,South Carolina,15927
Lexington County,South Carolina,309877
McCormick County,South Carolina,9786
Marion County,South Carolina,28522
Marlboro County,South Carolina,25772
Newberry County,South Carolina,38916
Oconee County,South Carolina,81527
Orangeburg County,South Carolina,83148
Pickens County,South Carolina,136704
Richland County,South Carolina,425236
Saluda County,South Carolina,19300
Spartanburg County,South Carolina,358690
Sumter County,South Carolina,104410
Union County,South Carolina,26751
Williamsburg County,South Carolina,30028
York County,South Carolina,298375
Aurora County,South Dakota,2796
Beadle County,South Dakota,19380
Bennett County,South Dakota,3312
Bon Homme County,South Dakota,7088
Brookings County,South Dakota,35912
Brown County,South Dakota,37650
Brule County,South Dakota,5326
Buffalo County,South Dakota,1884
Butte County,South Dakota,10868
Campbell County,South Dakota,1357
Charles Mix County,South Dakota,9271
Clark County,South Dakota,3945
Clay County,South Dakota,15398
Codington County,South Dakota,28952
Corson County,South Dakota,3756
Custer County,South Dakota,9117
Davison County,South Dakota,19973
Day County,South Dakota,5445
Deuel County,South Dakota,4345
Dewey County,South Dakota,5179
Douglas County,South Dakota,2844
Edmunds County,South Dakota,4067
Fall River County,South Dakota,7369
Faulk County,South Dakota,2135
Grant County,South Dakota,7571
Gregory County,South Dakota,4023
Haakon County,South Dakota,1855
Hamlin County,South Dakota,6450
Hand County,South Dakota,3114
Hanson County,South Dakota,3457
Harding County,South Dakota,1314
Hughes County,South Dakota,17617
Hutchinson County,South Dakota,7423
Hyde County,South Dakota,1190
Jackson County,South Dakota,2772
Jerauld County,South Dakota,1650
Jones County,South Dakota,862
Kingsbury County,South Dakota,5262
Lake County,South Dakota,11033
Lawrence County,South Dakota,28106
Lincoln County,South Dakota,73142
Lyman County,South Dakota,3720
McCook County,South Dakota,5809
McPherson County,South Dakota,2335
Marshall County,South Dakota,4358
Meade County,South Dakota,30931
Mellette County,South Dakota,1843
Miner County,South Dakota,2293
Minnehaha County,South Dakota,206464
Moody County,South Dakota,6444
Oglala Lakota County,South Dakota,13407
Pennington County,South Dakota,115834
Perkins County,South Dakota,2823
Potter County,South Dakota,2416
Roberts County,South Dakota,10222
Sanborn County,South Dakota,2407
Spink County,South Dakota,6149
Stanley County,South Dakota,3040
Sully County,South Dakota,1485
Todd County,South Dakota,9175
Tripp County,South Dakota,5607
Turner County,South Dakota,9052
Union County,South Dakota,17186
Walworth County,South Dakota,5264
Yankton County,South Dakota,23509
Ziebach County,South Dakota,2322
Anderson County,Tennessee,80343
Bedford County,Tennessee,53274
Benton County,Tennessee,16167
Bledsoe County,Tennessee,15008
Blount County,Tennessee,141384
Bradley County,Tennessee,112132
Campbell County,Tennessee,40225
Cannon County,Tennessee,15051
Carroll County,Tennessee,28950
Carter County,Tennessee,57112
Cheatham County,Tennessee,42247
Chester County,Tennessee,17722
Claiborne County,Tennessee,32738
Clay County,Tennessee,7672
Cocke County,Tennessee,37272
Coffee County,Tennessee,60472
Crockett County,Tennessee,13991
Cumberland County,Tennessee,64848
Davidson County,Tennessee,719092
Decatur County,Tennessee,11709
DeKalb County,Tennessee,21337
Dickson County,Tennessee,56835
Dyer County,Tennessee,36432
Fayette County,Tennessee,44082
Fentress County,Tennessee,19708
Franklin County,Tennessee,44682
Gibson County,Tennessee,51152
Giles County,Tennessee,30815
Grainger County,Tennessee,24697
Greene County,Tennessee,72546
Grundy County,Tennessee,13992
Hamblen County,Tennessee,66466
Hamilton County,Tennessee,381272
Hancock County,Tennessee,6963
Hardeman County,Tennessee,25523
Hardin County,Tennessee,27449
Hawkins County,Tennessee,58608
Haywood County,Tennessee,17312
Henderson County,Tennessee,28065
Henry County,Tennessee,32454
Hickman County,Tennessee,25788
Houston County,Tennessee,8398
Humphreys County,Tennessee,19293
Jackson County,Tennessee,12344
Jefferson County,Tennessee,57897
Johnson County,Tennessee,18376
Knox County,Tennessee,501576
Lake County,Tennessee,6407
Lauderdale County,Tennessee,24554
Lawrence County,Tennessee,46033
Lewis County,Tennessee,13146
Lincoln County,Tennessee,36193
Loudon County,Tennessee,60581
McMinn County,Tennessee,55720
McNairy County,Tennessee,26065
Macon County,Tennessee,26837
Madison County,Tennessee,99390
Marion County,Tennessee,29458
Marshall County,Tennessee,37008
Maury County,Tennessee,110734
Meigs County,Tennessee,13682
Monroe County,Tennessee,48578
Montgomery County,Tennessee,240398
Moore County,Tennessee,6774
Morgan County,Tennessee,21503
Obion County,Tennessee,30403
Overton County,Tennessee,23358
Perry County,Tennessee,8911
Pickett County,Tennessee,5114
Polk County,Tennessee,18066
Putnam County,Tennessee,83952
Rhea County,Tennessee,34319
Roane County,Tennessee,56223
Robertson County,Tennessee,76820
Rutherford County,Tennessee,369649
Scott County,Tennessee,22245
Sequatchie County,Tennessee,17189
Sevier County,Tennessee,100224
Shelby County,Tennessee,913909
Smith County,Tennessee,20545
Stewart County,Tennessee,14246
Sullivan County,Tennessee,162054
Sumner County,Tennessee,208423
Tipton County,Tennessee,61885
Trousdale County,Tennessee,12301
Unicoi County,Tennessee,17812
Union County,Tennessee,20747
Van Buren County,Tennessee,6576
Warren County,Tennessee,42655
Washington County,Tennessee,138628
Wayne County,Tennessee,16047
Weakley County,Tennessee,33110
White County,Tennessee,28697
Williamson County,Tennessee,265312
Wilson County,Tennessee,164352
Anderson County,Texas,59134
Andrews County,Texas,18722
Angelina County,Texas,87698
Aransas County,Texas,25351
Archer County,Texas,9066
Armstrong County,Texas,1830
Atascosa County,Texas,52039
Austin County,Texas,31661
Bailey County,Texas,6853
Bandera County,Texas,22629
Bastrop County,Texas,111131
Baylor County,Texas,3499
Bee County,Texas,31308
Bell County,Texas,394065
Bexar County,Texas,2098189
Blanco County,Texas,13093
Borden County,Texas,570
Bosque County,Texas,18982
Bowie County,Texas,91692
Brazoria County,Texas,401422
Brazos County,Texas,247263
Brewster County,Texas,9579
Briscoe County,Texas,1451
Brooks County,Texas,6895
Brown County,Texas,38477
Burleson County,Texas,19575
Burnet County,Texas,54336
Caldwell County,Texas,50107
Calhoun County,Texas,19798
Callahan County,Texas,14455
Cameron County,Texas,428508
Camp County,Texas,13041
Carson County,Texas,5865
Cass County,Texas,28668
Castro County,Texas,7330
Chambers County,Texas,54193
Cherokee County,Texas,52651
Childress County,Texas,6757
Clay County,Texas,10694
Cochran County,Texas,2571
Coke County,Texas,3378
Coleman County,Texas,7909
Collin County,Texas,1207964
Collingsworth County,Texas,2561
Colorado County,Texas,21250
Comal County,Texas,194097
Comanche County,Texas,14058
Concho County,Texas,3280
Cooke County,Texas,43779
Coryell County,Texas,85620
Cottle County,Texas,1292
Crane County,Texas,4587
Crockett County,Texas,2842
Crosby County,Texas,4990
Culberson County,Texas,2195
Dallam County,Texas,7372
Dallas County,Texas,2636254
Dawson County,Texas,11903
Deaf Smith County,Texas,18460
Delta County,Texas,5563
Denton County,Texas,1013736
DeWitt County,Texas,20238
Dickens County,Texas,1711
Dimmit County,Texas,8279
Donley County,Texas,3177
Duval County,Texas,9626
Eastland County,Texas,18199
Ector County,Texas,165450
Edwards County,Texas,1391
Ellis County,Texas,223324
El Paso County,Texas,874836
Erath County,Texas,44439
Falls County,Texas,17670
Fannin County,Texas,37865
Fayette County,Texas,25485
Fisher County,Texas,3618
Floyd County,Texas,5116
Foard County,Texas,1084
Fort Bend County,Texas,927120
Franklin County,Texas,10737
Freestone County,Texas,20358
Frio County,Texas,18811
Gaines County,Texas,22524
Galveston County,Texas,362586
Garza County,Texas,4590
Gillespie County,Texas,27809
Glasscock County,Texas,1151
Goliad County,Texas,7183
Gonzales County,Texas,20030
Gray County,Texas,21030
Grayson County,Texas,147056
Gregg County,Texas,126531
Grimes County,Texas,32527
Guadalupe County,Texas,189056
Hale County,Texas,32014
Hall County,Texas,2810
Hamilton County,Texas,8593
Hansford County,Texas,5097
Hardeman County,Texas,3470
Hardin County,Texas,58227
Harris County,Texas,4903450
Harrison County,Texas,71004
Hartley County,Texas,5137
Haskell County,Texas,5442
Hays County,Texas,281697
Hemphill County,Texas,3143
Henderson County,Texas,86277
Hidalgo County,Texas,902443
Hill County,Texas,38206
Hockley County,Texas,21325
Hood County,Texas,67681
Hopkins County,Texas,38261
Houston County,Texas,22082
Howard County,Texas,30704
Hudspeth County,Texas,3483
Hunt County,Texas,113754
Hutchinson County,Texas,19997
Irion County,Texas,1563
Jack County,Texas,9220
Jackson County,Texas,15195
Jasper County,Texas,32725
Jeff Davis County,Texas,1850
Jefferson County,Texas,253392
Jim Hogg County,Texas,4657
Jim Wells County,Texas,38811
Johnson County,Texas,203196
Jones County,Texas,20765
Karnes County,Texas,15054
Kaufman County,Texas,186715
Kendall County,Texas,50494
Kenedy County,Texas,351
Kent County,Texas,728
Kerr County,Texas,53878
Kimble County,Texas,4465
King County,Texas,215
Kinney County,Texas,3204
Kleberg County,Texas,30381
Knox County,Texas,3318
Lamar County,Texas,51093
Lamb County,Texas,12768
Lampasas County,Texas,23319
La Salle County,Texas,6599
Lavaca County,Texas,20604
Lee County,Texas,18250
Leon County,Texas,16556
Liberty County,Texas,109172
Limestone County,Texas,22405
Lipscomb County,Texas,2915
Live Oak County,Texas,11828
Llano County,Texas,22883
Loving County,Texas,46
Lubbock County,Texas,322434
Lynn County,Texas,5811
McCulloch County,Texas,7516
McLennan County,Texas,268778
McMullen County,Texas,579
Madison County,Texas,13750
Marion County,Texas,9693
Martin County,Texas,5200
Mason County,Texas,3912
Matagorda County,Texas,36422
Maverick County,Texas,58203
Medina County,Texas,54851
Menard County,Texas,1958
Midland County,Texas,178357
Milam County,Texas,26033
Mills County,Texas,4550
Mitchell County,Texas,9104
Montague County,Texas,21680
Montgomery County,Texas,715345
Moore County,Texas,21423
Morris County,Texas,12133
Motley County,Texas,1023
Nacogdoches County,Texas,65636
Navarro County,Texas,55719
Newton County,Texas,12101
Nolan County,Texas,14281
Nueces County,Texas,352645
Ochiltree County,Texas,9774
Oldham County,Texas,1787
Orange County,Texas,85857
Palo Pinto County,Texas,29762
Panola County,Texas,22816
Parker County,Texas,173565
Parmer County,Texas,9691
Pecos County,Texas,14720
Polk County,Texas,54146
Potter County,Texas,115309
Presidio County,Texas,5776
Rains County,Texas,13059
Randall County,Texas,148190
Reagan County,Texas,3178
Real County,Texas,2854
Red River County,Texas,11651
Reeves County,Texas,11856
Refugio County,Texas,6711
Roberts County,Texas,819
Robertson County,Texas,17322
Rockwall County,Texas,131636
Runnels County,Texas,9909
Rusk County,Texas,53271
Sabine County,Texas,10118
San Augustine County,Texas,7882
San Jacinto County,Texas,29126
San Patricio County,Texas,70770
San Saba County,Texas,5543
Schleicher County,Texas,2369
Scurry County,Texas,16230
Shackelford County,Texas,3204
Shelby County,Texas,24258
Sherman County,Texas,2710
Smith County,Texas,245955
Somervell County,Texas,9881
Starr County,Texas,66215
Stephens County,Texas,9380
Sterling County,Texas,1377
Stonewall County,Texas,1220
Sutton County,Texas,3227
Swisher County,Texas,6899
Tarrant County,Texas,2197915
Taylor County,Texas,147618
Terrell County,Texas,702
Terry County,Texas,11583
Throckmorton County,Texas,1531
Titus County,Texas,31423
Tom Green County,Texas,119334
Travis County,Texas,1348043
Trinity County,Texas,14269
Tyler County,Texas,20435
Upshur County,Texas,43425
Upton County,Texas,3131
Uvalde County,Texas,25012
Val Verde County,Texas,47863
Van Zandt County,Texas,64077
Victoria County,Texas,91756
Walker County,Texas,82566
Waller County,Texas,63936
Ward County,Texas,10974
Washington County,Texas,37286
Webb County,Texas,270538
Wharton County,Texas,41855
Wheeler County,Texas,4825
Wichita County,Texas,130102
Wilbarger County,Texas,12529
Willacy County,Texas,20003
Williamson County,Texas,701640
Wilson County,Texas,54354
Winkler County,Texas,7447
Wise County,Texas,78051
Wood County,Texas,47981
Yoakum County,Texas,7517
Young County,Texas,18131
Zapata County,Texas,13782
Zavala County,Texas,9339
Beaver County,Utah,7291
Box Elder County,Utah,62878
Cache County,Utah,143193
Carbon County,Utah,20607
Daggett County,Utah,983
Davis County,Utah,374430
Duchesne County,Utah,20541
Emery County,Utah,10149
Garfield County,Utah,5320
Grand County,Utah,9810
Iron County,Utah,64485
Juab County,Utah,13016
Kane County,Utah,8446
Millard County,Utah,13432
Morgan County,Utah,13004
Piute County,Utah,1546
Rich County,Utah,2665
Salt Lake County,Utah,1200544
San Juan County,Utah,14390
Sanpete County,Utah,30450
Sevier County,Utah,22367
Summit County,Utah,42939
Tooele County,Utah,82137
Uintah County,Utah,37903
Utah County,Utah,725359
Wasatch County,Utah,37303
Washington County,Utah,202735
Wayne County,Utah,2613
Weber County,Utah,272686
Addison County,Vermont,37886
Bennington County,Vermont,37185
Caledonia County,Vermont,30623
Chittenden County,Vermont,170092
Essex County,Vermont,5993
Franklin County,Vermont,50902
Grand Isle County,Vermont,7509
Lamoille County,Vermont,26233
Orange County,Vermont,29930
Orleans County,Vermont,27697
Rutland County,Vermont,60369
Washington County,Vermont,60258
Windham County,Vermont,45985
Windsor County,Vermont,58046
Accomack County,Virginia,33288
Albemarle County,Virginia,115857
Alleghany County,Virginia,14698
Amelia County,Virginia,13596
Amherst County,Virginia,31559
Appomattox County,Virginia,16835
Arlington County,Virginia,235181
Augusta County,Virginia,78250
Bath County,Virginia,4070
Bedford County,Virginia,81628
Bland County,Virginia,6221
Botetourt County,Virginia,34154
Brunswick County,Virginia,15801
Buchanan County,Virginia,18978
Buckingham County,Virginia,16988
Campbell County,Virginia,55248
Caroline County,Virginia,32705
Carroll County,Virginia,29202
Charles City County,Virginia,6635
Charlotte County,Virginia,11387
Chesterfield County,Virginia,384693
Clarke County,Virginia,15405
Craig County,Virginia,4827
Culpeper County,Virginia,55065
Cumberland County,Virginia,9875
Dickenson County,Virginia,13594
Dinwiddie County,Virginia,28377
Essex County,Virginia,10618
Fairfax County,Virginia,1146677
Fauquier County,Virginia,75256
Floyd County,Virginia,15693
Fluvanna County,Virginia,28480
Franklin County,Virginia,55471
Frederick County,Virginia,96178
Giles County,Virginia,16461
Gloucester County,Virginia,40024
Goochland County,Virginia,27216
Grayson County,Virginia,15235
Greene County,Virginia,21391
Greensville County,Virginia,11174
Halifax County,Virginia,33434
Hanover County,Virginia,114193
Henrico County,Virginia,335729
Henry County,Virginia,49636
Highland County,Virginia,2351
Isle of Wight County,Virginia,40667
James City County,Virginia,82346
King and Queen County,Virginia,6746
King George County,Virginia,28422
King William County,Virginia,19035
Lancaster County,Virginia,10927
Lee County,Virginia,21761
Loudoun County,Virginia,437164
Louisa County,Virginia,41008
Lunenburg County,Virginia,12042
Madison County,Virginia,14135
Mathews County,Virginia,8568
Mecklenburg County,Virginia,30622
Middlesex County,Virginia,10938
Montgomery County,Virginia,99134
Nelson County,Virginia,14625
New Kent County,Virginia,26211
Northampton County,Virginia,12026
Northumberland County,Virginia,12388
Nottoway County,Virginia,15570
Orange County,Virginia,38487
Page County,Virginia,23682
Patrick County,Virginia,17440
Pittsylvania County,Virginia,59581
Powhatan County,Virginia,32113
Prince Edward County,Virginia,21998
Prince George County,Virginia,43048
Prince William County,Virginia,491578
Pulaski County,Virginia,33607
Rappahannock County,Virginia,7455
Richmond County,Virginia,9162
Roanoke County,Virginia,97263
Rockbridge County,Virginia,22394
Rockingham County,Virginia,86630
Russell County,Virginia,25502
Scott County,Virginia,21444
Shenandoah County,Virginia,45185
Smyth County,Virginia,29187
Southampton County,Virginia,18000
Spotsylvania County,Virginia,149614
Stafford County,Virginia,165821
Surry County,Virginia,6575
Sussex County,Virginia,10794
Tazewell County,Virginia,39222
Warren County,Virginia,41982
Washington County,Virginia,54028
Westmoreland County,Virginia,18918
Wise County,Virginia,35191
Wythe County,Virginia,28171
York County,Virginia,71046
Alexandria City,Virginia,156271
Bristol City,Virginia,16668
Buena Vista City,Virginia,6574
Charlottesville City,Virginia,45047
Chesapeake City,Virginia,253967
Colonial Heights City,Virginia,18446
Covington City,Virginia,5611
Danville City,Virginia,42108
Emporia City,Virginia,5479
Fairfax City,Virginia,25426
Falls Church City,Virginia,14805
Franklin City,Virginia,8316
Fredericksburg City,Virginia,29226
Galax City,Virginia,6799
Hampton City,Virginia,137157
Harrisonburg City,Virginia,51378
Hopewell City,Virginia,22883
Lexington City,Virginia,7556
Lynchburg City,Virginia,79775
Manassas City,Virginia,43087
Manassas Park City,Virginia,16448
Martinsville City,Virginia,13753
Newport News City,Virginia,183249
Norfolk City,Virginia,231378
Norton City,Virginia,3501
Petersburg City,Virginia,33328
Poquoson City,Virginia,12613
Portsmouth City,Virginia,96782
Radford City,Virginia,16994
Richmond City,Virginia,230383
Roanoke City,Virginia,97503
Salem City,Virginia,25669
Staunton City,Virginia,25936
Suffolk City,Virginia,101050
Virginia Beach City,Virginia,453779
Waynesboro City,Virginia,23083
Williamsburg City,Virginia,16116
Winchester City,Virginia,27754
Adams County,Washington,20857
Asotin County,Washington,22510
Benton County,Washington,215445
Chelan County,Washington,80439
Clallam County,Washington,77589
Clark County,Washington,522467
Columbia County,Washington,4055
Cowlitz County,Washington,113040
Douglas County,Washington,45010
Ferry County,Washington,7472
Franklin County,Washington,99554
Garfield County,Washington,2360
Grant County,Washington,103088
Grays Harbor County,Washington,77570
Island County,Washington,86369
Jefferson County,Washington,33725
King County,Washington,2296813
Kitsap County,Washington,277650
Kittitas County,Washington,47845
Klickitat County,Washington,23688
Lewis County,Washington,86264
Lincoln County,Washington,11760
Mason County,Washington,68754
Okanogan County,Washington,43998
Pacific County,Washington,24173
Pend Oreille County,Washington,14362
Pierce County,Washington,931718
San Juan County,Washington,18605
Skagit County,Washington,131754
Skamania County,Washington,12639
Snohomish County,Washington,850297
Spokane County,Washington,552758
Stevens County,Washington,48838
Thurston County,Washington,299519
Wahkiakum County,Washington,4767
Walla Walla County,Washington,61789
Whatcom County,Washington,232686
Whitman County,Washington,47900
Yakima County,Washington,257193
Barbour County,West Virginia,15443
Berkeley County,West Virginia,132851
Boone County,West Virginia,20600
Braxton County,West Virginia,12139
Brooke County,West Virginia,21438
Cabell County,West Virginia,92036
Calhoun County,West Virginia,5945
Clay County,West Virginia,7740
Doddridge County,West Virginia,7685
Fayette County,West Virginia,39079
Gilmer County,West Virginia,7221
Grant County,West Virginia,10985
Greenbrier County,West Virginia,32123
Hampshire County,West Virginia,23632
Hancock County,West Virginia,28191
Hardy County,West Virginia,14293
Harrison County,West Virginia,64513
Jackson County,West Virginia,27668
Jefferson County,West Virginia,59744
Kanawha County,West Virginia,174602
Lewis County,West Virginia,16605
Lincoln County,West Virginia,19699
Logan County,West Virginia,30910
McDowell County,West Virginia,17425
Marion County,West Virginia,55805
Marshall County,West Virginia,29517
Mason County,West Virginia,24815
Mercer County,West Virginia,58008
Mineral County,West Virginia,26806
Mingo County,West Virginia,22025
Monongalia County,West Virginia,107749
Monroe County,West Virginia,12376
Morgan County,West Virginia,17580
Nicholas County,West Virginia,24104
Ohio County,West Virginia,41221
Pendleton County,West Virginia,5998
Pleasants County,West Virginia,7420
Pocahontas County,West Virginia,7739
Preston County,West Virginia,34050
Putnam County,West Virginia,56942
Raleigh County,West Virginia,72526
Randolph County,West Virginia,27359
Ritchie County,West Virginia,8187
Roane County,West Virginia,13678
Summers County,West Virginia,11581
Taylor County,West Virginia,16385
Tucker County,West Virginia,6618
Tyler County,West Virginia,7894
Upshur County,West Virginia,23566
Wayne County,West Virginia,37779
Webster County,West Virginia,8025
Wetzel County,West Virginia,13972
Wirt County,West Virginia,4994
Wood County,West Virginia,82947
Wyoming County,West Virginia,20262
Adams County,Wisconsin,21528
Ashland County,Wisconsin,16103
Barron County,Wisconsin,46922
Bayfield County,Wisconsin,16809
Brown County,Wisconsin,272074
Buffalo County,Wisconsin,13440
Burnett County,Wisconsin,17089
Calumet County,Wisconsin,53303
Chippewa County,Wisconsin,66949
Clark County,Wisconsin,34792
Columbia County,Wisconsin,57949
Crawford County,Wisconsin,15991
Dane County,Wisconsin,579739
Dodge County,Wisconsin,88501
Door County,Wisconsin,30566
Douglas County,Wisconsin,44252
Dunn County,Wisconsin,45827
Eau Claire County,Wisconsin,108058
Florence County,Wisconsin,4695
Fond du Lac County,Wisconsin,104135
Forest County,Wisconsin,9381
Grant County,Wisconsin,51894
Green County,Wisconsin,36934
Green Lake County,Wisconsin,19417
Iowa County,Wisconsin,23881
Iron County,Wisconsin,6277
Jackson County,Wisconsin,20938
Jefferson County,Wisconsin,85971
Juneau County,Wisconsin,26557
Kenosha County,Wisconsin,167867
Kewaunee County,Wisconsin,20733
La Crosse County,Wisconsin,120717
Lafayette County,Wisconsin,17059
Langlade County,Wisconsin,19435
Lincoln County,Wisconsin,28430
Manitowoc County,Wisconsin,81325
Marathon County,Wisconsin,138838
Marinette County,Wisconsin,42113
Marquette County,Wisconsin,15851
Menominee County,Wisconsin,4221
Milwaukee County,Wisconsin,921860
Monroe County,Wisconsin,46193
Oconto County,Wisconsin,39741
Oneida County,Wisconsin,38189
Outagamie County,Wisconsin,193828
Ozaukee County,Wisconsin,93520
Pepin County,Wisconsin,7482
Pierce County,Wisconsin,43101
Polk County,Wisconsin,45845
Portage County,Wisconsin,71461
Price County,Wisconsin,14098
Racine County,Wisconsin,197407
Richland County,Wisconsin,17251
Rock County,Wisconsin,164443
Rusk County,Wisconsin,14252
St Croix County,Wisconsin,97156
Sauk County,Wisconsin,66143
Sawyer County,Wisconsin,18619
Shawano County,Wisconsin,41148
Sheboygan County,Wisconsin,117995
Taylor County,Wisconsin,20123
Trempealeau County,Wisconsin,30939
Vernon County,Wisconsin,31143
Vilas County,Wisconsin,23914
Walworth County,Wisconsin,106008
Washburn County,Wisconsin,16996
Washington County,Wisconsin,138496
Waukesha County,Wisconsin,414013
Waupaca County,Wisconsin,51324
Waushara County,Wisconsin,25014
Winnebago County,Wisconsin,172105
Wood County,Wisconsin,74037
Albany County,Wyoming,38624
Big Horn County,Wyoming,12061
Campbell County,Wyoming,47511
Carbon County,Wyoming,14317
Converse County,Wyoming,13850
Crook County,Wyoming,7596
Fremont County,Wyoming,39800
Goshen County,Wyoming,12662
Hot Springs County,Wyoming,4652
Johnson County,Wyoming,8792
Laramie County,Wyoming,101079
Lincoln County,Wyoming,20909
Natrona County,Wyoming,79968
Niobrara County,Wyoming,2327
Park County,Wyoming,30822
Platte County,Wyoming,8581
Sheridan County,Wyoming,32581
Sublette County,Wyoming,8991
Sweetwater County,Wyoming,41288
Teton County,Wyoming,23368
Uinta County,Wyoming,20724
Washakie County,Wyoming,7736
Weston County,Wyoming,6828
