Autauga,Alabama,1945909
Baldwin,Alabama,9435720
Barbour,Alabama,715994
Bibb,Alabama,466543
Blount,Alabama,987208
Bullock,Alabama,267926
Butler,Alabama,660757
Calhoun,Alabama,4764871
Chambers,Alabama,903782
Cherokee,Alabama,599214
Chilton,Alabama,1215493
Choctaw,Alabama,618810
Clarke,Alabama,850844
Clay,Alabama,386382
Cleburne,Alabama,327927
Coffee,Alabama,1709663
Colbert,Alabama,2802771
Conecuh,Alabama,383453
Coosa,Alabama,181781
Covington,Alabama,1234498
Crenshaw,Alabama,450012
Cullman,Alabama,3089606
Dale,Alabama,3035393
Dallas,Alabama,1344905
DeKalb,Alabama,2207302
Elmore,Alabama,2161855
Escambia,Alabama,1279587
Etowah,Alabama,3002919
Fayette,Alabama,356603
Franklin,Alabama,985317
Geneva,Alabama,578990
Greene,Alabama,216280
Hale,Alabama,272820
Henry,Alabama,485965
Houston,Alabama,5971112
Jackson,Alabama,1596941
Jefferson,Alabama,49903057
Lamar,Alabama,330918
Lauderdale,Alabama,2922201
Lawrence,Alabama,627737
Lee,Alabama,6987631
Limestone,Alabama,5181859
Lowndes,Alabama,422687
Macon,Alabama,563676
Madison,Alabama,30905624
Marengo,Alabama,822370
Marion,Alabama,976241
Marshall,Alabama,3873554
Mobile,Alabama,23187207
Monroe,Alabama,611516
Montgomery,Alabama,15024566
Morgan,Alabama,6409604
Perry,Alabama,204764
Pickens,Alabama,414576
Pike,Alabama,1613119
Randolph,Alabama,494719
Russell,Alabama,1697224
St. Clair,Alabama,2113414
Shelby,Alabama,13047437
Sumter,Alabama,332733
Talladega,Alabama,3201599
Tallapoosa,Alabama,1422123
Tuscaloosa,Alabama,10745352
Walker,Alabama,1809493
Washington,Alabama,985765
Wilcox,Alabama,366399
Winston,Alabama,787107
Aleutians East Borough,Alaska,291546
Aleutians West Census Area,Alaska,740425
Anchorage Municipality,Alaska,24036883
Bethel Census Area,Alaska,687011
Bristol Bay Borough,Alaska,148036
Chugach Census Area,Alaska,1341672
Copper River Census Area,Alaska,134453
Denali Borough,Alaska,283364
Dillingham Census Area,Alaska,258398
Fairbanks North Star Borough,Alaska,5595570
Haines Borough,Alaska,102682
Hoonah-Angoon Census Area,Alaska,108503
Juneau City and Borough,Alaska,2387533
Kenai Peninsula Borough,Alaska,2679059
Ketchikan Gateway Borough,Alaska,879702
Kodiak Island Borough,Alaska,819757
Kusilvak Census Area,Alaska,149800
Lake and Peninsula Borough,Alaska,90101
Matanuska-Susitna Borough,Alaska,3225633
Nome Census Area,Alaska,460730
North Slope Borough,Alaska,7085304
Northwest Arctic Borough,Alaska,577646
Petersburg Borough,Alaska,170706
Prince of Wales-Hyder Census Area,Alaska,243033
Sitka City and Borough,Alaska,545349
Skagway Municipality,Alaska,80430
Southeast Fairbanks Census Area,Alaska,655659
Wrangell City and Borough,Alaska,94748
Yakutat City and Borough,Alaska,36830
Yukon-Koyukuk Census Area,Alaska,293143
Apache,Arizona,2209495
Cochise,Arizona,4969525
Coconino,Arizona,8001256
Gila,Arizona,1761201
Graham,Arizona,1249375
Greenlee,Arizona,1468908
La Paz,Arizona,678607
Maricopa,Arizona,311303699
Mohave,Arizona,6877318
Navajo,Arizona,2934657
Pima,Arizona,50781363
Pinal,Arizona,11485897
Santa Cruz,Arizona,2047319
Yavapai,Arizona,8387833
Yuma,Arizona,8435182
Arkansas,Arkansas,1100682
Ashley,Arkansas,909412
Baxter,Arkansas,1697626
Benton,Arkansas,19712755
Boone,Arkansas,1504210
Bradley,Arkansas,329636
Calhoun,Arkansas,330897
Carroll,Arkansas,869730
Chicot,Arkansas,274888
Clark,Arkansas,799464
Clay,Arkansas,366765
Cleburne,Arkansas,653112
Cleveland,Arkansas,142124
Columbia,Arkansas,1052780
Conway,Arkansas,734272
Craighead,Arkansas,5482402
Crawford,Arkansas,1680451
Crittenden,Arkansas,1757118
Cross,Arkansas,501210
Dallas,Arkansas,239044
Desha,Arkansas,559766
Drew,Arkansas,615578
Faulkner,Arkansas,4414444
Franklin,Arkansas,455031
Fulton,Arkansas,190114
Garland,Arkansas,3654803
Grant,Arkansas,457951
Greene,Arkansas,1772854
Hempstead,Arkansas,960918
Hot Spring,Arkansas,1203369
Howard,Arkansas,577760
Independence,Arkansas,1982731
Izard,Arkansas,294660
Jackson,Arkansas,894893
Jefferson,Arkansas,2846850
Johnson,Arkansas,705961
Lafayette,Arkansas,136853
Lawrence,Arkansas,443928
Lee,Arkansas,168935
Lincoln,Arkansas,257522
Little River,Arkansas,486746
Logan,Arkansas,463017
Lonoke,Arkansas,1538404
Madison,Arkansas,434964
Marion,Arkansas,637470
Miller,Arkansas,1270017
Mississippi,Arkansas,3823662
Monroe,Arkansas,213802
Montgomery,Arkansas,149922
Nevada,Arkansas,213374
Newton,Arkansas,98352
Ouachita,Arkansas,669597
Perry,Arkansas,186884
Phillips,Arkansas,536336
Pike,Arkansas,274986
Poinsett,Arkansas,688099
Polk,Arkansas,571735
Pope,Arkansas,3165510
Prairie,Arkansas,225501
Pulaski,Arkansas,31618885
Randolph,Arkansas,528533
St. Francis,Arkansas,721537
Saline,Arkansas,3072144
Scott,Arkansas,333594
Searcy,Arkansas,190332
Sebastian,Arkansas,7271760
Sevier,Arkansas,500883
Sharp,Arkansas,392973
Stone,Arkansas,270620
Union,Arkansas,2760334
Van Buren,Arkansas,378018
Washington,Arkansas,13240214
White,Arkansas,2411281
Woodruff,Arkansas,314387
Yell,Arkansas,607756
Alameda,California,150532046
Alpine,California,105610
Amador,California,1659330
Butte,California,9278380
Calaveras,California,1472506
Colusa,California,1609218
Contra Costa,California,78357593
Del Norte,California,844062
El Dorado,California,8833331
Fresno,California,47612742
Glenn,California,1031970
Humboldt,California,5872356
Imperial,California,10467574
Inyo,California,1141849
Kern,California,46941848
Kings,California,7041297
Lake,California,1954710
Lassen,California,1142546
Los Angeles,California,801967353
Madera,California,6226914
Marin,California,30661017
Mariposa,California,786148
Mendocino,California,3667396
Merced,California,9548937
Modoc,California,554727
Mono,California,1178510
Monterey,California,28980213
Napa,California,11412110
Nevada,California,4747160
Orange,California,273063592
Placer,California,27022666
Plumas,California,1035904
Riverside,California,98880553
Sacramento,California,102387018
San Benito,California,2273410
San Bernardino,California,102307449
San Diego,California,261671687
San Francisco,California,237017759
San Joaquin,California,33097405
San Luis Obispo,California,18023027
San Mateo,California,186334708
Santa Barbara,California,31996811
Santa Clara,California,390234709
Santa Cruz,California,16488399
Shasta,California,8742908
Sierra,California,98012
Siskiyou,California,1849450
Solano,California,29643413
Sonoma,California,31011472
Stanislaus,California,24067824
Sutter,California,3915978
Tehama,California,2135028
Trinity,California,402737
Tulare,California,18824792
Tuolumne,California,2610180
Ventura,California,53629861
Yolo,California,15555485
Yuba,California,3373337
Adams,Colorado,32332614
Alamosa,Colorado,686499
Arapahoe,Colorado,54078395
Archuleta,Colorado,568591
Baca,Colorado,211301
Bent,Colorado,140142
Boulder,Colorado,32931483
Broomfield,Colorado,10207031
Chaffee,Colorado,944387
Cheyenne,Colorado,326760
Clear Creek,Colorado,528527
Conejos,Colorado,187945
Costilla,Colorado,84139
Crowley,Colorado,116733
Custer,Colorado,164619
Delta,Colorado,911356
Denver,Colorado,98955752
Dolores,Colorado,93166
Douglas,Colorado,24304453
Eagle,Colorado,5071876
Elbert,Colorado,746846
El Paso,Colorado,42588082
Fremont,Colorado,1557426
Garfield,Colorado,3837815
Gilpin,Colorado,724691
Grand,Colorado,1112678
Gunnison,Colorado,1225711
Hinsdale,Colorado,45502
Huerfano,Colorado,264032
Jackson,Colorado,131582
Jefferson,Colorado,36744206
Kiowa,Colorado,97689
Kit Carson,Colorado,551067
Lake,Colorado,330640
La Plata,Colorado,3211843
Larimer,Colorado,22016467
Las Animas,Colorado,504599
Lincoln,Colorado,422369
Logan,Colorado,1104295
Mesa,Colorado,7367394
Mineral,Colorado,68945
Moffat,Colorado,1003615
Montezuma,Colorado,1229344
Montrose,Colorado,1810292
Morgan,Colorado,1561979
Otero,Colorado,550575
Ouray,Colorado,254150
Park,Colorado,466860
Phillips,Colorado,258754
Pitkin,Colorado,2823427
Prowers,Colorado,534509
Pueblo,Colorado,6881755
Rio Blanco,Colorado,607902
Rio Grande,Colorado,435258
Routt,Colorado,2282963
Saguache,Colorado,172959
San Juan,Colorado,43441
San Miguel,Colorado,846960
Sedgwick,Colorado,90667
Summit,Colorado,3147916
Teller,Colorado,1030558
Washington,Colorado,186811
Weld,Colorado,22705689
Yuma,Colorado,462878
Fairfield,Connecticut,96598373
Hartford,Connecticut,87029233
Litchfield,Connecticut,9068950
Middlesex,Connecticut,10313590
New Haven,Connecticut,53369766
New London,Connecticut,19691503
Tolland,Connecticut,5417077
Windham,Connecticut,5121576
Kent,Delaware,8417117
New Castle,Delaware,54376189
Sussex,Delaware,15224189
District of Columbia,District of Columbia,146024260
Alachua,Florida,16176855
Baker,Florida,774660
Bay,Florida,10140163
Bradford,Florida,688898
Brevard,Florida,32780628
Broward,Florida,132361553
Calhoun,Florida,341706
Charlotte,Florida,6931496
Citrus,Florida,5072824
Clay,Florida,6677254
Collier,Florida,25133932
Columbia,Florida,2604298
DeSoto,Florida,1079903
Dixie,Florida,307380
Duval,Florida,79935863
Escambia,Florida,18157767
Flagler,Florida,3965282
Franklin,Florida,376936
Gadsden,Florida,1330410
Gilchrist,Florida,421677
Glades,Florida,337752
Gulf,Florida,492965
Hamilton,Florida,588042
Hardee,Florida,1156610
Hendry,Florida,1399197
Hernando,Florida,5319978
Highlands,Florida,2851212
Hillsborough,Florida,115772943
Holmes,Florida,431262
Indian River,Florida,7908751
Jackson,Florida,1406915
Jefferson,Florida,305245
Lafayette,Florida,210912
Lake,Florida,12548919
Lee,Florida,40416750
Leon,Florida,17611188
Levy,Florida,1124365
Liberty,Florida,370019
Madison,Florida,532368
Manatee,Florida,19186221
Marion,Florida,12616744
Martin,Florida,9481295
Miami-Dade,Florida,192808376
Monroe,Florida,6070417
Nassau,Florida,3797201
Okaloosa,Florida,14531174
Okeechobee,Florida,2123213
Orange,Florida,121343736
Osceola,Florida,14415205
Palm Beach,Florida,106719346
Pasco,Florida,17659216
Pinellas,Florida,60134522
Polk,Florida,32161734
Putnam,Florida,2565984
St. Johns,Florida,13515965
St. Lucie,Florida,12048037
Santa Rosa,Florida,5826688
Sarasota,Florida,26223346
Seminole,Florida,26998021
Sumter,Florida,5621636
Suwannee,Florida,1542844
Taylor,Florida,739282
Union,Florida,394035
Volusia,Florida,21986706
Wakulla,Florida,872371
Walton,Florida,4720447
Washington,Florida,701303
Appling,Georgia,1778298
Atkinson,Georgia,258743
Bacon,Georgia,391856
Baker,Georgia,60450
Baldwin,Georgia,1471197
Banks,Georgia,474502
Barrow,Georgia,2772259
Bartow,Georgia,5874786
Ben Hill,Georgia,611986
Berrien,Georgia,451070
Bibb,Georgia,8561447
Bleckley,Georgia,252909
Brantley,Georgia,297685
Brooks,Georgia,479844
Bryan,Georgia,1386502
Bulloch,Georgia,2740304
Burke,Georgia,2749854
Butts,Georgia,764005
Calhoun,Georgia,112194
Camden,Georgia,2035803
Candler,Georgia,297197
Carroll,Georgia,6746661
Catoosa,Georgia,1797606
Charlton,Georgia,209963
Chatham,Georgia,21999121
Chattahoochee,Georgia,1610723
Chattooga,Georgia,544860
Cherokee,Georgia,9564427
Clarke,Georgia,8249884
Clay,Georgia,87006
Clayton,Georgia,20759302
Clinch,Georgia,220585
Cobb,Georgia,63747621
Coffee,Georgia,1701780
Colquitt,Georgia,1560788
Columbia,Georgia,4681187
Cook,Georgia,403853
Coweta,Georgia,5790634
Crawford,Georgia,156674
Crisp,Georgia,1006841
Dade,Georgia,484238
Dawson,Georgia,1039479
Decatur,Georgia,1049463
DeKalb,Georgia,46351529
Dodge,Georgia,412479
Dooly,Georgia,341400
Dougherty,Georgia,4820604
Douglas,Georgia,5695324
Early,Georgia,496004
Echols,Georgia,41798
Effingham,Georgia,2344775
Elbert,Georgia,669673
Emanuel,Georgia,700790
Evans,Georgia,397455
Fannin,Georgia,924354
Fayette,Georgia,6109018
Floyd,Georgia,4378964
Forsyth,Georgia,11932381
Franklin,Georgia,972751
Fulton,Georgia,198475810
Gilmer,Georgia,1019444
Glascock,Georgia,31419
Glynn,Georgia,4529947
Gordon,Georgia,2463741
Grady,Georgia,619298
Greene,Georgia,907410
Gwinnett,Georgia,54664984
Habersham,Georgia,1490884
Hall,Georgia,13196711
Hancock,Georgia,152102
Haralson,Georgia,1031307
Harris,Georgia,641714
Hart,Georgia,903030
Heard,Georgia,1395088
Henry,Georgia,8316003
Houston,Georgia,7582120
Irwin,Georgia,214978
Jackson,Georgia,4436998
Jasper,Georgia,301042
Jeff Davis,Georgia,481741
Jefferson,Georgia,521917
Jenkins,Georgia,152664
Johnson,Georgia,120156
Jones,Georgia,436903
Lamar,Georgia,474582
Lanier,Georgia,137073
Laurens,Georgia,1967870
Lee,Georgia,811944
Liberty,Georgia,3910016
Lincoln,Georgia,135859
Long,Georgia,214188
Lowndes,Georgia,5331454
Lumpkin,Georgia,970374
McDuffie,Georgia,705983
McIntosh,Georgia,221120
Macon,Georgia,404368
Madison,Georgia,606226
Marion,Georgia,109737
Meriwether,Georgia,649474
Miller,Georgia,199147
Mitchell,Georgia,728036
Monroe,Georgia,1340806
Montgomery,Georgia,146407
Morgan,Georgia,1045856
Murray,Georgia,1496145
Muscogee,Georgia,10668407
Newton,Georgia,3185497
Oconee,Georgia,1824213
Oglethorpe,Georgia,328870
Paulding,Georgia,3626648
Peach,Georgia,968450
Pickens,Georgia,1108981
Pierce,Georgia,479419
Pike,Georgia,369342
Polk,Georgia,1357462
Pulaski,Georgia,267523
Putnam,Georgia,615927
Quitman,Georgia,31965
Rabun,Georgia,605814
Randolph,Georgia,182321
Richmond,Georgia,13146409
Rockdale,Georgia,4306313
Schley,Georgia,114050
Screven,Georgia,301279
Seminole,Georgia,297046
Spalding,Georgia,2280849
Stephens,Georgia,962013
Stewart,Georgia,164767
Sumter,Georgia,971974
Talbot,Georgia,145609
Taliaferro,Georgia,29027
Tattnall,Georgia,593515
Taylor,Georgia,222954
Telfair,Georgia,268469
Terrell,Georgia,237098
Thomas,Georgia,2355768
Tift,Georgia,2053957
Toombs,Georgia,1029663
Towns,Georgia,416649
Treutlen,Georgia,103731
Troup,Georgia,3900318
Turner,Georgia,206281
Twiggs,Georgia,229967
Union,Georgia,893996
Upson,Georgia,687668
Walker,Georgia,1645262
Walton,Georgia,3039385
Ware,Georgia,1383699
Warren,Georgia,166457
Washington,Georgia,637803
Wayne,Georgia,1816523
Webster,Georgia,66432
Wheeler,Georgia,114918
White,Georgia,920697
Whitfield,Georgia,5966879
Wilcox,Georgia,146004
Wilkes,Georgia,341281
Wilkinson,Georgia,529402
Worth,Georgia,308979
Hawaii,Hawaii,8774703
Honolulu,Hawaii,65999825
Kauai,Hawaii,4122688
Maui + Kalawao,Hawaii,9714929
Ada,Idaho,35113870
Adams,Idaho,138816
Bannock,Idaho,3223311
Bear Lake,Idaho,207235
Benewah,Idaho,377449
Bingham,Idaho,1633289
Blaine,Idaho,1891730
Boise,Idaho,177455
Bonner,Idaho,1889687
Bonneville,Idaho,6993646
Boundary,Idaho,425087
Butte,Idaho,1505828
Camas,Idaho,83058
Canyon,Idaho,8412247
Caribou,Idaho,764245
Cassia,Idaho,1624533
Clark,Idaho,39081
Clearwater,Idaho,376711
Custer,Idaho,190361
Elmore,Idaho,1402089
Franklin,Idaho,470685
Fremont,Idaho,436888
Gem,Idaho,484206
Gooding,Idaho,1161920
Idaho,Idaho,467030
Jefferson,Idaho,968754
Jerome,Idaho,1333618
Kootenai,Idaho,8343499
Latah,Idaho,1626765
Lemhi,Idaho,301863
Lewis,Idaho,166964
Lincoln,Idaho,259109
Madison,Idaho,1550948
Minidoka,Idaho,929267
Nez Perce,Idaho,2293576
Oneida,Idaho,158549
Owyhee,Idaho,445220
Payette,Idaho,891106
Power,Idaho,433698
Shoshone,Idaho,690255
Teton,Idaho,491722
Twin Falls,Idaho,4492281
Valley,Idaho,592687
Washington,Idaho,504932
Adams,Illinois,3564837
Alexander,Illinois,134411
Bond,Illinois,598697
Boone,Illinois,1677996
Brown,Illinois,432196
Bureau,Illinois,1210687
Calhoun,Illinois,92688
Carroll,Illinois,564549
Cass,Illinois,694219
Champaign,Illinois,12077598
Christian,Illinois,1464861
Clark,Illinois,520657
Clay,Illinois,594368
Clinton,Illinois,1150093
Coles,Illinois,2644677
Cook,Illinois,427566643
Crawford,Illinois,1083100
Cumberland,Illinois,987505
DeKalb,Illinois,4177414
De Witt,Illinois,1253741
Douglas,Illinois,1121123
DuPage,Illinois,100921668
Edgar,Illinois,848907
Edwards,Illinois,279408
Effingham,Illinois,2198016
Fayette,Illinois,578070
Ford,Illinois,828588
Franklin,Illinois,969829
Fulton,Illinois,859833
Gallatin,Illinois,151124
Greene,Illinois,320177
Grundy,Illinois,4536653
Hamilton,Illinois,307036
Hancock,Illinois,596329
Hardin,Illinois,100553
Henderson,Illinois,179187
Henry,Illinois,1560040
Iroquois,Illinois,1029374
Jackson,Illinois,2616146
Jasper,Illinois,471934
Jefferson,Illinois,1754054
Jersey,Illinois,522212
Jo Daviess,Illinois,825237
Johnson,Illinois,220784
Kane,Illinois,28130759
Kankakee,Illinois,7040527
Kendall,Illinois,3917362
Knox,Illinois,1736146
Lake,Illinois,65112727
LaSalle,Illinois,5896416
Lawrence,Illinois,487412
Lee,Illinois,1590627
Livingston,Illinois,2185909
Logan,Illinois,1057858
McDonough,Illinois,1110554
McHenry,Illinois,11819877
McLean,Illinois,12363558
Macon,Illinois,7017642
Macoupin,Illinois,1148865
Madison,Illinois,11236150
Marion,Illinois,1331300
Marshall,Illinois,461233
Mason,Illinois,450786
Massac,Illinois,371182
Menard,Illinois,263932
Mercer,Illinois,424760
Monroe,Illinois,1037120
Montgomery,Illinois,1201183
Morgan,Illinois,1499477
Moultrie,Illinois,806577
Ogle,Illinois,2984539
Peoria,Illinois,13248830
Perry,Illinois,628861
Piatt,Illinois,519338
Pike,Illinois,548769
Pope,Illinois,59996
Pulaski,Illinois,151032
Putnam,Illinois,306599
Randolph,Illinois,1522952
Richland,Illinois,558612
Rock Island,Illinois,10037364
St. Clair,Illinois,12481020
Saline,Illinois,810808
Sangamon,Illinois,11807838
Schuyler,Illinois,226300
Scott,Illinois,151463
Shelby,Illinois,825949
Stark,Illinois,255768
Stephenson,Illinois,1800491
Tazewell,Illinois,5918091
Union,Illinois,395665
Vermilion,Illinois,3262640
Wabash,Illinois,329762
Warren,Illinois,854586
Washington,Illinois,1040903
Wayne,Illinois,455309
White,Illinois,506545
Whiteside,Illinois,2146857
Will,Illinois,37664561
Williamson,Illinois,3072167
Winnebago,Illinois,14026051
Woodford,Illinois,1248514
Adams,Indiana,1780675
Allen,Indiana,22655060
Bartholomew,Indiana,6847408
Benton,Indiana,486006
Blackford,Indiana,333249
Boone,Indiana,4384492
Brown,Indiana,315494
Carroll,Indiana,690943
Cass,Indiana,1485297
Clark,Indiana,5930137
Clay,Indiana,887000
Clinton,Indiana,1538816
Crawford,Indiana,194233
Daviess,Indiana,1524689
Dearborn,Indiana,1840758
Decatur,Indiana,1639380
DeKalb,Indiana,2813045
Delaware,Indiana,4336147
Dubois,Indiana,2714027
Elkhart,Indiana,18282076
Fayette,Indiana,561277
Floyd,Indiana,3153211
Fountain,Indiana,576236
Franklin,Indiana,562803
Fulton,Indiana,716930
Gibson,Indiana,3773866
Grant,Indiana,2526146
Greene,Indiana,663129
Hamilton,Indiana,23231110
Hancock,Indiana,3761571
Harrison,Indiana,1239291
Hendricks,Indiana,7751155
Henry,Indiana,1536053
Howard,Indiana,4968417
Huntington,Indiana,1582554
Jackson,Indiana,2882407
Jasper,Indiana,1438667
Jay,Indiana,1052466
Jefferson,Indiana,1713315
Jennings,Indiana,749300
Johnson,Indiana,6157867
Knox,Indiana,1903915
Kosciusko,Indiana,6390847
Lagrange,Indiana,1938105
Lake,Indiana,24165578
LaPorte,Indiana,4396220
Lawrence,Indiana,1488721
Madison,Indiana,4131600
Marion,Indiana,106819869
Marshall,Indiana,1726578
Martin,Indiana,1185807
Miami,Indiana,936012
Monroe,Indiana,7295054
Montgomery,Indiana,1882560
Morgan,Indiana,1989762
Newton,Indiana,354299
Noble,Indiana,2045852
Ohio,Indiana,113603
Orange,Indiana,675715
Owen,Indiana,612523
Parke,Indiana,412240
Perry,Indiana,930525
Pike,Indiana,531808
Porter,Indiana,8223354
Posey,Indiana,4598651
Pulaski,Indiana,709451
Putnam,Indiana,1107496
Randolph,Indiana,928348
Ripley,Indiana,1078202
Rush,Indiana,663526
St. Joseph,Indiana,14975120
Scott,Indiana,717434
Shelby,Indiana,2174492
Spencer,Indiana,912024
Starke,Indiana,561117
Steuben,Indiana,1511050
Sullivan,Indiana,968271
Switzerland,Indiana,244489
Tippecanoe,Indiana,10924881
Tipton,Indiana,657663
Union,Indiana,147699
Vanderburgh,Indiana,11755123
Vermillion,Indiana,935783
Vigo,Indiana,5006205
Wabash,Indiana,1311465
Warren,Indiana,283351
Warrick,Indiana,2690518
Washington,Indiana,718095
Wayne,Indiana,2969521
Wells,Indiana,1199283
White,Indiana,1143932
Whitley,Indiana,2050396
Adair,Iowa,500394
Adams,Iowa,215688
Allamakee,Iowa,533600
Appanoose,Iowa,393687
Audubon,Iowa,347585
Benton,Iowa,897548
Black Hawk,Iowa,7953333
Boone,Iowa,1040805
Bremer,Iowa,1205892
Buchanan,Iowa,827922
Buena Vista,Iowa,1425482
Butler,Iowa,550384
Calhoun,Iowa,427098
Carroll,Iowa,1355124
Cass,Iowa,726514
Cedar,Iowa,629905
Cerro Gordo,Iowa,2771827
Cherokee,Iowa,810264
Chickasaw,Iowa,806330
Clarke,Iowa,438218
Clay,Iowa,1104274
Clayton,Iowa,850637
Clinton,Iowa,2288022
Crawford,Iowa,812843
Dallas,Iowa,8031733
Davis,Iowa,291449
Decatur,Iowa,207514
Delaware,Iowa,944374
Des Moines,Iowa,2124389
Dickinson,Iowa,1105415
Dubuque,Iowa,7014874
Emmet,Iowa,346032
Fayette,Iowa,758170
Floyd,Iowa,886329
Franklin,Iowa,614966
Fremont,Iowa,328808
Greene,Iowa,514357
Grundy,Iowa,570433
Guthrie,Iowa,534964
Hamilton,Iowa,788053
Hancock,Iowa,897652
Hardin,Iowa,933199
Harrison,Iowa,535290
Henry,Iowa,899720
Howard,Iowa,540575
Humboldt,Iowa,451174
Ida,Iowa,626486
Iowa,Iowa,964151
Jackson,Iowa,659075
Jasper,Iowa,1174834
Jefferson,Iowa,740786
Johnson,Iowa,9674806
Jones,Iowa,673402
Keokuk,Iowa,336576
Kossuth,Iowa,981971
Lee,Iowa,1774682
Linn,Iowa,17227849
Louisa,Iowa,769295
Lucas,Iowa,266695
Lyon,Iowa,960549
Madison,Iowa,506735
Mahaska,Iowa,870010
Marion,Iowa,2189021
Marshall,Iowa,1772838
Mills,Iowa,512229
Mitchell,Iowa,804208
Monona,Iowa,383764
Monroe,Iowa,484287
Montgomery,Iowa,423925
Muscatine,Iowa,2524754
'O''Brien',Iowa,898626
Osceola,Iowa,379581
Page,Iowa,636541
Palo Alto,Iowa,556422
Plymouth,Iowa,1569701
Pocahontas,Iowa,471793
Polk,Iowa,48719285
Pottawattamie,Iowa,4552586
Poweshiek,Iowa,1215623
Ringgold,Iowa,157466
Sac,Iowa,581965
Scott,Iowa,10401105
Shelby,Iowa,808166
Sioux,Iowa,2577309
Story,Iowa,5913693
Tama,Iowa,662882
Taylor,Iowa,281085
Union,Iowa,820383
Van Buren,Iowa,223115
Wapello,Iowa,1720335
Warren,Iowa,1435070
Washington,Iowa,1263482
Wayne,Iowa,227226
Webster,Iowa,2115534
Winnebago,Iowa,481408
Winneshiek,Iowa,1001120
Woodbury,Iowa,5531457
Worth,Iowa,368459
Wright,Iowa,841855
Allen,Kansas,550597
Anderson,Kansas,387165
Atchison,Kansas,613259
Barber,Kansas,202673
Barton,Kansas,1292914
Bourbon,Kansas,577764
Brown,Kansas,504554
Butler,Kansas,2724650
Chase,Kansas,124425
Chautauqua,Kansas,85261
Cherokee,Kansas,834410
Cheyenne,Kansas,132840
Clark,Kansas,216834
Clay,Kansas,282112
Cloud,Kansas,456890
Coffey,Kansas,717940
Comanche,Kansas,71049
Cowley,Kansas,1311009
Crawford,Kansas,1646436
Decatur,Kansas,161677
Dickinson,Kansas,665664
Doniphan,Kansas,247113
Douglas,Kansas,5438191
Edwards,Kansas,167344
Elk,Kansas,86035
Ellis,Kansas,1738049
Ellsworth,Kansas,281763
Finney,Kansas,2310012
Ford,Kansas,2405288
Franklin,Kansas,873801
Geary,Kansas,2847226
Gove,Kansas,225172
Graham,Kansas,171650
Grant,Kansas,384780
Gray,Kansas,658720
Greeley,Kansas,129986
Greenwood,Kansas,177441
Hamilton,Kansas,216527
Harper,Kansas,291040
Harvey,Kansas,1345105
Haskell,Kansas,369292
Hodgeman,Kansas,139278
Jackson,Kansas,365647
Jefferson,Kansas,372622
Jewell,Kansas,130802
Johnson,Kansas,58411422
Kearny,Kansas,227969
Kingman,Kansas,315236
Kiowa,Kansas,114986
Labette,Kansas,803553
Lane,Kansas,151780
Leavenworth,Kansas,3046021
Lincoln,Kansas,147096
Linn,Kansas,487297
Logan,Kansas,165949
Lyon,Kansas,1536126
McPherson,Kansas,2007929
Marion,Kansas,401797
Marshall,Kansas,555505
Meade,Kansas,224946
Miami,Kansas,1071145
Mitchell,Kansas,536474
Montgomery,Kansas,2037902
Morris,Kansas,208496
Morton,Kansas,151360
Nemaha,Kansas,491989
Neosho,Kansas,612619
Ness,Kansas,212760
Norton,Kansas,310436
Osage,Kansas,317349
Osborne,Kansas,198611
Ottawa,Kansas,134837
Pawnee,Kansas,285582
Phillips,Kansas,413878
Pottawatomie,Kansas,1191831
Pratt,Kansas,574584
Rawlins,Kansas,129470
Reno,Kansas,2661870
Republic,Kansas,219863
Rice,Kansas,673956
Riley,Kansas,2986995
Rooks,Kansas,217986
Rush,Kansas,153710
Russell,Kansas,304424
Saline,Kansas,2951984
Scott,Kansas,380077
Sedgwick,Kansas,32926595
Seward,Kansas,1285571
Shawnee,Kansas,11062377
Sheridan,Kansas,182027
Sherman,Kansas,322253
Smith,Kansas,195493
Stafford,Kansas,203654
Stanton,Kansas,187303
Stevens,Kansas,334599
Sumner,Kansas,738340
Thomas,Kansas,689630
Trego,Kansas,182719
Wabaunsee,Kansas,139826
Wallace,Kansas,81315
Washington,Kansas,204458
Wichita,Kansas,231735
Wilson,Kansas,323292
Woodson,Kansas,81730
Wyandotte,Kansas,11587330
Adair,Kentucky,401269
Allen,Kentucky,470693
Anderson,Kentucky,587853
Ballard,Kentucky,262736
Barren,Kentucky,1393900
Bath,Kentucky,205484
Bell,Kentucky,746751
Boone,Kentucky,12390860
Bourbon,Kentucky,922480
Boyd,Kentucky,2906677
Boyle,Kentucky,1326937
Bracken,Kentucky,171819
Breathitt,Kentucky,234667
Breckinridge,Kentucky,376576
Bullitt,Kentucky,2663712
Butler,Kentucky,311477
Caldwell,Kentucky,419651
Calloway,Kentucky,1423963
Campbell,Kentucky,3781082
Carlisle,Kentucky,188897
Carroll,Kentucky,1869655
Carter,Kentucky,504300
Casey,Kentucky,344675
Christian,Kentucky,6064788
Clark,Kentucky,1534534
Clay,Kentucky,359732
Clinton,Kentucky,319516
Crittenden,Kentucky,188434
Cumberland,Kentucky,180698
Daviess,Kentucky,4652119
Edmonson,Kentucky,186493
Elliott,Kentucky,84941
Estill,Kentucky,234918
Fayette,Kentucky,22149133
Fleming,Kentucky,326112
Floyd,Kentucky,1096792
Franklin,Kentucky,3439911
Fulton,Kentucky,222797
Gallatin,Kentucky,394823
Garrard,Kentucky,295918
Grant,Kentucky,575458
Graves,Kentucky,1290645
Grayson,Kentucky,723147
Green,Kentucky,164384
Greenup,Kentucky,805423
Hancock,Kentucky,878191
Hardin,Kentucky,5739094
Harlan,Kentucky,568524
Harrison,Kentucky,535178
Hart,Kentucky,598024
Henderson,Kentucky,2171778
Henry,Kentucky,343437
Hickman,Kentucky,188438
Hopkins,Kentucky,1912179
Jackson,Kentucky,167968
Jefferson,Kentucky,60907816
Jessamine,Kentucky,2177706
Johnson,Kentucky,451049
Kenton,Kentucky,9608875
Knott,Kentucky,209998
Knox,Kentucky,641557
Larue,Kentucky,219291
Laurel,Kentucky,2274446
Lawrence,Kentucky,411484
Lee,Kentucky,133745
Leslie,Kentucky,152009
Letcher,Kentucky,407657
Lewis,Kentucky,198358
Lincoln,Kentucky,437831
Livingston,Kentucky,328823
Logan,Kentucky,1142686
Lyon,Kentucky,246162
McCracken,Kentucky,5106986
McCreary,Kentucky,261087
McLean,Kentucky,230147
Madison,Kentucky,3358458
Magoffin,Kentucky,154012
Marion,Kentucky,934829
Marshall,Kentucky,1394413
Martin,Kentucky,193927
Mason,Kentucky,1257681
Meade,Kentucky,666561
Menifee,Kentucky,92195
Mercer,Kentucky,835839
Metcalfe,Kentucky,198137
Monroe,Kentucky,310862
Montgomery,Kentucky,1072007
Morgan,Kentucky,282920
Muhlenberg,Kentucky,1167632
Nelson,Kentucky,1770249
Nicholas,Kentucky,91829
Ohio,Kentucky,832071
Oldham,Kentucky,2148045
Owen,Kentucky,184031
Owsley,Kentucky,56263
Pendleton,Kentucky,301659
Perry,Kentucky,999213
Pike,Kentucky,1982514
Powell,Kentucky,242937
Pulaski,Kentucky,2329999
Robertson,Kentucky,30228
Rockcastle,Kentucky,366269
Rowan,Kentucky,821901
Russell,Kentucky,778889
Scott,Kentucky,3471923
Shelby,Kentucky,1757529
Simpson,Kentucky,1047507
Spencer,Kentucky,318849
Taylor,Kentucky,853935
Todd,Kentucky,408628
Trigg,Kentucky,296525
Trimble,Kentucky,520857
Union,Kentucky,823576
Warren,Kentucky,8637440
Washington,Kentucky,340036
Wayne,Kentucky,412747
Webster,Kentucky,361871
Whitley,Kentucky,1148490
Wolfe,Kentucky,122956
Woodford,Kentucky,1154397
Acadia,Louisiana,1554051
Allen,Louisiana,744574
Ascension,Louisiana,9397317
Assumption,Louisiana,504452
Avoyelles,Louisiana,949990
Beauregard,Louisiana,1415291
Bienville,Louisiana,658673
Bossier,Louisiana,5719967
Caddo,Louisiana,14118726
Calcasieu,Louisiana,13869163
Caldwell,Louisiana,187609
Cameron,Louisiana,733161
Catahoula,Louisiana,183886
Claiborne,Louisiana,384953
Concordia,Louisiana,586711
De Soto,Louisiana,2694250
East Baton Rouge,Louisiana,35303037
East Carroll,Louisiana,124236
East Feliciana,Louisiana,512387
Evangeline,Louisiana,936274
Franklin,Louisiana,497508
Grant,Louisiana,426166
Iberia,Louisiana,2831501
Iberville,Louisiana,2473237
Jackson,Louisiana,435954
Jefferson,Louisiana,24410200
Jefferson Davis,Louisiana,782510
Lafayette,Louisiana,15460525
Lafourche,Louisiana,4364179
LaSalle,Louisiana,485221
Lincoln,Louisiana,2076857
Livingston,Louisiana,3321450
Madison,Louisiana,345978
Morehouse,Louisiana,557512
Natchitoches,Louisiana,1487520
Orleans,Louisiana,23805024
Ouachita,Louisiana,7254241
Plaquemines,Louisiana,2689374
Pointe Coupee,Louisiana,784186
Rapides,Louisiana,5658355
Red River,Louisiana,786153
Richland,Louisiana,667505
Sabine,Louisiana,1064109
St. Bernard,Louisiana,1239124
St. Charles,Louisiana,8921067
St. Helena,Louisiana,205351
St. James,Louisiana,2423056
St. John the Baptist,Louisiana,2781487
St. Landry,Louisiana,2382202
St. Martin,Louisiana,1417857
St. Mary,Louisiana,2877217
St. Tammany,Louisiana,13057249
Tangipahoa,Louisiana,4756791
Tensas,Louisiana,109470
Terrebonne,Louisiana,5525959
Union,Louisiana,504199
Vermilion,Louisiana,1374251
Vernon,Louisiana,2048619
Washington,Louisiana,1113274
Webster,Louisiana,1132725
West Baton Rouge,Louisiana,1549862
West Carroll,Louisiana,176848
West Feliciana,Louisiana,870155
Winn,Louisiana,568235
Androscoggin,Maine,5383444
Aroostook,Maine,2570781
Cumberland,Maine,26732301
Franklin,Maine,1138827
Hancock,Maine,2738772
Kennebec,Maine,6534809
Knox,Maine,2021203
Lincoln,Maine,1375392
Oxford,Maine,1912837
Penobscot,Maine,7231746
Piscataquis,Maine,643090
Sagadahoc,Maine,2398061
Somerset,Maine,1802108
Waldo,Maine,1533828
Washington,Maine,1106320
York,Maine,10112682
Allegany,Maryland,2686150
Anne Arundel,Maryland,52855578
Baltimore,Maryland,56988352
Calvert,Maryland,4437122
Caroline,Maryland,1178947
Carroll,Maryland,6678160
Cecil,Maryland,5480881
Charles,Maryland,6092222
Dorchester,Maryland,1321022
Frederick,Maryland,15401837
Garrett,Maryland,1312205
Harford,Maryland,13702502
Howard,Maryland,30108718
Kent,Maryland,970030
Montgomery,Maryland,95022737
'Prince George''s',Maryland,48649645
'Queen Anne''s',Maryland,2077194
'St. Mary''s',Maryland,8198447
Somerset,Maryland,797479
Talbot,Maryland,2119369
Washington,Maryland,7232578
Wicomico,Maryland,5451770
Worcester,Maryland,2957157
Baltimore City,Maryland,51151033
Barnstable,Massachusetts,14483670
Berkshire,Massachusetts,7240663
Bristol,Massachusetts,27170801
Dukes,Massachusetts,1596463
Essex,Massachusetts,48080288
Franklin,Massachusetts,2988888
Hampden,Massachusetts,23113491
Hampshire,Massachusetts,7823339
Middlesex,Massachusetts,197209394
Nantucket,Massachusetts,1519088
Norfolk,Massachusetts,58088322
Plymouth,Massachusetts,27762507
Suffolk,Massachusetts,151981903
Worcester,Massachusetts,46807136
Alcona,Michigan,222259
Alger,Michigan,262200
Allegan,Michigan,5103112
Alpena,Michigan,1153565
Antrim,Michigan,630545
Arenac,Michigan,437524
Baraga,Michigan,300212
Barry,Michigan,1704288
Bay,Michigan,3628109
Benzie,Michigan,564663
Berrien,Michigan,7361870
Branch,Michigan,1446933
Calhoun,Michigan,7197440
Cass,Michigan,1588802
Charlevoix,Michigan,1328042
Cheboygan,Michigan,677824
Chippewa,Michigan,1271133
Clare,Michigan,1243321
Clinton,Michigan,2441540
Crawford,Michigan,453997
Delta,Michigan,1221115
Dickinson,Michigan,1369976
Eaton,Michigan,6091867
Emmet,Michigan,1966880
Genesee,Michigan,16090544
Gladwin,Michigan,470332
Gogebic,Michigan,484235
Grand Traverse,Michigan,5782816
Gratiot,Michigan,1561141
Hillsdale,Michigan,1872509
Houghton,Michigan,1212067
Huron,Michigan,1645881
Ingham,Michigan,18899392
Ionia,Michigan,1891422
Iosco,Michigan,958526
Iron,Michigan,327128
Isabella,Michigan,2548155
Jackson,Michigan,6909361
Kalamazoo,Michigan,16666024
Kalkaska,Michigan,619912
Kent,Michigan,46488276
Keweenaw,Michigan,63374
Lake,Michigan,215175
Lapeer,Michigan,2432790
Leelanau,Michigan,848712
Lenawee,Michigan,3414233
Livingston,Michigan,7752182
Luce,Michigan,165173
Mackinac,Michigan,521059
Macomb,Michigan,42989560
Manistee,Michigan,886312
Marquette,Michigan,2895594
Mason,Michigan,1029011
Mecosta,Michigan,1323440
Menominee,Michigan,744697
Midland,Michigan,6344935
Missaukee,Michigan,453918
Monroe,Michigan,6247886
Montcalm,Michigan,1684145
Montmorency,Michigan,247552
Muskegon,Michigan,6493351
Newaygo,Michigan,1621830
Oakland,Michigan,114874085
Oceana,Michigan,655313
Ogemaw,Michigan,550920
Ontonagon,Michigan,136639
Osceola,Michigan,804299
Oscoda,Michigan,231107
Otsego,Michigan,1179916
Ottawa,Michigan,16152381
Presque Isle,Michigan,377642
Roscommon,Michigan,632223
Saginaw,Michigan,8934115
St. Clair,Michigan,6038254
St. Joseph,Michigan,2232753
Sanilac,Michigan,1288840
Schoolcraft,Michigan,278352
Shiawassee,Michigan,1848724
Tuscola,Michigan,1437917
Van Buren,Michigan,2626677
Washtenaw,Michigan,27760301
Wayne,Michigan,102394962
Wexford,Michigan,1364403
Aitkin,Minnesota,480680
Anoka,Minnesota,15877005
Becker,Minnesota,1488619
Beltrami,Minnesota,1910450
Benton,Minnesota,1805140
Big Stone,Minnesota,229850
Blue Earth,Minnesota,4174644
Brown,Minnesota,1475880
Carlton,Minnesota,1371032
Carver,Minnesota,6058226
Cass,Minnesota,1053009
Chippewa,Minnesota,571377
Chisago,Minnesota,1729463
Clay,Minnesota,2199170
Clearwater,Minnesota,301698
Cook,Minnesota,294725
Cottonwood,Minnesota,635748
Crow Wing,Minnesota,3007898
Dakota,Minnesota,27844109
Dodge,Minnesota,794032
Douglas,Minnesota,2083663
Faribault,Minnesota,551249
Fillmore,Minnesota,680710
Freeborn,Minnesota,1281661
Goodhue,Minnesota,2865729
Grant,Minnesota,259855
Hennepin,Minnesota,153162816
Houston,Minnesota,591568
Hubbard,Minnesota,753919
Isanti,Minnesota,1196217
Itasca,Minnesota,2128986
Jackson,Minnesota,614284
Kanabec,Minnesota,390906
Kandiyohi,Minnesota,2208229
Kittson,Minnesota,211484
Koochiching,Minnesota,496496
Lac qui Parle,Minnesota,325390
Lake,Minnesota,516864
Lake of the Woods,Minnesota,190748
Le Sueur,Minnesota,978654
Lincoln,Minnesota,437918
Lyon,Minnesota,1593208
McLeod,Minnesota,1779165
Mahnomen,Minnesota,180406
Marshall,Minnesota,384573
Martin,Minnesota,936718
Meeker,Minnesota,1279906
Mille Lacs,Minnesota,861629
Morrison,Minnesota,1126406
Mower,Minnesota,2370640
Murray,Minnesota,496383
Nicollet,Minnesota,1495660
Nobles,Minnesota,1284714
Norman,Minnesota,192057
Olmsted,Minnesota,12632373
Otter Tail,Minnesota,2456540
Pennington,Minnesota,1981924
Pine,Minnesota,702512
Pipestone,Minnesota,683865
Polk,Minnesota,1265187
Pope,Minnesota,524630
Ramsey,Minnesota,44416566
Red Lake,Minnesota,176908
Redwood,Minnesota,1057182
Renville,Minnesota,774751
Rice,Minnesota,2994454
Rock,Minnesota,654896
Roseau,Minnesota,1288795
St. Louis,Minnesota,11012246
Scott,Minnesota,7791777
Sherburne,Minnesota,3483095
Sibley,Minnesota,460320
Stearns,Minnesota,9293477
Steele,Minnesota,2223494
Stevens,Minnesota,531993
Swift,Minnesota,571031
Todd,Minnesota,820970
Traverse,Minnesota,241941
Wabasha,Minnesota,763145
Wadena,Minnesota,527522
Waseca,Minnesota,872591
Washington,Minnesota,12783370
Watonwan,Minnesota,442393
Wilkin,Minnesota,357795
Winona,Minnesota,2301208
Wright,Minnesota,5162637
Yellow Medicine,Minnesota,561042
Adams,Mississippi,958252
Alcorn,Mississippi,1278826
Amite,Mississippi,299151
Attala,Mississippi,531911
Benton,Mississippi,326061
Bolivar,Mississippi,1080532
Calhoun,Mississippi,277419
Carroll,Mississippi,101956
Chickasaw,Mississippi,415484
Choctaw,Mississippi,672920
Claiborne,Mississippi,753089
Clarke,Mississippi,292827
Clay,Mississippi,535009
Coahoma,Mississippi,670009
Copiah,Mississippi,724176
Covington,Mississippi,737305
DeSoto,Mississippi,7078157
Forrest,Mississippi,3747996
Franklin,Mississippi,207644
George,Mississippi,510548
Greene,Mississippi,183330
Grenada,Mississippi,892512
Hancock,Mississippi,1828268
Harrison,Mississippi,9741404
Hinds,Mississippi,12174864
Holmes,Mississippi,266001
Humphreys,Mississippi,187507
Issaquena,Mississippi,27998
Itawamba,Mississippi,616532
Jackson,Mississippi,7391018
Jasper,Mississippi,470877
Jefferson,Mississippi,97447
Jefferson Davis,Mississippi,184586
Jones,Mississippi,2958184
Kemper,Mississippi,286202
Lafayette,Mississippi,2364876
Lamar,Mississippi,2132030
Lauderdale,Mississippi,3541660
Lawrence,Mississippi,348875
Leake,Mississippi,622007
Lee,Mississippi,5020893
Leflore,Mississippi,1152844
Lincoln,Mississippi,1167545
Lowndes,Mississippi,3253802
Madison,Mississippi,7803969
Marion,Mississippi,817294
Marshall,Mississippi,862414
Monroe,Mississippi,940091
Montgomery,Mississippi,202257
Neshoba,Mississippi,1113354
Newton,Mississippi,538509
Noxubee,Mississippi,251454
Oktibbeha,Mississippi,2003967
Panola,Mississippi,1104627
Pearl River,Mississippi,1141163
Perry,Mississippi,293559
Pike,Mississippi,1168457
Pontotoc,Mississippi,938689
Prentiss,Mississippi,602847
Quitman,Mississippi,98841
Rankin,Mississippi,7607143
Scott,Mississippi,1069790
Sharkey,Mississippi,104614
Simpson,Mississippi,642787
Smith,Mississippi,383376
Stone,Mississippi,434561
Sunflower,Mississippi,712284
Tallahatchie,Mississippi,310903
Tate,Mississippi,576604
Tippah,Mississippi,663012
Tishomingo,Mississippi,659740
Tunica,Mississippi,624648
Union,Mississippi,1153362
Walthall,Mississippi,262864
Warren,Mississippi,2434014
Washington,Mississippi,1398082
Wayne,Mississippi,623060
Webster,Mississippi,218842
Wilkinson,Mississippi,148521
Winston,Mississippi,498271
Yalobusha,Mississippi,312425
Yazoo,Mississippi,763175
Adair,Missouri,856741
Andrew,Missouri,308512
Atchison,Missouri,389756
Audrain,Missouri,922972
Barry,Missouri,1588323
Barton,Missouri,409870
Bates,Missouri,456676
Benton,Missouri,458360
Bollinger,Missouri,167618
Boone,Missouri,10266814
Buchanan,Missouri,5019640
Butler,Missouri,1538188
Caldwell,Missouri,222603
Callaway,Missouri,1925497
Camden,Missouri,1733853
Cape Girardeau,Missouri,4292056
Carroll,Missouri,338477
Carter,Missouri,127607
Cass,Missouri,3032459
Cedar,Missouri,322563
Chariton,Missouri,296937
Christian,Missouri,1969109
Clark,Missouri,166743
Clay,Missouri,13854366
Clinton,Missouri,414136
Cole,Missouri,5729719
Cooper,Missouri,490033
Crawford,Missouri,738930
Dade,Missouri,196059
Dallas,Missouri,297278
Daviess,Missouri,175469
DeKalb,Missouri,317276
Dent,Missouri,374432
Douglas,Missouri,220231
Dunklin,Missouri,735340
Franklin,Missouri,5001462
Gasconade,Missouri,460229
Gentry,Missouri,217487
Greene,Missouri,18534513
Grundy,Missouri,303454
Harrison,Missouri,243180
Henry,Missouri,795071
Hickory,Missouri,178552
Holt,Missouri,191196
Howard,Missouri,227665
Howell,Missouri,1363953
Iron,Missouri,357416
Jackson,Missouri,51267431
Jasper,Missouri,5489065
Jefferson,Missouri,5124802
Johnson,Missouri,1968735
Knox,Missouri,131760
Laclede,Missouri,1654847
Lafayette,Missouri,879153
Lawrence,Missouri,947786
Lewis,Missouri,245245
Lincoln,Missouri,1368075
Linn,Missouri,404525
Livingston,Missouri,563493
McDonald,Missouri,789415
Macon,Missouri,613023
Madison,Missouri,280456
Maries,Missouri,188998
Marion,Missouri,1249377
Mercer,Missouri,106381
Miller,Missouri,735707
Mississippi,Missouri,323478
Moniteau,Missouri,481732
Monroe,Missouri,238019
Montgomery,Missouri,366081
Morgan,Missouri,579947
New Madrid,Missouri,993448
Newton,Missouri,2207312
Nodaway,Missouri,750826
Oregon,Missouri,210889
Osage,Missouri,430951
Ozark,Missouri,150006
Pemiscot,Missouri,449499
Perry,Missouri,903069
Pettis,Missouri,2479925
Phelps,Missouri,1680273
Pike,Missouri,553471
Platte,Missouri,7648431
Polk,Missouri,917541
Pulaski,Missouri,2335292
Putnam,Missouri,133505
Ralls,Missouri,673421
Randolph,Missouri,1281782
Ray,Missouri,504120
Reynolds,Missouri,205807
Ripley,Missouri,216308
St. Charles,Missouri,20406941
St. Clair,Missouri,201731
Ste Genevieve,Missouri,638568
St. Francois,Missouri,1765541
car,Missouri,91847187
Saline,Missouri,1000245
Schuyler,Missouri,142274
Scotland,Missouri,177598
Scott,Missouri,1718224
Shannon,Missouri,143648
Shelby,Missouri,186679
Stoddard,Missouri,1058173
Stone,Missouri,794340
Sullivan,Missouri,473531
Taney,Missouri,2824240
Texas,Missouri,550422
Vernon,Missouri,875575
Warren,Missouri,890041
Washington,Missouri,411747
Wayne,Missouri,216356
Webster,Missouri,879885
Worth,Missouri,52039
Wright,Missouri,456789
St. Louis City,Missouri,31984683
Beaverhead,Montana,455642
Big Horn,Montana,873733
Blaine,Montana,196233
Broadwater,Montana,210880
Carbon,Montana,384861
Carter,Montana,43096
Cascade,Montana,4179787
Chouteau,Montana,331841
Custer,Montana,500517
Daniels,Montana,97576
Dawson,Montana,396732
Deer Lodge,Montana,331833
Fallon,Montana,202524
Fergus,Montana,507457
Flathead,Montana,5290713
Gallatin,Montana,8543217
Garfield,Montana,48085
Glacier,Montana,543718
Golden Valley,Montana,25397
Granite,Montana,116300
Hill,Montana,820598
Jefferson,Montana,276561
Judith Basin,Montana,100511
Lake,Montana,918822
Lewis and Clark,Montana,4171390
Liberty,Montana,257262
Lincoln,Montana,634094
McCone,Montana,82820
Madison,Montana,546777
Meagher,Montana,70393
Mineral,Montana,111031
Missoula,Montana,6623001
Musselshell,Montana,337296
Park,Montana,661029
Petroleum,Montana,17007
Phillips,Montana,129651
Pondera,Montana,301426
Powder River,Montana,129240
Powell,Montana,259064
Prairie,Montana,43514
Ravalli,Montana,1347507
Richland,Montana,986153
Roosevelt,Montana,436153
Rosebud,Montana,758297
Sanders,Montana,376212
Sheridan,Montana,166278
Silver Bow,Montana,1645474
Stillwater,Montana,539528
Sweet Grass,Montana,208458
Teton,Montana,293022
Toole,Montana,409543
Treasure,Montana,78837
Valley,Montana,304515
Wheatland,Montana,79502
Wibaux,Montana,43450
Yellowstone,Montana,9993308
Adams,Nebraska,2113723
Antelope,Nebraska,642726
Arthur,Nebraska,21940
Banner,Nebraska,39459
Blaine,Nebraska,32659
Boone,Nebraska,471551
Box Butte,Nebraska,506576
Boyd,Nebraska,115696
Brown,Nebraska,207267
Buffalo,Nebraska,3785265
Burt,Nebraska,323323
Butler,Nebraska,426354
Cass,Nebraska,866098
Cedar,Nebraska,468107
Chase,Nebraska,330167
Cherry,Nebraska,336749
Cheyenne,Nebraska,507054
Clay,Nebraska,368017
Colfax,Nebraska,815745
Cuming,Nebraska,846103
Custer,Nebraska,762617
Dakota,Nebraska,1821446
Dawes,Nebraska,285030
Dawson,Nebraska,1720014
Deuel,Nebraska,80904
Dixon,Nebraska,367960
Dodge,Nebraska,2382098
Douglas,Nebraska,56371635
Dundy,Nebraska,177606
Fillmore,Nebraska,424740
Franklin,Nebraska,115265
Frontier,Nebraska,132711
Furnas,Nebraska,336094
Gage,Nebraska,1151648
Garden,Nebraska,77513
Garfield,Nebraska,87380
Gosper,Nebraska,112057
Grant,Nebraska,30885
Greeley,Nebraska,133892
Hall,Nebraska,3988044
Hamilton,Nebraska,716614
Harlan,Nebraska,196595
Hayes,Nebraska,87710
Hitchcock,Nebraska,176749
Holt,Nebraska,680966
Hooker,Nebraska,30364
Howard,Nebraska,236808
Jefferson,Nebraska,469343
Johnson,Nebraska,204420
Kearney,Nebraska,412674
Keith,Nebraska,406061
Keya Paha,Nebraska,33771
Kimball,Nebraska,193315
Knox,Nebraska,666307
Lancaster,Nebraska,21955532
Lincoln,Nebraska,2457678
Logan,Nebraska,33752
Loup,Nebraska,36037
McPherson,Nebraska,28502
Madison,Nebraska,2455983
Merrick,Nebraska,410324
Morrill,Nebraska,328848
Nance,Nebraska,186062
Nemaha,Nebraska,794929
Nuckolls,Nebraska,331762
Otoe,Nebraska,1308857
Pawnee,Nebraska,130294
Perkins,Nebraska,308570
Phelps,Nebraska,836665
Pierce,Nebraska,515750
Platte,Nebraska,2910897
Polk,Nebraska,325996
Red Willow,Nebraska,594981
Richardson,Nebraska,372164
Rock,Nebraska,93325
Saline,Nebraska,1031630
Sarpy,Nebraska,10233381
Saunders,Nebraska,832137
Scotts Bluff,Nebraska,1762543
Seward,Nebraska,821696
Sheridan,Nebraska,318938
Sherman,Nebraska,128721
Sioux,Nebraska,73906
Stanton,Nebraska,419877
Thayer,Nebraska,434411
Thomas,Nebraska,33717
Thurston,Nebraska,521171
Valley,Nebraska,304033
Washington,Nebraska,1463457
Wayne,Nebraska,627669
Webster,Nebraska,322433
Wheeler,Nebraska,90116
York,Nebraska,976164
Churchill,Nevada,1206361
Clark,Nevada,142816754
Douglas,Nevada,2863058
Elko,Nevada,2707880
Esmeralda,Nevada,40965
Eureka,Nevada,1064756
Humboldt,Nevada,1330770
Lander,Nevada,725875
Lincoln,Nevada,153422
Lyon,Nevada,1762249
Mineral,Nevada,202174
Nye,Nevada,1904930
Pershing,Nevada,298294
Storey,Nevada,1999430
Washoe,Nevada,32124910
White Pine,Nevada,613339
Carson City,Nevada,3836985
Belknap,New Hampshire,3077600
Carroll,New Hampshire,2436876
Cheshire,New Hampshire,4022553
Coos,New Hampshire,1363574
Grafton,New Hampshire,7710924
Hillsborough,New Hampshire,30476161
Merrimack,New Hampshire,10392468
Rockingham,New Hampshire,25975284
Strafford,New Hampshire,6441921
Sullivan,New Hampshire,1585384
Atlantic,New Jersey,15025707
Bergen,New Jersey,82441222
Burlington,New Jersey,31563624
Camden,New Jersey,26562641
Cape May,New Jersey,6149852
Cumberland,New Jersey,6438499
Essex,New Jersey,58829083
Gloucester,New Jersey,14406711
Hudson,New Jersey,51368280
Hunterdon,New Jersey,7850163
Mercer,New Jersey,44411940
Middlesex,New Jersey,69474434
Monmouth,New Jersey,41526595
Morris,New Jersey,60193319
Ocean,New Jersey,24123172
Passaic,New Jersey,22059977
Salem,New Jersey,6088692
Somerset,New Jersey,45872054
Sussex,New Jersey,5375269
Union,New Jersey,39552133
Warren,New Jersey,4654374
Bernalillo,New Mexico,41812954
Catron,New Mexico,111376
Chaves,New Mexico,2099721
Cibola,New Mexico,628390
Colfax,New Mexico,470242
Curry,New Mexico,3246156
De Baca,New Mexico,85891
Doña Ana,New Mexico,8537154
Eddy,New Mexico,8060199
Grant,New Mexico,1173131
Guadalupe,New Mexico,187534
Harding,New Mexico,36554
Hidalgo,New Mexico,200238
Lea,New Mexico,8531127
Lincoln,New Mexico,670461
Los Alamos,New Mexico,3085463
Luna,New Mexico,904129
McKinley,New Mexico,2275793
Mora,New Mexico,113386
Otero,New Mexico,2901741
Quay,New Mexico,283466
Rio Arriba,New Mexico,1027897
Roosevelt,New Mexico,682041
Sandoval,New Mexico,4401759
San Juan,New Mexico,5389548
San Miguel,New Mexico,693123
Santa Fe,New Mexico,7512205
Sierra,New Mexico,311965
Socorro,New Mexico,521423
Taos,New Mexico,1076474
Torrance,New Mexico,595372
Union,New Mexico,128861
Valencia,New Mexico,1784303
Albany,New York,35778797
Allegany,New York,1431876
Bronx,New York,44029337
Broome,New York,9026669
Cattaraugus,New York,2824181
Cayuga,New York,3020680
Chautauqua,New York,4804944
Chemung,New York,3622588
Chenango,New York,2299265
Clinton,New York,3699091
Columbia,New York,2630069
Cortland,New York,1787841
Delaware,New York,2298982
Dutchess,New York,14979887
Erie,New York,62943074
Essex,New York,1698579
Franklin,New York,2072656
Fulton,New York,1858160
Genesee,New York,2559396
Greene,New York,2474797
Hamilton,New York,235759
Herkimer,New York,1715790
Jefferson,New York,6434562
Kings,New York,110580419
Lewis,New York,1219155
Livingston,New York,2266955
Madison,New York,2430639
Monroe,New York,48916577
Montgomery,New York,1963503
Nassau,New York,100089673
New York,New York,797092203
Niagara,New York,9964309
Oneida,New York,11543357
Onondaga,New York,32093789
Ontario,New York,6448569
Orange,New York,20713168
Orleans,New York,1374839
Oswego,New York,6694685
Otsego,New York,2638483
Putnam,New York,4048136
Queens,New York,107263194
Rensselaer,New York,11376791
Richmond,New York,17638277
Rockland,New York,18494167
St. Lawrence,New York,4847243
Saratoga,New York,11999733
Schenectady,New York,9242724
Schoharie,New York,1007395
Schuyler,New York,538245
Seneca,New York,1539323
Steuben,New York,4723931
Suffolk,New York,105751656
Sullivan,New York,3341222
Tioga,New York,1450217
Tompkins,New York,6140288
Ulster,New York,7959618
Warren,New York,5068240
Washington,New York,1949798
Wayne,New York,3806726
Westchester,New York,90241804
Wyoming,New York,1760078
Yates,New York,1012691
Alamance,North Carolina,6882150
Alexander,North Carolina,864265
Alleghany,North Carolina,300617
Anson,North Carolina,815053
Ashe,North Carolina,788125
Avery,North Carolina,646791
Beaufort,North Carolina,1797424
Bertie,North Carolina,596539
Bladen,North Carolina,1416967
Brunswick,North Carolina,5973641
Buncombe,North Carolina,16035112
Burke,North Carolina,2742837
Cabarrus,North Carolina,9111043
Caldwell,North Carolina,2431360
Camden,North Carolina,182171
Carteret,North Carolina,2733205
Caswell,North Carolina,354490
Catawba,North Carolina,9276616
Chatham,North Carolina,2039527
Cherokee,North Carolina,843153
Chowan,North Carolina,565377
Clay,North Carolina,230914
Cleveland,North Carolina,4488187
Columbus,North Carolina,1473977
Craven,North Carolina,5189264
Cumberland,North Carolina,18471055
Currituck,North Carolina,876170
Dare,North Carolina,2454965
Davidson,North Carolina,5267327
Davie,North Carolina,1411959
Duplin,North Carolina,2114639
Durham,North Carolina,41632015
Edgecombe,North Carolina,1574366
Forsyth,North Carolina,27325022
Franklin,North Carolina,2067922
Gaston,North Carolina,8460497
Gates,North Carolina,182752
Graham,North Carolina,228900
Granville,North Carolina,3740739
Greene,North Carolina,433348
Guilford,North Carolina,35469980
Halifax,North Carolina,1409905
Harnett,North Carolina,2883434
Haywood,North Carolina,1951424
Henderson,North Carolina,4587431
Hertford,North Carolina,846174
Hoke,North Carolina,1233844
Hyde,North Carolina,168469
Iredell,North Carolina,10764429
Jackson,North Carolina,1629465
Johnston,North Carolina,8331629
Jones,North Carolina,209873
Lee,North Carolina,2866902
Lenoir,North Carolina,2785295
Lincoln,North Carolina,3316791
McDowell,North Carolina,2045572
Macon,North Carolina,1779085
Madison,North Carolina,442034
Martin,North Carolina,613839
Mecklenburg,North Carolina,139157051
Mitchell,North Carolina,598729
Montgomery,North Carolina,1135582
Moore,North Carolina,4384297
Nash,North Carolina,5333290
New Hanover,North Carolina,15850617
Northampton,North Carolina,495724
Onslow,North Carolina,9506281
Orange,North Carolina,10198377
Pamlico,North Carolina,300047
Pasquotank,North Carolina,1704637
Pender,North Carolina,1857888
Perquimans,North Carolina,300668
Person,North Carolina,1431325
Pitt,North Carolina,9691704
Polk,North Carolina,552188
Randolph,North Carolina,4168843
Richmond,North Carolina,1905624
Robeson,North Carolina,3869692
Rockingham,North Carolina,2826221
Rowan,North Carolina,5968525
Rutherford,North Carolina,1876555
Sampson,North Carolina,1758379
Scotland,North Carolina,1185054
Stanly,North Carolina,1959005
Stokes,North Carolina,1211370
Surry,North Carolina,2630298
Swain,North Carolina,675069
Transylvania,North Carolina,1787759
Tyrrell,North Carolina,107308
Union,North Carolina,9493721
Vance,North Carolina,1244886
Wake,North Carolina,100210397
Warren,North Carolina,296361
Washington,North Carolina,269247
Watauga,North Carolina,2391073
Wayne,North Carolina,4989254
Wilkes,North Carolina,2440518
Wilson,North Carolina,3924561
Yadkin,North Carolina,932072
Yancey,North Carolina,425920
Adams,North Dakota,91021
Barnes,North Dakota,695491
Benson,North Dakota,277630
Billings,North Dakota,134560
Bottineau,North Dakota,459902
Bowman,North Dakota,192039
Burke,North Dakota,227925
Burleigh,North Dakota,5858988
Cass,North Dakota,14144093
Cavalier,North Dakota,396021
Dickey,North Dakota,422126
Divide,North Dakota,191408
Dunn,North Dakota,1744629
Eddy,North Dakota,134260
Emmons,North Dakota,162322
Foster,North Dakota,269906
Golden Valley,North Dakota,65370
Grand Forks,North Dakota,4126070
Grant,North Dakota,70056
Griggs,North Dakota,165875
Hettinger,North Dakota,69139
Kidder,North Dakota,136115
LaMoure,North Dakota,305672
Logan,North Dakota,112823
McHenry,North Dakota,269230
McIntosh,North Dakota,121642
McKenzie,North Dakota,3421868
McLean,North Dakota,709054
Mercer,North Dakota,889289
Morton,North Dakota,1362876
Mountrail,North Dakota,1774863
Nelson,North Dakota,166976
Oliver,North Dakota,229522
Pembina,North Dakota,488956
Pierce,North Dakota,234834
Ramsey,North Dakota,666577
Ransom,North Dakota,325710
Renville,North Dakota,178870
Richland,North Dakota,1037860
Rolette,North Dakota,392317
Sargent,North Dakota,1086826
Sheridan,North Dakota,62984
Sioux,North Dakota,123479
Slope,North Dakota,17070
Stark,North Dakota,2835524
Steele,North Dakota,175438
Stutsman,North Dakota,1387801
Towner,North Dakota,212631
Traill,North Dakota,450051
Walsh,North Dakota,575843
Ward,North Dakota,3837862
Wells,North Dakota,298869
Williams,North Dakota,6440503
Adams,Ohio,754484
Allen,Ohio,9016944
Ashland,Ohio,1846544
Ashtabula,Ohio,3301448
Athens,Ohio,2093540
Auglaize,Ohio,2650393
Belmont,Ohio,2801859
Brown,Ohio,912270
Butler,Ohio,22330118
Carroll,Ohio,1567511
Champaign,Ohio,1226813
Clark,Ohio,4742358
Clermont,Ohio,7790678
Clinton,Ohio,2424464
Columbiana,Ohio,3741820
Coshocton,Ohio,1308033
Crawford,Ohio,1339117
Cuyahoga,Ohio,104356340
Darke,Ohio,2262341
Defiance,Ohio,1736852
Delaware,Ohio,14702746
Erie,Ohio,4255477
Fairfield,Ohio,5029499
Fayette,Ohio,1619957
Franklin,Ohio,109281419
Fulton,Ohio,2099643
Gallia,Ohio,2142044
Geauga,Ohio,4358286
Greene,Ohio,11225906
Guernsey,Ohio,2826208
Hamilton,Ohio,84987740
Hancock,Ohio,5418098
Hardin,Ohio,1006758
Harrison,Ohio,1098560
Henry,Ohio,1243105
Highland,Ohio,1349985
Hocking,Ohio,634274
Holmes,Ohio,2626738
Huron,Ohio,2297653
Jackson,Ohio,1016651
Jefferson,Ohio,4181557
Knox,Ohio,2262632
Lake,Ohio,12198837
Lawrence,Ohio,1935329
Licking,Ohio,8043324
Logan,Ohio,2102029
Lorain,Ohio,11177496
Lucas,Ohio,26121534
Madison,Ohio,2168679
Mahoning,Ohio,9377665
Marion,Ohio,2663438
Medina,Ohio,7850418
Meigs,Ohio,393956
Mercer,Ohio,2612684
Miami,Ohio,4737261
Monroe,Ohio,1003892
Montgomery,Ohio,31077701
Morgan,Ohio,375642
Morrow,Ohio,679024
Muskingum,Ohio,4092844
Noble,Ohio,420509
Ottawa,Ohio,2131971
Paulding,Ohio,620908
Perry,Ohio,728029
Pickaway,Ohio,2076724
Pike,Ohio,1117101
Portage,Ohio,6795220
Preble,Ohio,1205610
Putnam,Ohio,1301052
Richland,Ohio,4709913
Ross,Ohio,3100494
Sandusky,Ohio,2937073
Scioto,Ohio,2772265
Seneca,Ohio,2054137
Shelby,Ohio,3256839
Stark,Ohio,17585061
Summit,Ohio,31278235
Trumbull,Ohio,7187843
Tuscarawas,Ohio,3855062
Union,Ohio,4679856
Van Wert,Ohio,1349499
Vinton,Ohio,442589
Warren,Ohio,14284439
Washington,Ohio,3735892
Wayne,Ohio,6804587
Williams,Ohio,1716337
Wood,Ohio,8162159
Wyandot,Ohio,1099727
Adair,Oklahoma,436259
Alfalfa,Oklahoma,394683
Atoka,Oklahoma,350190
Beaver,Oklahoma,437773
Beckham,Oklahoma,1065562
Blaine,Oklahoma,1574103
Bryan,Oklahoma,2057724
Caddo,Oklahoma,1045101
Canadian,Oklahoma,6930508
Carter,Oklahoma,3029955
Cherokee,Oklahoma,1429338
Choctaw,Oklahoma,425826
Cimarron,Oklahoma,259069
Cleveland,Oklahoma,9696907
Coal,Oklahoma,281850
Comanche,Oklahoma,5258949
Cotton,Oklahoma,169506
Craig,Oklahoma,465278
Creek,Oklahoma,2153096
Custer,Oklahoma,1707889
Delaware,Oklahoma,1028925
Dewey,Oklahoma,742089
Ellis,Oklahoma,863228
Garfield,Oklahoma,3088603
Garvin,Oklahoma,1836216
Grady,Oklahoma,4009684
Grant,Oklahoma,302953
Greer,Oklahoma,105825
Harmon,Oklahoma,107354
Harper,Oklahoma,232575
Haskell,Oklahoma,364524
Hughes,Oklahoma,688541
Jackson,Oklahoma,1183034
Jefferson,Oklahoma,128845
Johnston,Oklahoma,544868
Kay,Oklahoma,1882932
Kingfisher,Oklahoma,2945349
Kiowa,Oklahoma,225878
Latimer,Oklahoma,288018
Le Flore,Oklahoma,1386875
Lincoln,Oklahoma,785807
Logan,Oklahoma,963342
Love,Oklahoma,756985
McClain,Oklahoma,2034730
McCurtain,Oklahoma,1309248
McIntosh,Oklahoma,381272
Major,Oklahoma,568626
Marshall,Oklahoma,592068
Mayes,Oklahoma,2187525
Murray,Oklahoma,583952
Muskogee,Oklahoma,2854516
Noble,Oklahoma,610129
Nowata,Oklahoma,218535
Okfuskee,Oklahoma,241215
Oklahoma,Oklahoma,56681593
Okmulgee,Oklahoma,897040
Osage,Oklahoma,1109809
Ottawa,Oklahoma,1122153
Pawnee,Oklahoma,370013
Payne,Oklahoma,3546777
Pittsburg,Oklahoma,2097353
Pontotoc,Oklahoma,2196596
Pottawatomie,Oklahoma,2221211
Pushmataha,Oklahoma,251178
Roger Mills,Oklahoma,372242
Rogers,Oklahoma,3485200
Seminole,Oklahoma,843897
Sequoyah,Oklahoma,757662
Stephens,Oklahoma,2416745
Texas,Oklahoma,2000116
Tillman,Oklahoma,152106
Tulsa,Oklahoma,44433905
Wagoner,Oklahoma,1452948
Washington,Oklahoma,3066801
Washita,Oklahoma,354581
Woods,Oklahoma,634651
Woodward,Oklahoma,1214458
Baker,Oregon,607108
Benton,Oregon,5061341
Clackamas,Oregon,23399634
Clatsop,Oregon,2022457
Columbia,Oregon,1558066
Coos,Oregon,2535614
Crook,Oregon,1293008
Curry,Oregon,746455
Deschutes,Oregon,12442840
Douglas,Oregon,4052167
Gilliam,Oregon,341056
Grant,Oregon,290653
Harney,Oregon,351439
Hood River,Oregon,1428075
Jackson,Oregon,10314605
Jefferson,Oregon,850761
Josephine,Oregon,3094718
Klamath,Oregon,2609750
Lake,Oregon,365647
Lane,Oregon,18136369
Lincoln,Oregon,2118359
Linn,Oregon,5130128
Malheur,Oregon,1155682
Marion,Oregon,18291247
Morrow,Oregon,1552151
Multnomah,Oregon,73250246
Polk,Oregon,2343741
Sherman,Oregon,547454
Tillamook,Oregon,1183745
Umatilla,Oregon,3553307
Union,Oregon,1046407
Wallowa,Oregon,384205
Wasco,Oregon,1835697
Washington,Oregon,54083003
Wheeler,Oregon,43506
Yamhill,Oregon,3921543
Adams,Pennsylvania,3731401
Allegheny,Pennsylvania,105613456
Armstrong,Pennsylvania,1992028
Beaver,Pennsylvania,6434345
Bedford,Pennsylvania,1456546
Berks,Pennsylvania,20939523
Blair,Pennsylvania,6198024
Bradford,Pennsylvania,4691583
Bucks,Pennsylvania,37589469
Butler,Pennsylvania,11405006
Cambria,Pennsylvania,4905627
Cameron,Pennsylvania,222691
Carbon,Pennsylvania,2648835
Centre,Pennsylvania,9098449
Chester,Pennsylvania,48614126
Clarion,Pennsylvania,1124465
Clearfield,Pennsylvania,3122740
Clinton,Pennsylvania,1488687
Columbia,Pennsylvania,2504514
Crawford,Pennsylvania,2918572
Cumberland,Pennsylvania,17730509
Dauphin,Pennsylvania,22872011
Delaware,Pennsylvania,34713305
Elk,Pennsylvania,1309393
Erie,Pennsylvania,11425284
Fayette,Pennsylvania,4348292
Forest,Pennsylvania,221553
Franklin,Pennsylvania,6348981
Fulton,Pennsylvania,600788
Greene,Pennsylvania,3571751
Huntingdon,Pennsylvania,1226623
Indiana,Pennsylvania,3402292
Jefferson,Pennsylvania,1448238
Juniata,Pennsylvania,830307
Lackawanna,Pennsylvania,10398150
Lancaster,Pennsylvania,30698072
Lawrence,Pennsylvania,3301974
Lebanon,Pennsylvania,6209212
Lehigh,Pennsylvania,25110569
Luzerne,Pennsylvania,15543923
Lycoming,Pennsylvania,6008865
McKean,Pennsylvania,1629854
Mercer,Pennsylvania,4314908
Mifflin,Pennsylvania,1776266
Monroe,Pennsylvania,7420773
Montgomery,Pennsylvania,89401864
Montour,Pennsylvania,2178383
Northampton,Pennsylvania,16625280
Northumberland,Pennsylvania,3401432
Perry,Pennsylvania,996501
Philadelphia,Pennsylvania,110703184
Pike,Pennsylvania,1546479
Potter,Pennsylvania,748091
Schuylkill,Pennsylvania,4976116
Snyder,Pennsylvania,1722717
Somerset,Pennsylvania,2325667
Sullivan,Pennsylvania,343278
Susquehanna,Pennsylvania,2706152
Tioga,Pennsylvania,1807899
Union,Pennsylvania,1915107
Venango,Pennsylvania,1751460
Warren,Pennsylvania,1309620
Washington,Pennsylvania,14420854
Wayne,Pennsylvania,2034681
Westmoreland,Pennsylvania,15395142
Wyoming,Pennsylvania,1425152
York,Pennsylvania,22246746
Bristol,Rhode Island,1967028
Kent,Rhode Island,10007195
Newport,Rhode Island,6803707
Providence,Rhode Island,36887913
Washington,Rhode Island,7609612
Abbeville,South Carolina,572146
Aiken,South Carolina,7345821
Allendale,South Carolina,284568
Anderson,South Carolina,7846787
Bamberg,South Carolina,356168
Barnwell,South Carolina,481361
Beaufort,South Carolina,9791393
Berkeley,South Carolina,10329692
Calhoun,South Carolina,626831
Charleston,South Carolina,36832956
Cherokee,South Carolina,1808849
Chester,South Carolina,1204948
Chesterfield,South Carolina,1323355
Clarendon,South Carolina,689073
Colleton,South Carolina,1117962
Darlington,South Carolina,2634611
Dillon,South Carolina,740011
Dorchester,South Carolina,4991044
Edgefield,South Carolina,678491
Fairfield,South Carolina,1087273
Florence,South Carolina,7413412
Georgetown,South Carolina,2872657
Greenville,South Carolina,36190809
Greenwood,South Carolina,3449300
Hampton,South Carolina,501425
Horry,South Carolina,16167397
Jasper,South Carolina,1629861
Kershaw,South Carolina,2354372
Lancaster,South Carolina,3937432
Laurens,South Carolina,2264447
Lee,South Carolina,375774
Lexington,South Carolina,14243200
McCormick,South Carolina,225469
Marion,South Carolina,626511
Marlboro,South Carolina,700936
Newberry,South Carolina,1370462
Oconee,South Carolina,4024526
Orangeburg,South Carolina,2793661
Pickens,South Carolina,4483099
Richland,South Carolina,28287154
Saluda,South Carolina,440581
Spartanburg,South Carolina,17043342
Sumter,South Carolina,4474617
Union,South Carolina,683562
Williamsburg,South Carolina,733565
York,South Carolina,14303098
Aurora,South Dakota,130895
Beadle,South Dakota,977507
Bennett,South Dakota,110108
Bon Homme,South Dakota,250724
Brookings,South Dakota,2327164
Brown,South Dakota,2430428
Brule,South Dakota,275363
Buffalo,South Dakota,83897
Butte,South Dakota,356038
Campbell,South Dakota,90529
Charles Mix,South Dakota,471756
Clark,South Dakota,265976
Clay,South Dakota,657925
Codington,South Dakota,1598686
Corson,South Dakota,87572
Custer,South Dakota,284816
Davison,South Dakota,1311195
Day,South Dakota,303801
Deuel,South Dakota,407190
Dewey,South Dakota,209408
Douglas,South Dakota,203930
Edmunds,South Dakota,236940
Fall River,South Dakota,252112
Faulk,South Dakota,140407
Grant,South Dakota,571921
Gregory,South Dakota,187122
Haakon,South Dakota,133431
Hamlin,South Dakota,298133
Hand,South Dakota,220780
Hanson,South Dakota,167282
Harding,South Dakota,47771
Hughes,South Dakota,1241140
Hutchinson,South Dakota,419324
Hyde,South Dakota,128025
Jackson,South Dakota,80596
Jerauld,South Dakota,182131
Jones,South Dakota,49429
Kingsbury,South Dakota,306528
Lake,South Dakota,688175
Lawrence,South Dakota,1398173
Lincoln,South Dakota,6433595
Lyman,South Dakota,171168
McCook,South Dakota,293276
McPherson,South Dakota,109720
Marshall,South Dakota,299096
Meade,South Dakota,990261
Mellette,South Dakota,49568
Miner,South Dakota,143630
Minnehaha,South Dakota,16102745
Moody,South Dakota,349454
Oglala Lakota,South Dakota,330695
Pennington,South Dakota,6439764
Perkins,South Dakota,129277
Potter,South Dakota,124420
Roberts,South Dakota,405314
Sanborn,South Dakota,149987
Spink,South Dakota,467794
Stanley,South Dakota,132470
Sully,South Dakota,120642
Todd,South Dakota,241966
Tripp,South Dakota,266380
Turner,South Dakota,453668
Union,South Dakota,1807758
Walworth,South Dakota,249421
Yankton,South Dakota,1447160
Ziebach,South Dakota,57698
Anderson,Tennessee,5859999
Bedford,Tennessee,2038918
Benton,Tennessee,417183
Bledsoe,Tennessee,231803
Blount,Tennessee,7107696
Bradley,Tennessee,4940217
Campbell,Tennessee,1066445
Cannon,Tennessee,335016
Carroll,Tennessee,724378
Carter,Tennessee,1136349
Cheatham,Tennessee,1315792
Chester,Tennessee,400490
Claiborne,Tennessee,815844
Clay,Tennessee,171499
Cocke,Tennessee,834158
Coffee,Tennessee,3278510
Crockett,Tennessee,575253
Cumberland,Tennessee,1857446
Davidson,Tennessee,87529092
Decatur,Tennessee,329119
DeKalb,Tennessee,801376
Dickson,Tennessee,2191260
Dyer,Tennessee,1819040
Fayette,Tennessee,1520895
Fentress,Tennessee,515783
Franklin,Tennessee,1340328
Gibson,Tennessee,1541889
Giles,Tennessee,1262822
Grainger,Tennessee,515460
Greene,Tennessee,2507304
Grundy,Tennessee,241966
Hamblen,Tennessee,3623425
Hamilton,Tennessee,28980605
Hancock,Tennessee,109602
Hardeman,Tennessee,617377
Hardin,Tennessee,974495
Hawkins,Tennessee,1765249
Haywood,Tennessee,696049
Henderson,Tennessee,776437
Henry,Tennessee,1341486
Hickman,Tennessee,535683
Houston,Tennessee,156913
Humphreys,Tennessee,874018
Jackson,Tennessee,237289
Jefferson,Tennessee,1748540
Johnson,Tennessee,428972
Knox,Tennessee,32606852
Lake,Tennessee,130364
Lauderdale,Tennessee,679426
Lawrence,Tennessee,1148615
Lewis,Tennessee,341397
Lincoln,Tennessee,1180554
Loudon,Tennessee,2250466
McMinn,Tennessee,2209004
McNairy,Tennessee,545111
Macon,Tennessee,577169
Madison,Tennessee,6482390
Marion,Tennessee,871426
Marshall,Tennessee,1341536
Maury,Tennessee,5380793
Meigs,Tennessee,270392
Monroe,Tennessee,1673666
Montgomery,Tennessee,7136059
Moore,Tennessee,539662
Morgan,Tennessee,363440
Obion,Tennessee,1325559
Overton,Tennessee,589862
Perry,Tennessee,177786
Pickett,Tennessee,127729
Polk,Tennessee,336680
Putnam,Tennessee,3953882
Rhea,Tennessee,1902669
Roane,Tennessee,2778540
Robertson,Tennessee,2717207
Rutherford,Tennessee,21075430
Scott,Tennessee,521423
Sequatchie,Tennessee,344804
Sevier,Tennessee,5409328
Shelby,Tennessee,67464637
Smith,Tennessee,732824
Stewart,Tennessee,678886
Sullivan,Tennessee,9106690
Sumner,Tennessee,8643412
Tipton,Tennessee,1322807
Trousdale,Tennessee,228068
Unicoi,Tennessee,620320
Union,Tennessee,354765
Van Buren,Tennessee,100836
Warren,Tennessee,1459788
Washington,Tennessee,6880895
Wayne,Tennessee,367892
Weakley,Tennessee,1110984
White,Tennessee,822183
Williamson,Tennessee,30283015
Wilson,Tennessee,7220226
Anderson,Texas,2164042
Andrews,Texas,4128580
Angelina,Texas,3512511
Aransas,Texas,786741
Archer,Texas,340087
Armstrong,Texas,64460
Atascosa,Texas,3586352
Austin,Texas,1701111
Bailey,Texas,442887
Bandera,Texas,402255
Bastrop,Texas,3126982
Baylor,Texas,173861
Bee,Texas,839512
Bell,Texas,19016076
Bexar,Texas,121391325
Blanco,Texas,543690
Borden,Texas,842749
Bosque,Texas,663413
Bowie,Texas,3865689
Brazoria,Texas,17329766
Brazos,Texas,12259102
Brewster,Texas,449881
Briscoe,Texas,110849
Brooks,Texas,285617
Brown,Texas,1488077
Burleson,Texas,1053186
Burnet,Texas,2111799
Caldwell,Texas,1091434
Calhoun,Texas,3556934
Callahan,Texas,409835
Cameron,Texas,12543033
Camp,Texas,409323
Carson,Texas,1001397
Cass,Texas,1115529
Castro,Texas,813526
Chambers,Texas,2999510
Cherokee,Texas,1527050
Childress,Texas,289231
Clay,Texas,261493
Cochran,Texas,233166
Coke,Texas,217130
Coleman,Texas,233132
Collin,Texas,87862787
Collingsworth,Texas,86573
Colorado,Texas,941964
Comal,Texas,8808711
Comanche,Texas,480878
Concho,Texas,237043
Cooke,Texas,2573852
Coryell,Texas,1790456
Cottle,Texas,109044
Crane,Texas,953582
Crockett,Texas,665993
Crosby,Texas,253146
Culberson,Texas,2996840
Dallam,Texas,809485
Dallas,Texas,304515038
Dawson,Texas,983397
Deaf Smith,Texas,1700261
Delta,Texas,112243
Denton,Texas,48275771
DeWitt,Texas,3451192
Dickens,Texas,104177
Dimmit,Texas,3291229
Donley,Texas,143417
Duval,Texas,326178
Eastland,Texas,766362
Ector,Texas,13041630
Edwards,Texas,81642
Ellis,Texas,7787990
El Paso,Texas,37936526
Erath,Texas,1807296
Falls,Texas,482157
Fannin,Texas,1058428
Fayette,Texas,1671127
Fisher,Texas,419352
Floyd,Texas,314213
Foard,Texas,108911
Fort Bend,Texas,36644969
Franklin,Texas,479858
Freestone,Texas,1012281
Frio,Texas,1263621
Gaines,Texas,1998582
Galveston,Texas,18778210
Garza,Texas,244219
Gillespie,Texas,1357895
Glasscock,Texas,3697934
Goliad,Texas,300533
Gonzales,Texas,2938995
Gray,Texas,1088436
Grayson,Texas,5883798
Gregg,Texas,8348898
Grimes,Texas,1158490
Guadalupe,Texas,10710792
Hale,Texas,1352516
Hall,Texas,95176
Hamilton,Texas,287600
Hansford,Texas,754715
Hardeman,Texas,221999
Hardin,Texas,1390239
Harris,Texas,429677330
Harrison,Texas,4379512
Hartley,Texas,875605
Haskell,Texas,383869
Hays,Texas,10939214
Hemphill,Texas,403534
Henderson,Texas,2004026
Hidalgo,Texas,23993556
Hill,Texas,1194810
Hockley,Texas,1698842
Hood,Texas,2788369
Hopkins,Texas,1889071
Houston,Texas,944423
Howard,Texas,9035206
Hudspeth,Texas,175870
Hunt,Texas,5173197
Hutchinson,Texas,5289528
Irion,Texas,916822
Jack,Texas,410804
Jackson,Texas,607084
Jasper,Texas,1047339
Jeff Davis,Texas,78615
Jefferson,Texas,18212967
Jim Hogg,Texas,174176
Jim Wells,Texas,1653705
Johnson,Texas,6669340
Jones,Texas,486136
Karnes,Texas,6153388
Kaufman,Texas,5029048
Kendall,Texas,2660925
Kenedy,Texas,242735
Kent,Texas,178909
Kerr,Texas,2474023
Kimble,Texas,158642
King,Texas,91216
Kinney,Texas,117967
Kleberg,Texas,1206495
Knox,Texas,262516
Lamar,Texas,2768182
Lamb,Texas,814152
Lampasas,Texas,555598
La Salle,Texas,3137796
Lavaca,Texas,1311739
Lee,Texas,891571
Leon,Texas,866668
Liberty,Texas,2512302
Limestone,Texas,1466241
Lipscomb,Texas,516972
Live Oak,Texas,1925832
Llano,Texas,896144
Loving,Texas,8297119
Lubbock,Texas,15144655
Lynn,Texas,346025
McCulloch,Texas,366199
McLennan,Texas,14070337
McMullen,Texas,1544293
Madison,Texas,563256
Marion,Texas,284063
Martin,Texas,11396694
Mason,Texas,133027
Matagorda,Texas,2418666
Maverick,Texas,2021842
Medina,Texas,1231255
Menard,Texas,52872
Midland,Texas,32680851
Milam,Texas,722426
Mills,Texas,305403
Mitchell,Texas,344793
Montague,Texas,646531
Montgomery,Texas,37046507
Moore,Texas,3294078
Morris,Texas,646714
Motley,Texas,44764
Nacogdoches,Texas,2812840
Navarro,Texas,1787748
Newton,Texas,485650
Nolan,Texas,1028173
Nueces,Texas,20228929
Ochiltree,Texas,926669
Oldham,Texas,345497
Orange,Texas,4084085
Palo Pinto,Texas,1044056
Panola,Texas,2167161
Parker,Texas,5661099
Parmer,Texas,1098454
Pecos,Texas,2337916
Polk,Texas,1418490
Potter,Texas,8972937
Presidio,Texas,259174
Rains,Texas,248778
Randall,Texas,4568173
Reagan,Texas,3318525
Real,Texas,80492
Red River,Texas,349007
Reeves,Texas,11630083
Refugio,Texas,408407
Roberts,Texas,181482
Robertson,Texas,2488311
Rockwall,Texas,5651827
Runnels,Texas,327446
Rusk,Texas,2415681
Sabine,Texas,290039
San Augustine,Texas,728045
San Jacinto,Texas,378294
San Patricio,Texas,3105839
San Saba,Texas,160287
Schleicher,Texas,133762
Scurry,Texas,1631028
Shackelford,Texas,315480
Shelby,Texas,1438094
Sherman,Texas,532950
Smith,Texas,12494743
Somervell,Texas,1417721
Starr,Texas,1295181
Stephens,Texas,380693
Sterling,Texas,240337
Stonewall,Texas,131368
Sutton,Texas,212690
Swisher,Texas,522307
Tarrant,Texas,133198886
Taylor,Texas,7371530
Terrell,Texas,56969
Terry,Texas,535517
Throckmorton,Texas,160434
Titus,Texas,2059600
Tom Green,Texas,6779617
Travis,Texas,159612559
Trinity,Texas,270492
Tyler,Texas,533217
Upshur,Texas,857281
Upton,Texas,5905832
Uvalde,Texas,963594
Val Verde,Texas,1902952
Van Zandt,Texas,1441503
Victoria,Texas,4842038
Walker,Texas,2418498
Waller,Texas,4098626
Ward,Texas,3823574
Washington,Texas,2548166
Webb,Texas,12970009
Wharton,Texas,2136467
Wheeler,Texas,373920
Wichita,Texas,6048425
Wilbarger,Texas,815120
Willacy,Texas,566964
Williamson,Texas,32638884
Wilson,Texas,1378529
Winkler,Texas,1655686
Wise,Texas,3521247
Wood,Texas,1582826
Yoakum,Texas,1983345
Young,Texas,1152963
Zapata,Texas,586267
Zavala,Texas,804738
Beaver,Utah,379405
Box Elder,Utah,2876086
Cache,Utah,6711750
Carbon,Utah,908617
Daggett,Utah,118162
Davis,Utah,17748951
Duchesne,Utah,1470702
Emery,Utah,1132946
Garfield,Utah,343301
Grand,Utah,701658
Iron,Utah,2363564
Juab,Utah,739859
Kane,Utah,437169
Millard,Utah,1018500
Morgan,Utah,398655
Piute,Utah,86501
Rich,Utah,175483
Salt Lake,Utah,115710942
San Juan,Utah,554674
Sanpete,Utah,1098174
Sevier,Utah,1256748
Summit,Utah,4604128
Tooele,Utah,2262344
Uintah,Utah,2139540
Utah,Utah,36622568
Wasatch,Utah,1411532
Washington,Utah,8419791
Wayne,Utah,121441
Weber,Utah,13684763
Addison,Vermont,1738560
Bennington,Vermont,1774058
Caledonia,Vermont,1187883
Chittenden,Vermont,13103601
Essex,Vermont,135891
Franklin,Vermont,2066969
Grand Isle,Vermont,184552
Lamoille,Vermont,1252525
Orange,Vermont,844815
Orleans,Vermont,1110896
Rutland,Vermont,2765476
Washington,Vermont,3942358
Windham,Vermont,2315994
Windsor,Vermont,2832949
Accomack,Virginia,1527485
Amelia,Virginia,293573
Amherst,Virginia,803284
Appomattox,Virginia,343895
Arlington,Virginia,41158444
Bath,Virginia,239209
Bedford,Virginia,2087786
Bland,Virginia,201803
Botetourt,Virginia,1444344
Brunswick,Virginia,723317
Buchanan,Virginia,1078802
Buckingham,Virginia,505722
Caroline,Virginia,867160
Charles City County,Virginia,225215
Charlotte,Virginia,291665
Chesterfield,Virginia,17808290
Clarke,Virginia,471665
Craig,Virginia,111009
Culpeper,Virginia,2035967
Cumberland,Virginia,164787
Dickenson,Virginia,592237
Essex,Virginia,406029
Fauquier,Virginia,3022166
Floyd,Virginia,415737
Fluvanna,Virginia,889257
Franklin,Virginia,1668223
Giles,Virginia,709814
Gloucester,Virginia,972811
Goochland,Virginia,3108922
Grayson,Virginia,297135
Greene,Virginia,501088
Halifax,Virginia,1177655
Hanover,Virginia,6762622
Henrico,Virginia,29493660
Highland,Virginia,72506
Isle of Wight,Virginia,1615648
King and Queen,Virginia,140381
King George,Virginia,2230476
King William,Virginia,529550
Lancaster,Virginia,504259
Lee,Virginia,418676
Loudoun,Virginia,35130231
Louisa,Virginia,2247984
Lunenburg,Virginia,255341
Madison,Virginia,378854
Mathews,Virginia,188556
Mecklenburg,Virginia,1209591
Middlesex,Virginia,370495
Nelson,Virginia,548723
New Kent,Virginia,659466
Northampton,Virginia,487659
Northumberland,Virginia,354820
Nottoway,Virginia,544586
Orange,Virginia,1136757
Page,Virginia,648049
Patrick,Virginia,404359
Powhatan,Virginia,908893
Prince Edward,Virginia,760438
Pulaski,Virginia,1572576
Rappahannock,Virginia,306185
Richmond,Virginia,284016
Russell,Virginia,693633
Scott,Virginia,446558
Shenandoah,Virginia,1682095
Smyth,Virginia,1091218
Stafford,Virginia,6550434
Surry,Virginia,1144567
Sussex,Virginia,327521
Tazewell,Virginia,1288724
Warren,Virginia,1831575
Westmoreland,Virginia,484994
Wythe,Virginia,1549669
Alexandria City,Virginia,14395458
Chesapeake City,Virginia,11626372
Hampton City,Virginia,6964845
Newport News City,Virginia,15777786
Norfolk City,Virginia,21207484
Portsmouth City,Virginia,6137732
Richmond City,Virginia,27367900
Roanoke City,Virginia,7806615
Suffolk City,Virginia,4390327
Virginia Beach City,Virginia,24018999
Albemarle + Charlottesville,Virginia,13569150
Alleghany + Covington,Virginia,847265
'Augusta, Staunton + Waynesboro',Virginia,5337071
Campbell + Lynchburg,Virginia,7482320
Carroll + Galax,Virginia,942391
Dinwiddie + Colonial Heights + Petersburg,Virginia,3132880
Fairfax + Fairfax City + Falls Church,Virginia,146733771
Frederick + Winchester,Virginia,7453213
Greensville + Emporia,Virginia,1458365
Henry + Martinsville,Virginia,2300927
James City County + Williamsburg,Virginia,6084098
Montgomery + Radford,Virginia,6050976
Pittsylvania + Danville,Virginia,3695079
Prince George + Hopewell,Virginia,4066570
Prince William + Manassas + Manassas Park,Virginia,23734783
Roanoke + Salem,Virginia,6415540
Rockbridge + Buena Vista + Lexington,Virginia,1337186
Rockingham + Harrisonburg,Virginia,8287227
Southampton + Franklin,Virginia,820314
Spotsylvania + Fredericksburg,Virginia,7328004
Washington + Bristol,Virginia,3448289
Wise + Norton,Virginia,1639863
York + Poquoson,Virginia,3035893
Adams,Washington,725966
Asotin,Washington,726576
Benton,Washington,12676667
Chelan,Washington,5470834
Clallam,Washington,2936919
Clark,Washington,25470739
Columbia,Washington,348996
Cowlitz,Washington,5566844
Douglas,Washington,1920541
Ferry,Washington,205051
Franklin,Washington,4012944
Garfield,Washington,146995
Grant,Washington,6802642
Grays Harbor,Washington,2845591
Island,Washington,3602961
Jefferson,Washington,1377253
King,Washington,389400518
Kitsap,Washington,14063625
Kittitas,Washington,2057127
Klickitat,Washington,2031896
Lewis,Washington,3939309
Lincoln,Washington,357614
Mason,Washington,1834408
Okanogan,Washington,1747565
Pacific,Washington,794816
Pend Oreille,Washington,556041
Pierce,Washington,48890368
San Juan,Washington,958138
Skagit,Washington,6670384
Skamania,Washington,337980
Snohomish,Washington,49976303
Spokane,Washington,30682043
Stevens,Washington,1276084
Thurston,Washington,16194463
Wahkiakum,Washington,111468
Walla Walla,Washington,3452245
Whatcom,Washington,15332005
Whitman,Washington,2493089
Yakima,Washington,10394964
Barbour,West Virginia,481017
Berkeley,West Virginia,4487549
Boone,West Virginia,611686
Braxton,West Virginia,303588
Brooke,West Virginia,932789
Cabell,West Virginia,5162654
Calhoun,West Virginia,121609
Clay,West Virginia,157456
Doddridge,West Virginia,670493
Fayette,West Virginia,1102880
Gilmer,West Virginia,184225
Grant,West Virginia,422251
Greenbrier,West Virginia,1135407
Hampshire,West Virginia,392653
Hancock,West Virginia,942454
Hardy,West Virginia,766892
Harrison,West Virginia,4748951
Jackson,West Virginia,936891
Jefferson,West Virginia,2019688
Kanawha,West Virginia,11325618
Lewis,West Virginia,569276
Lincoln,West Virginia,232576
Logan,West Virginia,1386959
McDowell,West Virginia,532973
Marion,West Virginia,2300888
Marshall,West Virginia,2821698
Mason,West Virginia,738188
Mercer,West Virginia,1760807
Mineral,West Virginia,835034
Mingo,West Virginia,546111
Monongalia,West Virginia,7392502
Monroe,West Virginia,240714
Morgan,West Virginia,296122
Nicholas,West Virginia,672911
Ohio,West Virginia,3851528
Pendleton,West Virginia,154947
Pleasants,West Virginia,523106
Pocahontas,West Virginia,264796
Preston,West Virginia,752139
Putnam,West Virginia,2923115
Raleigh,West Virginia,3217131
Randolph,West Virginia,887940
Ritchie,West Virginia,680384
Roane,West Virginia,299079
Summers,West Virginia,219338
Taylor,West Virginia,588348
Tucker,West Virginia,319694
Tyler,West Virginia,1413220
Upshur,West Virginia,781373
Wayne,West Virginia,972113
Webster,West Virginia,133462
Wetzel,West Virginia,1069209
Wirt,West Virginia,79511
Wood,West Virginia,3717276
Wyoming,West Virginia,700206
Adams,Wisconsin,607796
Ashland,Wisconsin,685745
Barron,Wisconsin,2193015
Bayfield,Wisconsin,437261
Brown,Wisconsin,19426074
Buffalo,Wisconsin,562340
Burnett,Wisconsin,549363
Calumet,Wisconsin,1677614
Chippewa,Wisconsin,2842870
Clark,Wisconsin,1277227
Columbia,Wisconsin,2920752
Crawford,Wisconsin,711117
Dane,Wisconsin,48999812
Dodge,Wisconsin,3759273
Door,Wisconsin,1459999
Douglas,Wisconsin,1791319
Dunn,Wisconsin,1803412
Eau Claire,Wisconsin,6591965
Florence,Wisconsin,122254
Fond du Lac,Wisconsin,5021945
Forest,Wisconsin,319997
Grant,Wisconsin,2298089
Green,Wisconsin,1977741
Green Lake,Wisconsin,640394
Iowa,Wisconsin,1239608
Iron,Wisconsin,167183
Jackson,Wisconsin,820271
Jefferson,Wisconsin,3672417
Juneau,Wisconsin,940443
Kenosha,Wisconsin,7833266
Kewaunee,Wisconsin,689681
La Crosse,Wisconsin,7470222
Lafayette,Wisconsin,668059
Langlade,Wisconsin,690976
Lincoln,Wisconsin,1311189
Manitowoc,Wisconsin,4060330
Marathon,Wisconsin,8736047
Marinette,Wisconsin,1918543
Marquette,Wisconsin,403152
Menominee,Wisconsin,172461
Milwaukee,Wisconsin,61455546
Monroe,Wisconsin,2317098
Oconto,Wisconsin,984634
Oneida,Wisconsin,1802995
Outagamie,Wisconsin,12909272
Ozaukee,Wisconsin,5573300
Pepin,Wisconsin,287208
Pierce,Wisconsin,1208143
Polk,Wisconsin,1600424
Portage,Wisconsin,4274207
Price,Wisconsin,566799
Racine,Wisconsin,8691488
Richland,Wisconsin,756368
Rock,Wisconsin,8380111
Rusk,Wisconsin,514171
St. Croix,Wisconsin,4188829
Sauk,Wisconsin,4132687
Sawyer,Wisconsin,713617
Shawano,Wisconsin,1269075
Sheboygan,Wisconsin,6875216
Taylor,Wisconsin,782461
Trempealeau,Wisconsin,1337861
Vernon,Wisconsin,1181113
Vilas,Wisconsin,936756
Walworth,Wisconsin,4659143
Washburn,Wisconsin,599328
Washington,Wisconsin,6766231
Waukesha,Wisconsin,32821351
Waupaca,Wisconsin,1915129
Waushara,Wisconsin,629616
Winnebago,Wisconsin,11004211
Wood,Wisconsin,4116121
Albany,Wyoming,1654243
Big Horn,Wyoming,527504
Campbell,Wyoming,5668981
Carbon,Wyoming,1372720
Converse,Wyoming,1600158
Crook,Wyoming,345074
Fremont,Wyoming,1633106
Goshen,Wyoming,493298
Hot Springs,Wyoming,223532
Johnson,Wyoming,434873
Laramie,Wyoming,6478574
Lincoln,Wyoming,985598
Natrona,Wyoming,5447366
Niobrara,Wyoming,118556
Park,Wyoming,1619217
Platte,Wyoming,557581
Sheridan,Wyoming,1591258
Sublette,Wyoming,819068
Sweetwater,Wyoming,3414965
Teton,Wyoming,3695069
Uinta,Wyoming,870000
Washakie,Wyoming,347700
Weston,Wyoming,317107
