Autauga County,Alabama,1746979
Baldwin County,Alabama,8109210
Barbour County,Alabama,732151
Bibb County,Alabama,460844
Blount County,Alabama,906582
Bullock County,Alabama,269007
Butler County,Alabama,601322
Calhoun County,Alabama,4454207
Chambers County,Alabama,882006
Cherokee County,Alabama,534073
Chilton County,Alabama,1069934
Choctaw County,Alabama,562101
Clarke County,Alabama,850374
Clay County,Alabama,424267
Cleburne County,Alabama,279348
Coffee County,Alabama,1399269
Colbert County,Alabama,2533138
Conecuh County,Alabama,372518
Coosa County,Alabama,178814
Covington County,Alabama,1214635
Crenshaw County,Alabama,373160
Cullman County,Alabama,2807111
Dale County,Alabama,2780156
Dallas County,Alabama,1251466
DeKalb County,Alabama,1889298
Elmore County,Alabama,1971078
Escambia County,Alabama,1198870
Etowah County,Alabama,2824810
Fayette County,Alabama,337273
Franklin County,Alabama,909753
Geneva County,Alabama,558832
Greene County,Alabama,211650
Hale County,Alabama,274941
Henry County,Alabama,448782
Houston County,Alabama,5612946
Jackson County,Alabama,1459631
Jefferson County,Alabama,45495547
Lamar County,Alabama,328150
Lauderdale County,Alabama,2633162
Lawrence County,Alabama,565359
Lee County,Alabama,6202804
Limestone County,Alabama,4152291
Lowndes County,Alabama,380643
Macon County,Alabama,523697
Madison County,Alabama,26578200
Marengo County,Alabama,799999
Marion County,Alabama,875066
Marshall County,Alabama,3513964
Mobile County,Alabama,20629953
Monroe County,Alabama,645004
Montgomery County,Alabama,13790378
Morgan County,Alabama,5752406
Perry County,Alabama,200884
Pickens County,Alabama,437136
Pike County,Alabama,1385275
Randolph County,Alabama,461568
Russell County,Alabama,1518639
St. Clair County,Alabama,1996200
Shelby County,Alabama,12202275
Sumter County,Alabama,323200
Talladega County,Alabama,3049141
Tallapoosa County,Alabama,1335855
Tuscaloosa County,Alabama,10292005
Walker County,Alabama,1683379
Washington County,Alabama,833596
Wilcox County,Alabama,410304
Winston County,Alabama,801044
Aleutians East Borough,Alaska,240184
Aleutians West Census Area,Alaska,879026
Anchorage Municipality,Alaska,22366993
Bethel Census Area,Alaska,681822
Bristol Bay Borough,Alaska,124970
Chugach Census Area,Alaska,1268010
Copper River Census Area,Alaska,106221
Denali Borough,Alaska,204622
Dillingham Census Area,Alaska,245485
Fairbanks North Star Borough,Alaska,5450465
Haines Borough,Alaska,87674
Hoonah-Angoon Census Area,Alaska,77890
Juneau City and Borough,Alaska,2292657
Kenai Peninsula Borough,Alaska,2708293
Ketchikan Gateway Borough,Alaska,812773
Kodiak Island Borough,Alaska,772016
Kusilvak Census Area,Alaska,152751
Lake and Peninsula Borough,Alaska,79381
Matanuska-Susitna Borough,Alaska,2907580
Nome Census Area,Alaska,423290
North Slope Borough,Alaska,6212554
Northwest Arctic Borough,Alaska,631816
Petersburg Borough,Alaska,166069
Prince of Wales-Hyder Census Area,Alaska,240040
Sitka City and Borough,Alaska,439554
Skagway Municipality,Alaska,60885
Southeast Fairbanks Census Area,Alaska,625703
Wrangell City and Borough,Alaska,83923
Yakutat City and Borough,Alaska,33887
Yukon-Koyukuk Census Area,Alaska,287378
Apache County,Arizona,2387490
Cochise County,Arizona,4997956
Coconino County,Arizona,7005682
Gila County,Arizona,1736150
Graham County,Arizona,1192277
Greenlee County,Arizona,1546070
La Paz County,Arizona,679952
Maricopa County,Arizona,265099855
Mohave County,Arizona,5861065
Navajo County,Arizona,2790294
Pima County,Arizona,45292634
Pinal County,Arizona,9465477
Santa Cruz County,Arizona,1941624
Yavapai County,Arizona,7478041
Yuma County,Arizona,7571543
Arkansas County,Arkansas,1055797
Ashley County,Arkansas,804429
Baxter County,Arkansas,1559787
Benton County,Arkansas,16501504
Boone County,Arkansas,1298521
Bradley County,Arkansas,329628
Calhoun County,Arkansas,341397
Carroll County,Arkansas,814911
Chicot County,Arkansas,272120
Clark County,Arkansas,779160
Clay County,Arkansas,334367
Cleburne County,Arkansas,617313
Cleveland County,Arkansas,96452
Columbia County,Arkansas,863189
Conway County,Arkansas,681136
Craighead County,Arkansas,4876797
Crawford County,Arkansas,1687393
Crittenden County,Arkansas,1745287
Cross County,Arkansas,451954
Dallas County,Arkansas,244686
Desha County,Arkansas,551887
Drew County,Arkansas,589149
Faulkner County,Arkansas,3928507
Franklin County,Arkansas,429003
Fulton County,Arkansas,187154
Garland County,Arkansas,3406886
Grant County,Arkansas,408479
Greene County,Arkansas,1469332
Hempstead County,Arkansas,938467
Hot Spring County,Arkansas,984852
Howard County,Arkansas,546508
Independence County,Arkansas,1653455
Izard County,Arkansas,259133
Jackson County,Arkansas,666323
Jefferson County,Arkansas,2870944
Johnson County,Arkansas,644489
Lafayette County,Arkansas,115719
Lawrence County,Arkansas,440448
Lee County,Arkansas,162358
Lincoln County,Arkansas,224047
Little River County,Arkansas,512695
Logan County,Arkansas,418562
Lonoke County,Arkansas,1363373
Madison County,Arkansas,350122
Marion County,Arkansas,564036
Miller County,Arkansas,1342292
Mississippi County,Arkansas,2718682
Monroe County,Arkansas,201086
Montgomery County,Arkansas,134109
Nevada County,Arkansas,233063
Newton County,Arkansas,99106
Ouachita County,Arkansas,616925
Perry County,Arkansas,146675
Phillips County,Arkansas,534151
Pike County,Arkansas,249196
Poinsett County,Arkansas,586811
Polk County,Arkansas,504690
Pope County,Arkansas,2906472
Prairie County,Arkansas,196128
Pulaski County,Arkansas,29104654
Randolph County,Arkansas,500632
St. Francis County,Arkansas,720772
Saline County,Arkansas,2740227
Scott County,Arkansas,259604
Searcy County,Arkansas,171576
Sebastian County,Arkansas,6651961
Sevier County,Arkansas,418552
Sharp County,Arkansas,307305
Stone County,Arkansas,227358
Union County,Arkansas,2463153
Van Buren County,Arkansas,354773
Washington County,Arkansas,11989877
White County,Arkansas,2160930
Woodruff County,Arkansas,232139
Yell County,Arkansas,536899
Alameda County,California,136360934
Alpine County,California,107899
Amador County,California,1579109
Butte County,California,8910788
Calaveras County,California,1341160
Colusa County,California,1495139
Contra Costa County,California,71307929
Del Norte County,California,783182
El Dorado County,California,7822988
Fresno County,California,44416463
Glenn County,California,1054825
Humboldt County,California,5378485
Imperial County,California,8764641
Inyo County,California,1136875
Kern County,California,45610265
Kings County,California,6531692
Lake County,California,1879722
Lassen County,California,1175128
Los Angeles County,California,729068982
Madera County,California,6201866
Marin County,California,29348325
Mariposa County,California,661568
Mendocino County,California,3395421
Merced County,California,9115222
Modoc County,California,459550
Mono County,California,931741
Monterey County,California,27384056
Napa County,California,10431615
Nevada County,California,4304596
Orange County,California,252885765
Placer County,California,23905563
Plumas County,California,895325
Riverside County,California,89428650
Sacramento County,California,92219821
San Benito County,California,2203403
San Bernardino County,California,94067565
San Diego County,California,233308848
San Francisco County,California,209160216
San Joaquin County,California,31111615
San Luis Obispo County,California,17070404
San Mateo County,California,150498469
Santa Barbara County,California,29567144
Santa Clara County,California,337195139
Santa Cruz County,California,15313067
Shasta County,California,8165870
Sierra County,California,91114
Siskiyou County,California,1660424
Solano County,California,31087660
Sonoma County,California,29572422
Stanislaus County,California,22651130
Sutter County,California,3574328
Tehama County,California,2026350
Trinity County,California,403924
Tulare County,California,18062395
Tuolumne County,California,2316248
Ventura County,California,51241052
Yolo County,California,14957942
Yuba County,California,3200163
Adams County,Colorado,28329940
Alamosa County,Colorado,673937
Arapahoe County,Colorado,49209130
Archuleta County,Colorado,509203
Baca County,Colorado,110108
Bent County,Colorado,125877
Boulder County,Colorado,29094426
Broomfield County,Colorado,8407182
Chaffee County,Colorado,806533
Cheyenne County,Colorado,160506
Clear Creek County,Colorado,457952
Conejos County,Colorado,194625
Costilla County,Colorado,83026
Crowley County,Colorado,116813
Custer County,Colorado,134297
Delta County,Colorado,854080
Denver County,Colorado,81049624
Dolores County,Colorado,99972
Douglas County,Colorado,20628928
Eagle County,Colorado,4020854
Elbert County,Colorado,710240
El Paso County,Colorado,37840469
Fremont County,Colorado,1417689
Garfield County,Colorado,3594513
Gilpin County,Colorado,529949
Grand County,Colorado,874602
Gunnison County,Colorado,992061
Hinsdale County,Colorado,36504
Huerfano County,Colorado,235864
Jackson County,Colorado,113016
Jefferson County,Colorado,33087319
Kiowa County,Colorado,63027
Kit Carson County,Colorado,354657
Lake County,Colorado,301885
La Plata County,Colorado,2992231
Larimer County,Colorado,20154078
Las Animas County,Colorado,523763
Lincoln County,Colorado,374067
Logan County,Colorado,915372
Mesa County,Colorado,6608274
Mineral County,Colorado,51511
Moffat County,Colorado,1029971
Montezuma County,Colorado,1235514
Montrose County,Colorado,1567762
Morgan County,Colorado,1473918
Otero County,Colorado,563765
Ouray County,Colorado,211465
Park County,Colorado,418525
Phillips County,Colorado,179835
Pitkin County,Colorado,2157733
Prowers County,Colorado,441055
Pueblo County,Colorado,6193982
Rio Blanco County,Colorado,565276
Rio Grande County,Colorado,462142
Routt County,Colorado,1871077
Saguache County,Colorado,187089
San Juan County,Colorado,32937
San Miguel County,Colorado,608089
Sedgwick County,Colorado,66137
Summit County,Colorado,2519914
Teller County,Colorado,991652
Washington County,Colorado,129148
Weld County,Colorado,19906701
Yuma County,Colorado,400574
Fairfield County,Connecticut,84666390
Hartford County,Connecticut,80323168
Litchfield County,Connecticut,8210484
Middlesex County,Connecticut,9286854
New Haven County,Connecticut,50178248
New London County,Connecticut,18105110
Tolland County,Connecticut,5170845
Windham County,Connecticut,4820173
Kent County,Delaware,7962310
New Castle County,Delaware,51261068
Sussex County,Delaware,13290477
District of Columbia,District of Columbia,137640835
Alachua County,Florida,14002876
Baker County,Florida,708601
Bay County,Florida,8689259
Bradford County,Florida,656501
Brevard County,Florida,26675569
Broward County,Florida,109668766
Calhoun County,Florida,281521
Charlotte County,Florida,6029633
Citrus County,Florida,4220549
Clay County,Florida,5502035
Collier County,Florida,20314457
Columbia County,Florida,2351424
DeSoto County,Florida,932826
Dixie County,Florida,299090
Duval County,Florida,67800544
Escambia County,Florida,15969568
Flagler County,Florida,2983204
Franklin County,Florida,355601
Gadsden County,Florida,1322038
Gilchrist County,Florida,406713
Glades County,Florida,311780
Gulf County,Florida,423982
Hamilton County,Florida,490401
Hardee County,Florida,1077046
Hendry County,Florida,1336732
Hernando County,Florida,4393701
Highlands County,Florida,2444048
Hillsborough County,Florida,95824192
Holmes County,Florida,360038
Indian River County,Florida,6962272
Jackson County,Florida,1327726
Jefferson County,Florida,249605
Lafayette County,Florida,143845
Lake County,Florida,10530820
Lee County,Florida,33175327
Leon County,Florida,14937496
Levy County,Florida,999977
Liberty County,Florida,344171
Madison County,Florida,430822
Manatee County,Florida,15573292
Marion County,Florida,10719426
Martin County,Florida,8408810
Miami-Dade County,Florida,156652960
Monroe County,Florida,4977763
Nassau County,Florida,3027363
Okaloosa County,Florida,12827458
Okeechobee County,Florida,1659922
Orange County,Florida,95230068
Osceola County,Florida,11298673
Palm Beach County,Florida,87532805
Pasco County,Florida,14018601
Pinellas County,Florida,51271222
Polk County,Florida,28191159
Putnam County,Florida,2260322
St. Johns County,Florida,10651468
St. Lucie County,Florida,10118688
Santa Rosa County,Florida,4939077
Sarasota County,Florida,22378834
Seminole County,Florida,23181555
Sumter County,Florida,3870905
Suwannee County,Florida,1159045
Taylor County,Florida,714551
Union County,Florida,316971
Volusia County,Florida,18956514
Wakulla County,Florida,754164
Walton County,Florida,3516795
Washington County,Florida,609174
Appling County,Georgia,1640681
Atkinson County,Georgia,236701
Bacon County,Georgia,351696
Baker County,Georgia,67127
Baldwin County,Georgia,1318847
Banks County,Georgia,381453
Barrow County,Georgia,2356917
Bartow County,Georgia,5026944
Ben Hill County,Georgia,534114
Berrien County,Georgia,391082
Bibb County,Georgia,8119117
Bleckley County,Georgia,226381
Brantley County,Georgia,262315
Brooks County,Georgia,480469
Bryan County,Georgia,1060652
Bulloch County,Georgia,2411794
Burke County,Georgia,3151465
Butts County,Georgia,681868
Calhoun County,Georgia,123167
Camden County,Georgia,1868844
Candler County,Georgia,275769
Carroll County,Georgia,5631810
Catoosa County,Georgia,1540070
Charlton County,Georgia,194800
Chatham County,Georgia,19060814
Chattahoochee County,Georgia,1657586
Chattooga County,Georgia,504683
Cherokee County,Georgia,8276981
Clarke County,Georgia,7536588
Clay County,Georgia,86606
Clayton County,Georgia,14760005
Clinch County,Georgia,235412
Cobb County,Georgia,55294855
Coffee County,Georgia,1543899
Colquitt County,Georgia,1480834
Columbia County,Georgia,4194324
Cook County,Georgia,364505
Coweta County,Georgia,5065569
Crawford County,Georgia,126375
Crisp County,Georgia,892438
Dade County,Georgia,406289
Dawson County,Georgia,851403
Decatur County,Georgia,839709
DeKalb County,Georgia,40935653
Dodge County,Georgia,418639
Dooly County,Georgia,373561
Dougherty County,Georgia,4465284
Douglas County,Georgia,4821583
Early County,Georgia,511655
Echols County,Georgia,42346
Effingham County,Georgia,2088491
Elbert County,Georgia,640870
Emanuel County,Georgia,673875
Evans County,Georgia,369884
Fannin County,Georgia,739705
Fayette County,Georgia,5414735
Floyd County,Georgia,3931938
Forsyth County,Georgia,10384201
Franklin County,Georgia,842726
Fulton County,Georgia,180141284
Gilmer County,Georgia,793667
Glascock County,Georgia,35634
Glynn County,Georgia,3981317
Gordon County,Georgia,2153848
Grady County,Georgia,639688
Greene County,Georgia,755743
Gwinnett County,Georgia,49521271
Habersham County,Georgia,1421755
Hall County,Georgia,11480934
Hancock County,Georgia,171038
Haralson County,Georgia,847372
Harris County,Georgia,543885
Hart County,Georgia,814416
Heard County,Georgia,1257258
Henry County,Georgia,6900016
Houston County,Georgia,7081347
Irwin County,Georgia,209027
Jackson County,Georgia,3615363
Jasper County,Georgia,270399
Jeff Davis County,Georgia,411096
Jefferson County,Georgia,546567
Jenkins County,Georgia,156912
Johnson County,Georgia,126048
Jones County,Georgia,415848
Lamar County,Georgia,405238
Lanier County,Georgia,130305
Laurens County,Georgia,1789768
Lee County,Georgia,721526
Liberty County,Georgia,3626066
Lincoln County,Georgia,137728
Long County,Georgia,158294
Lowndes County,Georgia,5062170
Lumpkin County,Georgia,836639
McDuffie County,Georgia,670696
McIntosh County,Georgia,250638
Macon County,Georgia,374595
Madison County,Georgia,473666
Marion County,Georgia,118030
Meriwether County,Georgia,581052
Miller County,Georgia,214350
Mitchell County,Georgia,743733
Monroe County,Georgia,1200373
Montgomery County,Georgia,141319
Morgan County,Georgia,905136
Murray County,Georgia,1201617
Muscogee County,Georgia,10654601
Newton County,Georgia,3081584
Oconee County,Georgia,1559022
Oglethorpe County,Georgia,249266
Paulding County,Georgia,3113990
Peach County,Georgia,875694
Pickens County,Georgia,975482
Pierce County,Georgia,439168
Pike County,Georgia,329298
Polk County,Georgia,1218896
Pulaski County,Georgia,271311
Putnam County,Georgia,522730
Quitman County,Georgia,39134
Rabun County,Georgia,542675
Randolph County,Georgia,180341
Richmond County,Georgia,12104550
Rockdale County,Georgia,4013229
Schley County,Georgia,111345
Screven County,Georgia,301998
Seminole County,Georgia,306719
Spalding County,Georgia,1997238
Stephens County,Georgia,917959
Stewart County,Georgia,134187
Sumter County,Georgia,1027949
Talbot County,Georgia,155238
Taliaferro County,Georgia,25946
Tattnall County,Georgia,528624
Taylor County,Georgia,210888
Telfair County,Georgia,259407
Terrell County,Georgia,221177
Thomas County,Georgia,2133286
Tift County,Georgia,1911393
Toombs County,Georgia,956151
Towns County,Georgia,352930
Treutlen County,Georgia,101950
Troup County,Georgia,3480568
Turner County,Georgia,193176
Twiggs County,Georgia,249719
Union County,Georgia,800698
Upson County,Georgia,634094
Walker County,Georgia,1401642
Walton County,Georgia,2671183
Ware County,Georgia,1329655
Warren County,Georgia,171182
Washington County,Georgia,621032
Wayne County,Georgia,1325920
Webster County,Georgia,62823
Wheeler County,Georgia,102516
White County,Georgia,815262
Whitfield County,Georgia,5458151
Wilcox County,Georgia,141919
Wilkes County,Georgia,275743
Wilkinson County,Georgia,552161
Worth County,Georgia,337818
Hawaii County,Hawaii,7533269
Honolulu County,Hawaii,60087478
Kauai County,Hawaii,3641562
Maui County + Kalawao County,Hawaii,8577089
Ada County,Idaho,29310868
Adams County,Idaho,120316
Bannock County,Idaho,2903589
Bear Lake County,Idaho,183712
Benewah County,Idaho,347100
Bingham County,Idaho,1432445
Blaine County,Idaho,1544087
Boise County,Idaho,164322
Bonner County,Idaho,1630158
Bonneville County,Idaho,6885868
Boundary County,Idaho,358532
Butte County,Idaho,1278922
Camas County,Idaho,71662
Canyon County,Idaho,6724745
Caribou County,Idaho,678949
Cassia County,Idaho,1467610
Clark County,Idaho,43007
Clearwater County,Idaho,346306
Custer County,Idaho,167894
Elmore County,Idaho,1251147
Franklin County,Idaho,403517
Fremont County,Idaho,389529
Gem County,Idaho,417248
Gooding County,Idaho,1233661
Idaho County,Idaho,456534
Jefferson County,Idaho,867032
Jerome County,Idaho,1258233
Kootenai County,Idaho,6875753
Latah County,Idaho,1379864
Lemhi County,Idaho,251023
Lewis County,Idaho,153364
Lincoln County,Idaho,254959
Madison County,Idaho,1324875
Minidoka County,Idaho,879432
Nez Perce County,Idaho,2140236
Oneida County,Idaho,132369
Owyhee County,Idaho,395757
Payette County,Idaho,806376
Power County,Idaho,444662
Shoshone County,Idaho,549395
Teton County,Idaho,373968
Twin Falls County,Idaho,3857546
Valley County,Idaho,513652
Washington County,Idaho,445133
Adams County,Illinois,3262255
Alexander County,Illinois,149739
Bond County,Illinois,551771
Boone County,Illinois,1697172
Brown County,Illinois,480630
Bureau County,Illinois,1179257
Calhoun County,Illinois,91661
Carroll County,Illinois,536548
Cass County,Illinois,635672
Champaign County,Illinois,10924667
Christian County,Illinois,1345763
Clark County,Illinois,478219
Clay County,Illinois,544608
Clinton County,Illinois,1068991
Coles County,Illinois,2372046
Cook County,Illinois,385762799
Crawford County,Illinois,950261
Cumberland County,Illinois,915810
DeKalb County,Illinois,4160157
De Witt County,Illinois,1188009
Douglas County,Illinois,975107
DuPage County,Illinois,92525418
Edgar County,Illinois,774217
Edwards County,Illinois,277248
Effingham County,Illinois,2063422
Fayette County,Illinois,535634
Ford County,Illinois,694674
Franklin County,Illinois,896551
Fulton County,Illinois,804869
Gallatin County,Illinois,138776
Greene County,Illinois,300115
Grundy County,Illinois,4301657
Hamilton County,Illinois,280755
Hancock County,Illinois,529732
Hardin County,Illinois,73068
Henderson County,Illinois,160904
Henry County,Illinois,1470214
Iroquois County,Illinois,988851
Jackson County,Illinois,2472681
Jasper County,Illinois,422649
Jefferson County,Illinois,1750362
Jersey County,Illinois,483142
Jo Daviess County,Illinois,753401
Johnson County,Illinois,216599
Kane County,Illinois,26037901
Kankakee County,Illinois,6162590
Kendall County,Illinois,3534314
Knox County,Illinois,1666289
Lake County,Illinois,61530357
LaSalle County,Illinois,5633980
Lawrence County,Illinois,505116
Lee County,Illinois,1512011
Livingston County,Illinois,1889758
Logan County,Illinois,995672
McDonough County,Illinois,1047868
McHenry County,Illinois,10978671
McLean County,Illinois,12371613
Macon County,Illinois,6294521
Macoupin County,Illinois,1122520
Madison County,Illinois,10738680
Marion County,Illinois,1252505
Marshall County,Illinois,387335
Mason County,Illinois,389840
Massac County,Illinois,591000
Menard County,Illinois,235091
Mercer County,Illinois,394373
Monroe County,Illinois,862924
Montgomery County,Illinois,1023421
Morgan County,Illinois,1494239
Moultrie County,Illinois,816673
Ogle County,Illinois,2743170
Peoria County,Illinois,12185615
Perry County,Illinois,569000
Piatt County,Illinois,485493
Pike County,Illinois,513212
Pope County,Illinois,52677
Pulaski County,Illinois,157161
Putnam County,Illinois,276796
Randolph County,Illinois,1330488
Richland County,Illinois,554020
Rock Island County,Illinois,9821512
St. Clair County,Illinois,11337139
Saline County,Illinois,721781
Sangamon County,Illinois,10645155
Schuyler County,Illinois,239400
Scott County,Illinois,144040
Shelby County,Illinois,764602
Stark County,Illinois,215870
Stephenson County,Illinois,1738081
Tazewell County,Illinois,5314359
Union County,Illinois,399772
Vermilion County,Illinois,3054478
Wabash County,Illinois,324332
Warren County,Illinois,764593
Washington County,Illinois,1024191
Wayne County,Illinois,436832
White County,Illinois,438371
Whiteside County,Illinois,2018293
Will County,Illinois,33492526
Williamson County,Illinois,2791050
Winnebago County,Illinois,12826407
Woodford County,Illinois,1159142
Adams County,Indiana,1669234
Allen County,Indiana,20249659
Bartholomew County,Indiana,6314353
Benton County,Indiana,491413
Blackford County,Indiana,322780
Boone County,Indiana,3800165
Brown County,Indiana,268475
Carroll County,Indiana,674567
Cass County,Indiana,1385263
Clark County,Indiana,5459362
Clay County,Indiana,765187
Clinton County,Indiana,1446070
Crawford County,Indiana,185753
Daviess County,Indiana,1380611
Dearborn County,Indiana,1821639
Decatur County,Indiana,1607975
DeKalb County,Indiana,2424480
Delaware County,Indiana,4030587
Dubois County,Indiana,2629485
Elkhart County,Indiana,15671462
Fayette County,Indiana,542362
Floyd County,Indiana,2780151
Fountain County,Indiana,466064
Franklin County,Indiana,519329
Fulton County,Indiana,671083
Gibson County,Indiana,3340175
Grant County,Indiana,2325161
Greene County,Indiana,609997
Hamilton County,Indiana,20009859
Hancock County,Indiana,3243824
Harrison County,Indiana,1147858
Hendricks County,Indiana,7023530
Henry County,Indiana,1364660
Howard County,Indiana,4133195
Huntington County,Indiana,1403097
Jackson County,Indiana,2483145
Jasper County,Indiana,1451551
Jay County,Indiana,873209
Jefferson County,Indiana,1505808
Jennings County,Indiana,719780
Johnson County,Indiana,5544320
Knox County,Indiana,1823591
Kosciusko County,Indiana,5854402
Lagrange County,Indiana,1665751
Lake County,Indiana,21222777
LaPorte County,Indiana,3978308
Lawrence County,Indiana,1312546
Madison County,Indiana,3746388
Marion County,Indiana,94330001
Marshall County,Indiana,1621710
Martin County,Indiana,1127237
Miami County,Indiana,909294
Monroe County,Indiana,6760555
Montgomery County,Indiana,1612566
Morgan County,Indiana,1876705
Newton County,Indiana,346732
Noble County,Indiana,1857964
Ohio County,Indiana,119830
Orange County,Indiana,599752
Owen County,Indiana,527751
Parke County,Indiana,368544
Perry County,Indiana,702881
Pike County,Indiana,647969
Porter County,Indiana,7048880
Posey County,Indiana,3073425
Pulaski County,Indiana,630856
Putnam County,Indiana,1082473
Randolph County,Indiana,743178
Ripley County,Indiana,1156604
Rush County,Indiana,574438
St. Joseph County,Indiana,13736554
Scott County,Indiana,686326
Shelby County,Indiana,1907799
Spencer County,Indiana,893469
Starke County,Indiana,545982
Steuben County,Indiana,1391186
Sullivan County,Indiana,803008
Switzerland County,Indiana,214881
Tippecanoe County,Indiana,9727401
Tipton County,Indiana,612608
Union County,Indiana,141200
Vanderburgh County,Indiana,10853822
Vermillion County,Indiana,879013
Vigo County,Indiana,4539365
Wabash County,Indiana,1135918
Warren County,Indiana,225651
Warrick County,Indiana,2379919
Washington County,Indiana,613325
Wayne County,Indiana,2718399
Wells County,Indiana,1072859
White County,Indiana,1019452
Whitley County,Indiana,1549805
Adair County,Iowa,442602
Adams County,Iowa,196215
Allamakee County,Iowa,593063
Appanoose County,Iowa,402510
Audubon County,Iowa,284777
Benton County,Iowa,840331
Black Hawk County,Iowa,7689241
Boone County,Iowa,1011922
Bremer County,Iowa,1071908
Buchanan County,Iowa,750698
Buena Vista County,Iowa,1217821
Butler County,Iowa,395597
Calhoun County,Iowa,375892
Carroll County,Iowa,1291355
Cass County,Iowa,631437
Cedar County,Iowa,560717
Cerro Gordo County,Iowa,2420809
Cherokee County,Iowa,623724
Chickasaw County,Iowa,594492
Clarke County,Iowa,393545
Clay County,Iowa,1003466
Clayton County,Iowa,804156
Clinton County,Iowa,2168700
Crawford County,Iowa,712868
Dallas County,Iowa,6482952
Davis County,Iowa,248058
Decatur County,Iowa,205128
Delaware County,Iowa,875769
Des Moines County,Iowa,2149430
Dickinson County,Iowa,961893
Dubuque County,Iowa,6591464
Emmet County,Iowa,331847
Fayette County,Iowa,706059
Floyd County,Iowa,753225
Franklin County,Iowa,537423
Fremont County,Iowa,296595
Greene County,Iowa,464793
Grundy County,Iowa,499478
Guthrie County,Iowa,451667
Hamilton County,Iowa,671259
Hancock County,Iowa,721216
Hardin County,Iowa,731314
Harrison County,Iowa,416051
Henry County,Iowa,911258
Howard County,Iowa,436603
Humboldt County,Iowa,419975
Ida County,Iowa,579716
Iowa County,Iowa,958749
Jackson County,Iowa,650350
Jasper County,Iowa,1173443
Jefferson County,Iowa,668419
Johnson County,Iowa,9325714
Jones County,Iowa,617724
Keokuk County,Iowa,307509
Kossuth County,Iowa,800456
Lee County,Iowa,1837322
Linn County,Iowa,16503977
Louisa County,Iowa,644727
Lucas County,Iowa,312557
Lyon County,Iowa,858408
Madison County,Iowa,417513
Mahaska County,Iowa,814431
Marion County,Iowa,2099257
Marshall County,Iowa,1816177
Mills County,Iowa,520780
Mitchell County,Iowa,575588
Monona County,Iowa,298222
Monroe County,Iowa,404883
Montgomery County,Iowa,408098
Muscatine County,Iowa,2524407
O'Brien County,Iowa,851017
Osceola County,Iowa,327661
Page County,Iowa,585163
Palo Alto County,Iowa,453868
Plymouth County,Iowa,1318864
Pocahontas County,Iowa,456455
Polk County,Iowa,45762189
Pottawattamie County,Iowa,4077222
Poweshiek County,Iowa,1131506
Ringgold County,Iowa,173369
Sac County,Iowa,470926
Scott County,Iowa,9360735
Shelby County,Iowa,659776
Sioux County,Iowa,2453212
Story County,Iowa,5478189
Tama County,Iowa,639183
Taylor County,Iowa,241600
Union County,Iowa,684499
Van Buren County,Iowa,211246
Wapello County,Iowa,1610261
Warren County,Iowa,1262225
Washington County,Iowa,1021520
Wayne County,Iowa,215122
Webster County,Iowa,1943542
Winnebago County,Iowa,429233
Winneshiek County,Iowa,993714
Woodbury County,Iowa,5082484
Worth County,Iowa,288342
Wright County,Iowa,620011
Allen County,Kansas,553037
Anderson County,Kansas,305472
Atchison County,Kansas,679299
Barber County,Kansas,183228
Barton County,Kansas,1240269
Bourbon County,Kansas,583999
Brown County,Kansas,525471
Butler County,Kansas,2457347
Chase County,Kansas,132958
Chautauqua County,Kansas,70596
Cherokee County,Kansas,824817
Cheyenne County,Kansas,124999
Clark County,Kansas,191010
Clay County,Kansas,282660
Cloud County,Kansas,394082
Coffey County,Kansas,868594
Comanche County,Kansas,52127
Cowley County,Kansas,1238085
Crawford County,Kansas,1656751
Decatur County,Kansas,139254
Dickinson County,Kansas,614124
Doniphan County,Kansas,271990
Douglas County,Kansas,5005574
Edwards County,Kansas,166042
Elk County,Kansas,76435
Ellis County,Kansas,1584182
Ellsworth County,Kansas,275056
Finney County,Kansas,2157260
Ford County,Kansas,2270057
Franklin County,Kansas,873124
Geary County,Kansas,2938556
Gove County,Kansas,162635
Graham County,Kansas,124421
Grant County,Kansas,479229
Gray County,Kansas,599549
Greeley County,Kansas,144287
Greenwood County,Kansas,153365
Hamilton County,Kansas,241877
Harper County,Kansas,275111
Harvey County,Kansas,1286862
Haskell County,Kansas,338451
Hodgeman County,Kansas,117562
Jackson County,Kansas,364464
Jefferson County,Kansas,432713
Jewell County,Kansas,109668
Johnson County,Kansas,49871351
Kearny County,Kansas,204884
Kingman County,Kansas,351274
Kiowa County,Kansas,134045
Labette County,Kansas,816291
Lane County,Kansas,114129
Leavenworth County,Kansas,2908926
Lincoln County,Kansas,130992
Linn County,Kansas,518377
Logan County,Kansas,152680
Lyon County,Kansas,1408723
McPherson County,Kansas,1954320
Marion County,Kansas,391896
Marshall County,Kansas,541469
Meade County,Kansas,230998
Miami County,Kansas,984300
Mitchell County,Kansas,490084
Montgomery County,Kansas,1703625
Morris County,Kansas,189918
Morton County,Kansas,136217
Nemaha County,Kansas,501394
Neosho County,Kansas,563366
Ness County,Kansas,178493
Norton County,Kansas,247487
Osage County,Kansas,321153
Osborne County,Kansas,170921
Ottawa County,Kansas,121982
Pawnee County,Kansas,274376
Phillips County,Kansas,327233
Pottawatomie County,Kansas,1226554
Pratt County,Kansas,566437
Rawlins County,Kansas,138412
Reno County,Kansas,2568355
Republic County,Kansas,200024
Rice County,Kansas,527146
Riley County,Kansas,2677702
Rooks County,Kansas,185689
Rush County,Kansas,143625
Russell County,Kansas,263502
Saline County,Kansas,2703970
Scott County,Kansas,346904
Sedgwick County,Kansas,30287740
Seward County,Kansas,1228952
Shawnee County,Kansas,10449207
Sheridan County,Kansas,146152
Sherman County,Kansas,294273
Smith County,Kansas,172003
Stafford County,Kansas,177118
Stanton County,Kansas,198651
Stevens County,Kansas,320993
Sumner County,Kansas,692168
Thomas County,Kansas,586952
Trego County,Kansas,157686
Wabaunsee County,Kansas,143564
Wallace County,Kansas,95549
Washington County,Kansas,232273
Wichita County,Kansas,211631
Wilson County,Kansas,298226
Woodson County,Kansas,74733
Wyandotte County,Kansas,11220623
Adair County,Kentucky,375827
Allen County,Kentucky,437796
Anderson County,Kentucky,547796
Ballard County,Kentucky,215369
Barren County,Kentucky,1376520
Bath County,Kentucky,192128
Bell County,Kentucky,706466
Boone County,Kentucky,11743729
Bourbon County,Kentucky,850556
Boyd County,Kentucky,2735147
Boyle County,Kentucky,1194203
Bracken County,Kentucky,154590
Breathitt County,Kentucky,205118
Breckinridge County,Kentucky,374459
Bullitt County,Kentucky,2558450
Butler County,Kentucky,290828
Caldwell County,Kentucky,387640
Calloway County,Kentucky,1408921
Campbell County,Kentucky,3368850
Carlisle County,Kentucky,158353
Carroll County,Kentucky,1771240
Carter County,Kentucky,490225
Casey County,Kentucky,343729
Christian County,Kentucky,5872581
Clark County,Kentucky,1476518
Clay County,Kentucky,355432
Clinton County,Kentucky,333616
Crittenden County,Kentucky,169566
Cumberland County,Kentucky,163731
Daviess County,Kentucky,4606067
Edmonson County,Kentucky,180247
Elliott County,Kentucky,76277
Estill County,Kentucky,212828
Fayette County,Kentucky,19728959
Fleming County,Kentucky,317956
Floyd County,Kentucky,1025595
Franklin County,Kentucky,3082240
Fulton County,Kentucky,186913
Gallatin County,Kentucky,348410
Garrard County,Kentucky,253123
Grant County,Kentucky,503889
Graves County,Kentucky,1188302
Grayson County,Kentucky,712655
Green County,Kentucky,174741
Greenup County,Kentucky,783130
Hancock County,Kentucky,783493
Hardin County,Kentucky,5174371
Harlan County,Kentucky,472667
Harrison County,Kentucky,498056
Hart County,Kentucky,559073
Henderson County,Kentucky,1948812
Henry County,Kentucky,311735
Hickman County,Kentucky,139460
Hopkins County,Kentucky,1698843
Jackson County,Kentucky,166585
Jefferson County,Kentucky,56226385
Jessamine County,Kentucky,2056180
Johnson County,Kentucky,425673
Kenton County,Kentucky,8933342
Knott County,Kentucky,213467
Knox County,Kentucky,603567
Larue County,Kentucky,229473
Laurel County,Kentucky,2153743
Lawrence County,Kentucky,352157
Lee County,Kentucky,124244
Leslie County,Kentucky,150077
Letcher County,Kentucky,329957
Lewis County,Kentucky,194276
Lincoln County,Kentucky,405480
Livingston County,Kentucky,302036
Logan County,Kentucky,1106479
Lyon County,Kentucky,223165
McCracken County,Kentucky,4296088
McCreary County,Kentucky,261576
McLean County,Kentucky,195874
Madison County,Kentucky,2895626
Magoffin County,Kentucky,148707
Marion County,Kentucky,892301
Marshall County,Kentucky,1417140
Martin County,Kentucky,192734
Mason County,Kentucky,1121283
Meade County,Kentucky,536446
Menifee County,Kentucky,88403
Mercer County,Kentucky,760153
Metcalfe County,Kentucky,173094
Monroe County,Kentucky,300280
Montgomery County,Kentucky,970050
Morgan County,Kentucky,249612
Muhlenberg County,Kentucky,1085786
Nelson County,Kentucky,1606286
Nicholas County,Kentucky,87829
Ohio County,Kentucky,734016
Oldham County,Kentucky,1801668
Owen County,Kentucky,170154
Owsley County,Kentucky,48447
Pendleton County,Kentucky,276575
Perry County,Kentucky,894812
Pike County,Kentucky,1885567
Powell County,Kentucky,224611
Pulaski County,Kentucky,2115846
Robertson County,Kentucky,26404
Rockcastle County,Kentucky,336628
Rowan County,Kentucky,720007
Russell County,Kentucky,628733
Scott County,Kentucky,3484589
Shelby County,Kentucky,1607186
Simpson County,Kentucky,936939
Spencer County,Kentucky,305518
Taylor County,Kentucky,874602
Todd County,Kentucky,340105
Trigg County,Kentucky,264788
Trimble County,Kentucky,544342
Union County,Kentucky,736841
Warren County,Kentucky,6987853
Washington County,Kentucky,309900
Wayne County,Kentucky,428771
Webster County,Kentucky,370249
Whitley County,Kentucky,1031107
Wolfe County,Kentucky,103293
Woodford County,Kentucky,1087668
Acadia Parish,Louisiana,1529858
Allen Parish,Louisiana,696072
Ascension Parish,Louisiana,8130527
Assumption Parish,Louisiana,458518
Avoyelles Parish,Louisiana,901764
Beauregard Parish,Louisiana,1455717
Bienville Parish,Louisiana,530510
Bossier Parish,Louisiana,5168987
Caddo Parish,Louisiana,12502095
Calcasieu Parish,Louisiana,12884896
Caldwell Parish,Louisiana,189065
Cameron Parish,Louisiana,1019697
Catahoula Parish,Louisiana,182588
Claiborne Parish,Louisiana,351619
Concordia Parish,Louisiana,561410
De Soto Parish,Louisiana,2265308
East Baton Rouge Parish,Louisiana,32116771
East Carroll Parish,Louisiana,163194
East Feliciana Parish,Louisiana,478295
Evangeline Parish,Louisiana,843923
Franklin Parish,Louisiana,474741
Grant Parish,Louisiana,384374
Iberia Parish,Louisiana,2880042
Iberville Parish,Louisiana,2446512
Jackson Parish,Louisiana,423923
Jefferson Parish,Louisiana,22501579
Jefferson Davis Parish,Louisiana,841426
Lafayette Parish,Louisiana,13771860
Lafourche Parish,Louisiana,3813966
LaSalle Parish,Louisiana,452198
Lincoln Parish,Louisiana,1979279
Livingston Parish,Louisiana,3134877
Madison Parish,Louisiana,355995
Morehouse Parish,Louisiana,588768
Natchitoches Parish,Louisiana,1404601
Orleans Parish,Louisiana,22244212
Ouachita Parish,Louisiana,6831683
Plaquemines Parish,Louisiana,2657239
Pointe Coupee Parish,Louisiana,704532
Rapides Parish,Louisiana,5613037
Red River Parish,Louisiana,606240
Richland Parish,Louisiana,671893
Sabine Parish,Louisiana,792803
St. Bernard Parish,Louisiana,1284474
St. Charles Parish,Louisiana,7488335
St. Helena Parish,Louisiana,189105
St. James Parish,Louisiana,2308571
St. John the Baptist Parish,Louisiana,2770169
St. Landry Parish,Louisiana,2386262
St. Martin Parish,Louisiana,1258040
St. Mary Parish,Louisiana,2438126
St. Tammany Parish,Louisiana,12106496
Tangipahoa Parish,Louisiana,4240458
Tensas Parish,Louisiana,116780
Terrebonne Parish,Louisiana,5084851
Union Parish,Louisiana,450501
Vermilion Parish,Louisiana,1385128
Vernon Parish,Louisiana,2026268
Washington Parish,Louisiana,1028991
Webster Parish,Louisiana,1123413
West Baton Rouge Parish,Louisiana,1495054
West Carroll Parish,Louisiana,195845
West Feliciana Parish,Louisiana,966819
Winn Parish,Louisiana,483256
Androscoggin County,Maine,5007785
Aroostook County,Maine,2592688
Cumberland County,Maine,23295646
Franklin County,Maine,1120747
Hancock County,Maine,2452915
Kennebec County,Maine,5851410
Knox County,Maine,1850951
Lincoln County,Maine,1184148
Oxford County,Maine,1771651
Penobscot County,Maine,6769592
Piscataquis County,Maine,609153
Sagadahoc County,Maine,1858035
Somerset County,Maine,1758825
Waldo County,Maine,1417418
Washington County,Maine,1099055
York County,Maine,8774315
Allegany County,Maryland,2859022
Anne Arundel County,Maryland,48721149
Baltimore County,Maryland,51947827
Calvert County,Maryland,4521604
Caroline County,Maryland,1066095
Carroll County,Maryland,6099556
Cecil County,Maryland,4784614
Charles County,Maryland,5762910
Dorchester County,Maryland,1277510
Frederick County,Maryland,13480352
Garrett County,Maryland,1268424
Harford County,Maryland,13015931
Howard County,Maryland,27352389
Kent County,Maryland,915898
Montgomery County,Maryland,88909025
Prince George's County,Maryland,44491617
Queen Anne's County,Maryland,1761474
St. Mary's County,Maryland,7881704
Somerset County,Maryland,797395
Talbot County,Maryland,1893535
Washington County,Maryland,6602008
Wicomico County,Maryland,4908251
Worcester County,Maryland,2554325
Baltimore City,Maryland,45928314
Barnstable County,Massachusetts,12718672
Berkshire County,Massachusetts,6812712
Bristol County,Massachusetts,25966129
Dukes County,Massachusetts,1413837
Essex County,Massachusetts,44181331
Franklin County,Massachusetts,2950310
Hampden County,Massachusetts,22459868
Hampshire County,Massachusetts,7531586
Middlesex County,Massachusetts,175807224
Nantucket County,Massachusetts,1255916
Norfolk County,Massachusetts,53143243
Plymouth County,Massachusetts,25247819
Suffolk County,Massachusetts,137032371
Worcester County,Massachusetts,43371051
Alcona County,Michigan,217818
Alger County,Michigan,235085
Allegan County,Michigan,4645409
Alpena County,Michigan,1043571
Antrim County,Michigan,567251
Arenac County,Michigan,419860
Baraga County,Michigan,267441
Barry County,Michigan,1482523
Bay County,Michigan,3545561
Benzie County,Michigan,472157
Berrien County,Michigan,7491792
Branch County,Michigan,1356763
Calhoun County,Michigan,6350135
Cass County,Michigan,1065278
Charlevoix County,Michigan,1108451
Cheboygan County,Michigan,582077
Chippewa County,Michigan,1064522
Clare County,Michigan,1115008
Clinton County,Michigan,2170942
Crawford County,Michigan,406589
Delta County,Michigan,1186556
Dickinson County,Michigan,1280039
Eaton County,Michigan,5200987
Emmet County,Michigan,1667798
Genesee County,Michigan,15263502
Gladwin County,Michigan,480574
Gogebic County,Michigan,451217
Grand Traverse County,Michigan,4968074
Gratiot County,Michigan,1425014
Hillsdale County,Michigan,1520652
Houghton County,Michigan,1057922
Huron County,Michigan,1435791
Ingham County,Michigan,17186665
Ionia County,Michigan,1456182
Iosco County,Michigan,869368
Iron County,Michigan,308720
Isabella County,Michigan,2350168
Jackson County,Michigan,6374681
Kalamazoo County,Michigan,15017678
Kalkaska County,Michigan,532280
Kent County,Michigan,42625043
Keweenaw County,Michigan,48015
Lake County,Michigan,234910
Lapeer County,Michigan,2227861
Leelanau County,Michigan,728367
Lenawee County,Michigan,3019702
Livingston County,Michigan,6970420
Luce County,Michigan,144842
Mackinac County,Michigan,403745
Macomb County,Michigan,37893248
Manistee County,Michigan,821217
Marquette County,Michigan,2610540
Mason County,Michigan,987662
Mecosta County,Michigan,1192740
Menominee County,Michigan,652337
Midland County,Michigan,5689329
Missaukee County,Michigan,409810
Monroe County,Michigan,5588368
Montcalm County,Michigan,1554515
Montmorency County,Michigan,249723
Muskegon County,Michigan,5905749
Newaygo County,Michigan,1346613
Oakland County,Michigan,104254094
Oceana County,Michigan,616045
Ogemaw County,Michigan,539235
Ontonagon County,Michigan,123746
Osceola County,Michigan,733271
Oscoda County,Michigan,189010
Otsego County,Michigan,1064333
Ottawa County,Michigan,14426246
Presque Isle County,Michigan,334480
Roscommon County,Michigan,596684
Saginaw County,Michigan,8243904
St. Clair County,Michigan,5363330
St. Joseph County,Michigan,2008481
Sanilac County,Michigan,1158417
Schoolcraft County,Michigan,266970
Shiawassee County,Michigan,1610377
Tuscola County,Michigan,1264535
Van Buren County,Michigan,2929873
Washtenaw County,Michigan,24986674
Wayne County,Michigan,92979659
Wexford County,Michigan,1214002
Aitkin County,Minnesota,464111
Anoka County,Minnesota,15316736
Becker County,Minnesota,1366884
Beltrami County,Minnesota,1802748
Benton County,Minnesota,1747239
Big Stone County,Minnesota,219929
Blue Earth County,Minnesota,3934295
Brown County,Minnesota,1345681
Carlton County,Minnesota,1326144
Carver County,Minnesota,5237578
Cass County,Minnesota,941624
Chippewa County,Minnesota,540184
Chisago County,Minnesota,1545915
Clay County,Minnesota,2035544
Clearwater County,Minnesota,266562
Cook County,Minnesota,238802
Cottonwood County,Minnesota,648686
Crow Wing County,Minnesota,2808853
Dakota County,Minnesota,25553037
Dodge County,Minnesota,704501
Douglas County,Minnesota,1956321
Faribault County,Minnesota,487657
Fillmore County,Minnesota,640111
Freeborn County,Minnesota,1204086
Goodhue County,Minnesota,2825374
Grant County,Minnesota,263497
Hennepin County,Minnesota,136944126
Houston County,Minnesota,545862
Hubbard County,Minnesota,790099
Isanti County,Minnesota,1082128
Itasca County,Minnesota,1938462
Jackson County,Minnesota,621819
Kanabec County,Minnesota,411488
Kandiyohi County,Minnesota,2132225
Kittson County,Minnesota,224555
Koochiching County,Minnesota,482848
Lac qui Parle County,Minnesota,279235
Lake County,Minnesota,499858
Lake of the Woods County,Minnesota,192118
Le Sueur County,Minnesota,934572
Lincoln County,Minnesota,329560
Lyon County,Minnesota,1481667
McLeod County,Minnesota,1720176
Mahnomen County,Minnesota,156898
Marshall County,Minnesota,422005
Martin County,Minnesota,964447
Meeker County,Minnesota,1112933
Mille Lacs County,Minnesota,770924
Morrison County,Minnesota,1104045
Mower County,Minnesota,2046053
Murray County,Minnesota,497914
Nicollet County,Minnesota,1446841
Nobles County,Minnesota,1231517
Norman County,Minnesota,231240
Olmsted County,Minnesota,11494360
Otter Tail County,Minnesota,2320230
Pennington County,Minnesota,1680732
Pine County,Minnesota,693829
Pipestone County,Minnesota,629028
Polk County,Minnesota,1368274
Pope County,Minnesota,516184
Ramsey County,Minnesota,41641947
Red Lake County,Minnesota,152606
Redwood County,Minnesota,826891
Renville County,Minnesota,718030
Rice County,Minnesota,2752822
Rock County,Minnesota,592792
Roseau County,Minnesota,1042202
St. Louis County,Minnesota,9787560
Scott County,Minnesota,6595427
Sherburne County,Minnesota,3388345
Sibley County,Minnesota,411812
Stearns County,Minnesota,8601537
Steele County,Minnesota,2141148
Stevens County,Minnesota,623672
Swift County,Minnesota,473751
Todd County,Minnesota,753966
Traverse County,Minnesota,208561
Wabasha County,Minnesota,762337
Wadena County,Minnesota,506315
Waseca County,Minnesota,715965
Washington County,Minnesota,11473932
Watonwan County,Minnesota,426467
Wilkin County,Minnesota,284906
Winona County,Minnesota,2336476
Wright County,Minnesota,5006940
Yellow Medicine County,Minnesota,508555
Adams County,Mississippi,917807
Alcorn County,Mississippi,1245995
Amite County,Mississippi,282509
Attala County,Mississippi,509110
Benton County,Mississippi,304276
Bolivar County,Mississippi,1019567
Calhoun County,Mississippi,304749
Carroll County,Mississippi,109819
Chickasaw County,Mississippi,506740
Choctaw County,Mississippi,663322
Claiborne County,Mississippi,598167
Clarke County,Mississippi,280819
Clay County,Mississippi,502084
Coahoma County,Mississippi,661007
Copiah County,Mississippi,635760
Covington County,Mississippi,566366
DeSoto County,Mississippi,6224773
Forrest County,Mississippi,3467644
Franklin County,Mississippi,206518
George County,Mississippi,484561
Greene County,Mississippi,157041
Grenada County,Mississippi,904471
Hancock County,Mississippi,1622980
Harrison County,Mississippi,8875906
Hinds County,Mississippi,11952318
Holmes County,Mississippi,274447
Humphreys County,Mississippi,189292
Issaquena County,Mississippi,26243
Itawamba County,Mississippi,584902
Jackson County,Mississippi,7012398
Jasper County,Mississippi,466679
Jefferson County,Mississippi,92362
Jefferson Davis County,Mississippi,157380
Jones County,Mississippi,2487078
Kemper County,Mississippi,330049
Lafayette County,Mississippi,2103940
Lamar County,Mississippi,1751520
Lauderdale County,Mississippi,3405365
Lawrence County,Mississippi,328313
Leake County,Mississippi,504561
Lee County,Mississippi,4681691
Leflore County,Mississippi,1184301
Lincoln County,Mississippi,1102990
Lowndes County,Mississippi,2958022
Madison County,Mississippi,6391854
Marion County,Mississippi,807704
Marshall County,Mississippi,807965
Monroe County,Mississippi,946235
Montgomery County,Mississippi,192437
Neshoba County,Mississippi,976646
Newton County,Mississippi,493603
Noxubee County,Mississippi,230722
Oktibbeha County,Mississippi,1762764
Panola County,Mississippi,1076048
Pearl River County,Mississippi,1064624
Perry County,Mississippi,298909
Pike County,Mississippi,1091965
Pontotoc County,Mississippi,915893
Prentiss County,Mississippi,599773
Quitman County,Mississippi,94528
Rankin County,Mississippi,6776495
Scott County,Mississippi,1046411
Sharkey County,Mississippi,99005
Simpson County,Mississippi,578779
Smith County,Mississippi,344369
Stone County,Mississippi,378188
Sunflower County,Mississippi,670844
Tallahatchie County,Mississippi,282619
Tate County,Mississippi,498623
Tippah County,Mississippi,687409
Tishomingo County,Mississippi,606168
Tunica County,Mississippi,510904
Union County,Mississippi,1082222
Walthall County,Mississippi,250950
Warren County,Mississippi,2304129
Washington County,Mississippi,1430993
Wayne County,Mississippi,523796
Webster County,Mississippi,192271
Wilkinson County,Mississippi,142523
Winston County,Mississippi,467786
Yalobusha County,Mississippi,318159
Yazoo County,Mississippi,735099
Adair County,Missouri,785869
Andrew County,Missouri,318931
Atchison County,Missouri,316301
Audrain County,Missouri,857671
Barry County,Missouri,1452006
Barton County,Missouri,347232
Bates County,Missouri,477242
Benton County,Missouri,391324
Bollinger County,Missouri,185354
Boone County,Missouri,9454445
Buchanan County,Missouri,4930847
Butler County,Missouri,1444574
Caldwell County,Missouri,224644
Callaway County,Missouri,1759963
Camden County,Missouri,1553552
Cape Girardeau County,Missouri,3938681
Carroll County,Missouri,323362
Carter County,Missouri,119121
Cass County,Missouri,2797809
Cedar County,Missouri,279521
Chariton County,Missouri,284449
Christian County,Missouri,1793539
Clark County,Missouri,149144
Clay County,Missouri,12708410
Clinton County,Missouri,391228
Cole County,Missouri,5284649
Cooper County,Missouri,443061
Crawford County,Missouri,640265
Dade County,Missouri,181271
Dallas County,Missouri,253421
Daviess County,Missouri,192802
DeKalb County,Missouri,332325
Dent County,Missouri,355010
Douglas County,Missouri,210657
Dunklin County,Missouri,662740
Franklin County,Missouri,4779199
Gasconade County,Missouri,444595
Gentry County,Missouri,225193
Greene County,Missouri,16690679
Grundy County,Missouri,311995
Harrison County,Missouri,256355
Henry County,Missouri,696683
Hickory County,Missouri,154148
Holt County,Missouri,215923
Howard County,Missouri,219289
Howell County,Missouri,1243144
Iron County,Missouri,410984
Jackson County,Missouri,46635552
Jasper County,Missouri,5243918
Jefferson County,Missouri,5232538
Johnson County,Missouri,1870327
Knox County,Missouri,125667
Laclede County,Missouri,1271362
Lafayette County,Missouri,842536
Lawrence County,Missouri,824847
Lewis County,Missouri,228433
Lincoln County,Missouri,1258203
Linn County,Missouri,401304
Livingston County,Missouri,562405
McDonald County,Missouri,701424
Macon County,Missouri,530405
Madison County,Missouri,266201
Maries County,Missouri,173045
Marion County,Missouri,1191256
Mercer County,Missouri,101671
Miller County,Missouri,676608
Mississippi County,Missouri,343306
Moniteau County,Missouri,432849
Monroe County,Missouri,191088
Montgomery County,Missouri,340129
Morgan County,Missouri,491035
New Madrid County,Missouri,990040
Newton County,Missouri,2031011
Nodaway County,Missouri,733976
Oregon County,Missouri,198551
Osage County,Missouri,404324
Ozark County,Missouri,137098
Pemiscot County,Missouri,436295
Perry County,Missouri,999904
Pettis County,Missouri,1994314
Phelps County,Missouri,1529217
Pike County,Missouri,496365
Platte County,Missouri,6785842
Polk County,Missouri,765757
Pulaski County,Missouri,2399647
Putnam County,Missouri,120104
Ralls County,Missouri,598970
Randolph County,Missouri,1200105
Ray County,Missouri,472157
Reynolds County,Missouri,239042
Ripley County,Missouri,206570
St. Charles County,Missouri,17822774
St. Clair County,Missouri,156152
Ste. Genevieve County,Missouri,644390
St. Francois County,Missouri,1702358
St. Louis County,Missouri,81153764
Saline County,Missouri,899257
Schuyler County,Missouri,84762
Scotland County,Missouri,149243
Scott County,Missouri,1591948
Shannon County,Missouri,128068
Shelby County,Missouri,175404
Stoddard County,Missouri,1000467
Stone County,Missouri,679640
Sullivan County,Missouri,457363
Taney County,Missouri,2270383
Texas County,Missouri,505070
Vernon County,Missouri,797340
Warren County,Missouri,842755
Washington County,Missouri,391484
Wayne County,Missouri,206803
Webster County,Missouri,778276
Worth County,Missouri,50878
Wright County,Missouri,353075
St. Louis City,Missouri,28335312
Beaverhead County,Montana,408882
Big Horn County,Montana,788870
Blaine County,Montana,170812
Broadwater County,Montana,184424
Carbon County,Montana,350584
Carter County,Montana,45232
Cascade County,Montana,3660574
Chouteau County,Montana,282934
Custer County,Montana,454709
Daniels County,Montana,114358
Dawson County,Montana,396486
Deer Lodge County,Montana,269899
Fallon County,Montana,201520
Fergus County,Montana,488127
Flathead County,Montana,4369781
Gallatin County,Montana,6656011
Garfield County,Montana,37879
Glacier County,Montana,440684
Golden Valley County,Montana,26033
Granite County,Montana,93373
Hill County,Montana,733615
Jefferson County,Montana,247869
Judith Basin County,Montana,107209
Lake County,Montana,866737
Lewis and Clark County,Montana,3602575
Liberty County,Montana,208993
Lincoln County,Montana,583296
McCone County,Montana,98935
Madison County,Montana,503577
Meagher County,Montana,53320
Mineral County,Montana,98515
Missoula County,Montana,5721496
Musselshell County,Montana,274247
Park County,Montana,600678
Petroleum County,Montana,12254
Phillips County,Montana,130818
Pondera County,Montana,257830
Powder River County,Montana,152526
Powell County,Montana,213046
Prairie County,Montana,39804
Ravalli County,Montana,1184086
Richland County,Montana,840552
Roosevelt County,Montana,412451
Rosebud County,Montana,694447
Sanders County,Montana,364869
Sheridan County,Montana,183218
Silver Bow County,Montana,1504098
Stillwater County,Montana,729442
Sweet Grass County,Montana,269450
Teton County,Montana,269038
Toole County,Montana,355284
Treasure County,Montana,81013
Valley County,Montana,313302
Wheatland County,Montana,87258
Wibaux County,Montana,40696
Yellowstone County,Montana,8735916
Adams County,Nebraska,1793509
Antelope County,Nebraska,583630
Arthur County,Nebraska,19256
Banner County,Nebraska,38319
Blaine County,Nebraska,28475
Boone County,Nebraska,432605
Box Butte County,Nebraska,559546
Boyd County,Nebraska,110434
Brown County,Nebraska,212671
Buffalo County,Nebraska,3066059
Burt County,Nebraska,285862
Butler County,Nebraska,336078
Cass County,Nebraska,770443
Cedar County,Nebraska,426377
Chase County,Nebraska,340242
Cherry County,Nebraska,297452
Cheyenne County,Nebraska,518394
Clay County,Nebraska,336866
Colfax County,Nebraska,707750
Cuming County,Nebraska,782504
Custer County,Nebraska,692235
Dakota County,Nebraska,1487678
Dawes County,Nebraska,293096
Dawson County,Nebraska,1536811
Deuel County,Nebraska,74034
Dixon County,Nebraska,285916
Dodge County,Nebraska,2104992
Douglas County,Nebraska,48179220
Dundy County,Nebraska,188046
Fillmore County,Nebraska,357280
Franklin County,Nebraska,94333
Frontier County,Nebraska,94057
Furnas County,Nebraska,270065
Gage County,Nebraska,956451
Garden County,Nebraska,75651
Garfield County,Nebraska,86109
Gosper County,Nebraska,81675
Grant County,Nebraska,28148
Greeley County,Nebraska,103980
Hall County,Nebraska,3471688
Hamilton County,Nebraska,647721
Harlan County,Nebraska,172571
Hayes County,Nebraska,93441
Hitchcock County,Nebraska,135064
Holt County,Nebraska,663393
Hooker County,Nebraska,27984
Howard County,Nebraska,222796
Jefferson County,Nebraska,443075
Johnson County,Nebraska,178665
Kearney County,Nebraska,335926
Keith County,Nebraska,393267
Keya Paha County,Nebraska,36972
Kimball County,Nebraska,171311
Knox County,Nebraska,489767
Lancaster County,Nebraska,19461981
Lincoln County,Nebraska,2135409
Logan County,Nebraska,31337
Loup County,Nebraska,32285
McPherson County,Nebraska,26614
Madison County,Nebraska,2360985
Merrick County,Nebraska,362369
Morrill County,Nebraska,517038
Nance County,Nebraska,115527
Nemaha County,Nebraska,598365
Nuckolls County,Nebraska,233980
Otoe County,Nebraska,1226199
Pawnee County,Nebraska,110114
Perkins County,Nebraska,303832
Phelps County,Nebraska,787135
Pierce County,Nebraska,320594
Platte County,Nebraska,2616099
Polk County,Nebraska,264192
Red Willow County,Nebraska,535827
Richardson County,Nebraska,353270
Rock County,Nebraska,93298
Saline County,Nebraska,987227
Sarpy County,Nebraska,9233837
Saunders County,Nebraska,738715
Scotts Bluff County,Nebraska,1717610
Seward County,Nebraska,722703
Sheridan County,Nebraska,307300
Sherman County,Nebraska,105351
Sioux County,Nebraska,67657
Stanton County,Nebraska,293826
Thayer County,Nebraska,354871
Thomas County,Nebraska,32702
Thurston County,Nebraska,406572
Valley County,Nebraska,286777
Washington County,Nebraska,1268325
Wayne County,Nebraska,462927
Webster County,Nebraska,210081
Wheeler County,Nebraska,85167
York County,Nebraska,842230
Churchill County,Nevada,1151928
Clark County,Nevada,117309807
Douglas County,Nevada,2494110
Elko County,Nevada,2778928
Esmeralda County,Nevada,38918
Eureka County,Nevada,1532208
Humboldt County,Nevada,1426512
Lander County,Nevada,874688
Lincoln County,Nevada,162401
Lyon County,Nevada,1567232
Mineral County,Nevada,227179
Nye County,Nevada,1780422
Pershing County,Nevada,354287
Storey County,Nevada,2059969
Washoe County,Nevada,28056711
White Pine County,Nevada,744443
Carson City,Nevada,3513975
Belknap County,New Hampshire,2885681
Carroll County,New Hampshire,2290195
Cheshire County,New Hampshire,3854320
Coos County,New Hampshire,1239761
Grafton County,New Hampshire,6759043
Hillsborough County,New Hampshire,27002678
Merrimack County,New Hampshire,9583480
Rockingham County,New Hampshire,22148031
Strafford County,New Hampshire,5804394
Sullivan County,New Hampshire,1589052
Atlantic County,New Jersey,13034081
Bergen County,New Jersey,76915277
Burlington County,New Jersey,28523101
Camden County,New Jersey,24233549
Cape May County,New Jersey,5250931
Cumberland County,New Jersey,6198307
Essex County,New Jersey,51350699
Gloucester County,New Jersey,13782582
Hudson County,New Jersey,45359789
Hunterdon County,New Jersey,7343494
Mercer County,New Jersey,37995013
Middlesex County,New Jersey,61942329
Monmouth County,New Jersey,36353784
Morris County,New Jersey,54823099
Ocean County,New Jersey,22213245
Passaic County,New Jersey,20487215
Salem County,New Jersey,5463202
Somerset County,New Jersey,40206398
Sussex County,New Jersey,4853399
Union County,New Jersey,37021179
Warren County,New Jersey,3870315
Bernalillo County,New Mexico,37616720
Catron County,New Mexico,90713
Chaves County,New Mexico,2068154
Cibola County,New Mexico,635821
Colfax County,New Mexico,440312
Curry County,New Mexico,3114987
De Baca County,New Mexico,79002
Doña Ana County,New Mexico,7464061
Eddy County,New Mexico,6919970
Grant County,New Mexico,997897
Guadalupe County,New Mexico,148047
Harding County,New Mexico,46043
Hidalgo County,New Mexico,200890
Lea County,New Mexico,6346278
Lincoln County,New Mexico,683444
Los Alamos County,New Mexico,2382196
Luna County,New Mexico,857059
McKinley County,New Mexico,2436459
Mora County,New Mexico,101224
Otero County,New Mexico,2781560
Quay County,New Mexico,287003
Rio Arriba County,New Mexico,1007174
Roosevelt County,New Mexico,644544
Sandoval County,New Mexico,3704152
San Juan County,New Mexico,5215071
San Miguel County,New Mexico,625630
Santa Fe County,New Mexico,6715262
Sierra County,New Mexico,306826
Socorro County,New Mexico,478982
Taos County,New Mexico,924372
Torrance County,New Mexico,425559
Union County,New Mexico,161452
Valencia County,New Mexico,1583563
Albany County,New York,32422270
Allegany County,New York,1510255
Bronx County,New York,42885562
Broome County,New York,8769608
Cattaraugus County,New York,2679798
Cayuga County,New York,2873276
Chautauqua County,New York,4432141
Chemung County,New York,3532357
Chenango County,New York,2164003
Clinton County,New York,3529921
Columbia County,New York,2520107
Cortland County,New York,1745913
Delaware County,New York,1989136
Dutchess County,New York,13699276
Erie County,New York,57567114
Essex County,New York,1594042
Franklin County,New York,1853672
Fulton County,New York,1835506
Genesee County,New York,2349279
Greene County,New York,2322652
Hamilton County,New York,231473
Herkimer County,New York,1790812
Jefferson County,New York,6203153
Kings County,New York,100243398
Lewis County,New York,1060556
Livingston County,New York,2081728
Madison County,New York,2250916
Monroe County,New York,46566312
Montgomery County,New York,1859475
Nassau County,New York,98512007
New York County,New York,722690958
Niagara County,New York,9741615
Oneida County,New York,10911995
Onondaga County,New York,31149329
Ontario County,New York,6199467
Orange County,New York,19670062
Orleans County,New York,1365555
Oswego County,New York,6703130
Otsego County,New York,2601892
Putnam County,New York,3722875
Queens County,New York,96199098
Rensselaer County,New York,9515839
Richmond County,New York,16683808
Rockland County,New York,17202457
St. Lawrence County,New York,4688000
Saratoga County,New York,11490512
Schenectady County,New York,8253534
Schoharie County,New York,979244
Schuyler County,New York,530420
Seneca County,New York,1436778
Steuben County,New York,4413154
Suffolk County,New York,99970686
Sullivan County,New York,3009503
Tioga County,New York,1557084
Tompkins County,New York,5791732
Ulster County,New York,7271561
Warren County,New York,5277481
Washington County,New York,1954199
Wayne County,New York,3798711
Westchester County,New York,86271879
Wyoming County,New York,1732557
Yates County,New York,947435
Alamance County,North Carolina,6301602
Alexander County,North Carolina,805506
Alleghany County,North Carolina,295493
Anson County,North Carolina,720070
Ashe County,North Carolina,765753
Avery County,North Carolina,608081
Beaufort County,North Carolina,1768301
Bertie County,North Carolina,591505
Bladen County,North Carolina,1338777
Brunswick County,North Carolina,5307904
Buncombe County,North Carolina,13843747
Burke County,North Carolina,2526394
Cabarrus County,North Carolina,7865318
Caldwell County,North Carolina,2440942
Camden County,North Carolina,155689
Carteret County,North Carolina,2361010
Caswell County,North Carolina,340586
Catawba County,North Carolina,8661089
Chatham County,North Carolina,1790750
Cherokee County,North Carolina,799606
Chowan County,North Carolina,493461
Clay County,North Carolina,215344
Cleveland County,North Carolina,4148057
Columbus County,North Carolina,1457563
Craven County,North Carolina,4888808
Cumberland County,North Carolina,17470306
Currituck County,North Carolina,751718
Dare County,North Carolina,2166876
Davidson County,North Carolina,4775395
Davie County,North Carolina,1363332
Duplin County,North Carolina,1926389
Durham County,North Carolina,36075554
Edgecombe County,North Carolina,1489815
Forsyth County,North Carolina,24591902
Franklin County,North Carolina,1854786
Gaston County,North Carolina,7430224
Gates County,North Carolina,201635
Graham County,North Carolina,237608
Granville County,North Carolina,3416966
Greene County,North Carolina,394740
Guilford County,North Carolina,32685016
Halifax County,North Carolina,1399528
Harnett County,North Carolina,2587284
Haywood County,North Carolina,1896151
Henderson County,North Carolina,4062516
Hertford County,North Carolina,808078
Hoke County,North Carolina,1146873
Hyde County,North Carolina,168824
Iredell County,North Carolina,9641894
Jackson County,North Carolina,1538353
Johnston County,North Carolina,7281528
Jones County,North Carolina,156778
Lee County,North Carolina,2711178
Lenoir County,North Carolina,2614458
Lincoln County,North Carolina,2923856
McDowell County,North Carolina,1946415
Macon County,North Carolina,1636921
Madison County,North Carolina,395320
Martin County,North Carolina,646520
Mecklenburg County,North Carolina,120109385
Mitchell County,North Carolina,534713
Montgomery County,North Carolina,1032040
Moore County,North Carolina,3754815
Nash County,North Carolina,4956949
New Hanover County,North Carolina,13615038
Northampton County,North Carolina,503504
Onslow County,North Carolina,8697170
Orange County,North Carolina,8792713
Pamlico County,North Carolina,281705
Pasquotank County,North Carolina,1529214
Pender County,North Carolina,1502577
Perquimans County,North Carolina,263816
Person County,North Carolina,1480401
Pitt County,North Carolina,8957371
Polk County,North Carolina,478370
Randolph County,North Carolina,4037535
Richmond County,North Carolina,1854115
Robeson County,North Carolina,3755211
Rockingham County,North Carolina,2769029
Rowan County,North Carolina,5391334
Rutherford County,North Carolina,1756674
Sampson County,North Carolina,1719416
Scotland County,North Carolina,1105827
Stanly County,North Carolina,1736600
Stokes County,North Carolina,989588
Surry County,North Carolina,2395381
Swain County,North Carolina,671844
Transylvania County,North Carolina,1724049
Tyrrell County,North Carolina,110764
Union County,North Carolina,7768093
Vance County,North Carolina,1176141
Wake County,North Carolina,83277097
Warren County,North Carolina,298515
Washington County,North Carolina,258326
Watauga County,North Carolina,2167141
Wayne County,North Carolina,4753242
Wilkes County,North Carolina,2336866
Wilson County,North Carolina,3825090
Yadkin County,North Carolina,860938
Yancey County,North Carolina,422639
Adams County,North Dakota,108897
Barnes County,North Dakota,629933
Benson County,North Dakota,248379
Billings County,North Dakota,258964
Bottineau County,North Dakota,421369
Bowman County,North Dakota,234004
Burke County,North Dakota,225214
Burleigh County,North Dakota,5469480
Cass County,North Dakota,12882827
Cavalier County,North Dakota,394094
Dickey County,North Dakota,307535
Divide County,North Dakota,192664
Dunn County,North Dakota,1277184
Eddy County,North Dakota,124597
Emmons County,North Dakota,189650
Foster County,North Dakota,253412
Golden Valley County,North Dakota,74371
Grand Forks County,North Dakota,3953532
Grant County,North Dakota,108404
Griggs County,North Dakota,143486
Hettinger County,North Dakota,114325
Kidder County,North Dakota,131206
LaMoure County,North Dakota,256071
Logan County,North Dakota,101657
McHenry County,North Dakota,265749
McIntosh County,North Dakota,150252
McKenzie County,North Dakota,3569360
McLean County,North Dakota,797225
Mercer County,North Dakota,969223
Morton County,North Dakota,1465612
Mountrail County,North Dakota,1782204
Nelson County,North Dakota,148462
Oliver County,North Dakota,263228
Pembina County,North Dakota,473882
Pierce County,North Dakota,223456
Ramsey County,North Dakota,604314
Ransom County,North Dakota,243414
Renville County,North Dakota,172916
Richland County,North Dakota,735962
Rolette County,North Dakota,385021
Sargent County,North Dakota,745475
Sheridan County,North Dakota,57343
Sioux County,North Dakota,137975
Slope County,North Dakota,38400
Stark County,North Dakota,2637490
Steele County,North Dakota,157092
Stutsman County,North Dakota,1205481
Towner County,North Dakota,191826
Traill County,North Dakota,445099
Walsh County,North Dakota,603121
Ward County,North Dakota,3864224
Wells County,North Dakota,277906
Williams County,North Dakota,4948733
Adams County,Ohio,720009
Allen County,Ohio,7671608
Ashland County,Ohio,1791049
Ashtabula County,Ohio,3059453
Athens County,Ohio,2036815
Auglaize County,Ohio,2182481
Belmont County,Ohio,3291221
Brown County,Ohio,834568
Butler County,Ohio,21172811
Carroll County,Ohio,1153186
Champaign County,Ohio,1207735
Clark County,Ohio,4470864
Clermont County,Ohio,8738593
Clinton County,Ohio,2244472
Columbiana County,Ohio,2994895
Coshocton County,Ohio,1208172
Crawford County,Ohio,1289893
Cuyahoga County,Ohio,96178755
Darke County,Ohio,2000826
Defiance County,Ohio,1576127
Delaware County,Ohio,12765369
Erie County,Ohio,3648707
Fairfield County,Ohio,4582588
Fayette County,Ohio,1666245
Franklin County,Ohio,99493528
Fulton County,Ohio,2025835
Gallia County,Ohio,2015098
Geauga County,Ohio,4084613
Greene County,Ohio,10220441
Guernsey County,Ohio,2159237
Hamilton County,Ohio,78513548
Hancock County,Ohio,5223099
Hardin County,Ohio,860038
Harrison County,Ohio,1062902
Henry County,Ohio,1402449
Highland County,Ohio,1340960
Hocking County,Ohio,611881
Holmes County,Ohio,2470009
Huron County,Ohio,2244735
Jackson County,Ohio,1032877
Jefferson County,Ohio,3973494
Knox County,Ohio,2012202
Lake County,Ohio,11295907
Lawrence County,Ohio,1767776
Licking County,Ohio,7194069
Logan County,Ohio,1880512
Lorain County,Ohio,10398000
Lucas County,Ohio,23534061
Madison County,Ohio,1897494
Mahoning County,Ohio,9027129
Marion County,Ohio,2596223
Medina County,Ohio,7198696
Meigs County,Ohio,408638
Mercer County,Ohio,2199726
Miami County,Ohio,4326226
Monroe County,Ohio,1267804
Montgomery County,Ohio,29400670
Morgan County,Ohio,340509
Morrow County,Ohio,654755
Muskingum County,Ohio,3716193
Noble County,Ohio,416882
Ottawa County,Ohio,1974043
Paulding County,Ohio,571561
Perry County,Ohio,719322
Pickaway County,Ohio,1847335
Pike County,Ohio,1070008
Portage County,Ohio,6266893
Preble County,Ohio,1139653
Putnam County,Ohio,1229145
Richland County,Ohio,4393186
Ross County,Ohio,2821982
Sandusky County,Ohio,2735321
Scioto County,Ohio,2453208
Seneca County,Ohio,1972141
Shelby County,Ohio,3096987
Stark County,Ohio,15994269
Summit County,Ohio,29862170
Trumbull County,Ohio,6631567
Tuscarawas County,Ohio,3696176
Union County,Ohio,4403193
Van Wert County,Ohio,1229752
Vinton County,Ohio,288689
Warren County,Ohio,12336491
Washington County,Ohio,3435157
Wayne County,Ohio,6363686
Williams County,Ohio,1702044
Wood County,Ohio,7257002
Wyandot County,Ohio,1041187
Adair County,Oklahoma,395223
Alfalfa County,Oklahoma,461427
Atoka County,Oklahoma,370282
Beaver County,Oklahoma,378760
Beckham County,Oklahoma,947484
Blaine County,Oklahoma,1664549
Bryan County,Oklahoma,1782021
Caddo County,Oklahoma,958890
Canadian County,Oklahoma,5708978
Carter County,Oklahoma,2674239
Cherokee County,Oklahoma,1288523
Choctaw County,Oklahoma,347837
Cimarron County,Oklahoma,181153
Cleveland County,Oklahoma,8654502
Coal County,Oklahoma,303359
Comanche County,Oklahoma,4994671
Cotton County,Oklahoma,142266
Craig County,Oklahoma,438270
Creek County,Oklahoma,1953529
Custer County,Oklahoma,1518378
Delaware County,Oklahoma,833870
Dewey County,Oklahoma,624230
Ellis County,Oklahoma,588129
Garfield County,Oklahoma,2678999
Garvin County,Oklahoma,1841576
Grady County,Oklahoma,3002719
Grant County,Oklahoma,290364
Greer County,Oklahoma,94704
Harmon County,Oklahoma,76012
Harper County,Oklahoma,210853
Haskell County,Oklahoma,322117
Hughes County,Oklahoma,730460
Jackson County,Oklahoma,1056806
Jefferson County,Oklahoma,123320
Johnston County,Oklahoma,466237
Kay County,Oklahoma,1791597
Kingfisher County,Oklahoma,2912209
Kiowa County,Oklahoma,247259
Latimer County,Oklahoma,320112
Le Flore County,Oklahoma,1304964
Lincoln County,Oklahoma,846849
Logan County,Oklahoma,867275
Love County,Oklahoma,620658
McClain County,Oklahoma,1600232
McCurtain County,Oklahoma,1077037
McIntosh County,Oklahoma,394509
Major County,Oklahoma,509412
Marshall County,Oklahoma,519108
Mayes County,Oklahoma,1918011
Murray County,Oklahoma,499143
Muskogee County,Oklahoma,2747530
Noble County,Oklahoma,628784
Nowata County,Oklahoma,185421
Okfuskee County,Oklahoma,233296
Oklahoma County,Oklahoma,55375412
Okmulgee County,Oklahoma,859587
Osage County,Oklahoma,909603
Ottawa County,Oklahoma,1015096
Pawnee County,Oklahoma,346830
Payne County,Oklahoma,3202116
Pittsburg County,Oklahoma,1975110
Pontotoc County,Oklahoma,2000647
Pottawatomie County,Oklahoma,2181131
Pushmataha County,Oklahoma,242775
Roger Mills County,Oklahoma,396424
Rogers County,Oklahoma,3323728
Seminole County,Oklahoma,778769
Sequoyah County,Oklahoma,750561
Stephens County,Oklahoma,2010453
Texas County,Oklahoma,1761536
Tillman County,Oklahoma,163339
Tulsa County,Oklahoma,40431900
Wagoner County,Oklahoma,1396454
Washington County,Oklahoma,2849021
Washita County,Oklahoma,349241
Woods County,Oklahoma,606490
Woodward County,Oklahoma,1136953
Baker County,Oregon,557152
Benton County,Oregon,4515038
Clackamas County,Oregon,21061270
Clatsop County,Oregon,1912851
Columbia County,Oregon,1370710
Coos County,Oregon,2291499
Crook County,Oregon,899256
Curry County,Oregon,666782
Deschutes County,Oregon,10418735
Douglas County,Oregon,3735869
Gilliam County,Oregon,323736
Grant County,Oregon,258372
Harney County,Oregon,276842
Hood River County,Oregon,1175828
Jackson County,Oregon,9367440
Jefferson County,Oregon,747658
Josephine County,Oregon,2911287
Klamath County,Oregon,2367513
Lake County,Oregon,307051
Lane County,Oregon,16256109
Lincoln County,Oregon,1918415
Linn County,Oregon,4822572
Malheur County,Oregon,1259549
Marion County,Oregon,16572043
Morrow County,Oregon,1385808
Multnomah County,Oregon,66845428
Polk County,Oregon,2001010
Sherman County,Oregon,553820
Tillamook County,Oregon,1248080
Umatilla County,Oregon,3365042
Union County,Oregon,967640
Wallowa County,Oregon,316972
Wasco County,Oregon,1552807
Washington County,Oregon,49525051
Wheeler County,Oregon,33688
Yamhill County,Oregon,3654845
Adams County,Pennsylvania,3655582
Allegheny County,Pennsylvania,97688807
Armstrong County,Pennsylvania,2060807
Beaver County,Pennsylvania,6883497
Bedford County,Pennsylvania,1386871
Berks County,Pennsylvania,19544448
Blair County,Pennsylvania,5906303
Bradford County,Pennsylvania,3900126
Bucks County,Pennsylvania,34007729
Butler County,Pennsylvania,10306883
Cambria County,Pennsylvania,4623044
Cameron County,Pennsylvania,185329
Carbon County,Pennsylvania,2543704
Centre County,Pennsylvania,8550168
Chester County,Pennsylvania,44173579
Clarion County,Pennsylvania,1129062
Clearfield County,Pennsylvania,2715132
Clinton County,Pennsylvania,1507055
Columbia County,Pennsylvania,2373947
Crawford County,Pennsylvania,2755071
Cumberland County,Pennsylvania,16117040
Dauphin County,Pennsylvania,21511980
Delaware County,Pennsylvania,31692956
Elk County,Pennsylvania,1363617
Erie County,Pennsylvania,10962392
Fayette County,Pennsylvania,4227542
Forest County,Pennsylvania,229372
Franklin County,Pennsylvania,5935700
Fulton County,Pennsylvania,626391
Greene County,Pennsylvania,2871444
Huntingdon County,Pennsylvania,1230787
Indiana County,Pennsylvania,3651648
Jefferson County,Pennsylvania,1422220
Juniata County,Pennsylvania,709023
Lackawanna County,Pennsylvania,9711954
Lancaster County,Pennsylvania,28317681
Lawrence County,Pennsylvania,3089353
Lebanon County,Pennsylvania,5654024
Lehigh County,Pennsylvania,23040234
Luzerne County,Pennsylvania,14595064
Lycoming County,Pennsylvania,5639484
McKean County,Pennsylvania,1417078
Mercer County,Pennsylvania,4066106
Mifflin County,Pennsylvania,1674649
Monroe County,Pennsylvania,6867159
Montgomery County,Pennsylvania,80938533
Montour County,Pennsylvania,1895940
Northampton County,Pennsylvania,15189699
Northumberland County,Pennsylvania,3170953
Perry County,Pennsylvania,1002977
Philadelphia County,Pennsylvania,101493061
Pike County,Pennsylvania,1413339
Potter County,Pennsylvania,881504
Schuylkill County,Pennsylvania,4735556
Snyder County,Pennsylvania,1444412
Somerset County,Pennsylvania,2277859
Sullivan County,Pennsylvania,272868
Susquehanna County,Pennsylvania,2476884
Tioga County,Pennsylvania,1543731
Union County,Pennsylvania,1786815
Venango County,Pennsylvania,1623816
Warren County,Pennsylvania,1277271
Washington County,Pennsylvania,12415557
Wayne County,Pennsylvania,1864682
Westmoreland County,Pennsylvania,14085624
Wyoming County,Pennsylvania,1624984
York County,Pennsylvania,20532161
Bristol County,Rhode Island,1695090
Kent County,Rhode Island,9522295
Newport County,Rhode Island,6015573
Providence County,Rhode Island,34184815
Washington County,Rhode Island,6815021
Abbeville County,South Carolina,572455
Aiken County,South Carolina,6993919
Allendale County,South Carolina,277523
Anderson County,South Carolina,7154393
Bamberg County,South Carolina,325648
Barnwell County,South Carolina,475094
Beaufort County,South Carolina,8668262
Berkeley County,South Carolina,8542639
Calhoun County,South Carolina,585050
Charleston County,South Carolina,31641758
Cherokee County,South Carolina,1678255
Chester County,South Carolina,1129855
Chesterfield County,South Carolina,1344707
Clarendon County,South Carolina,615556
Colleton County,South Carolina,937617
Darlington County,South Carolina,2606987
Dillon County,South Carolina,748522
Dorchester County,South Carolina,4054118
Edgefield County,South Carolina,624622
Fairfield County,South Carolina,1001471
Florence County,South Carolina,6999995
Georgetown County,South Carolina,2573476
Greenville County,South Carolina,31749957
Greenwood County,South Carolina,2906017
Hampton County,South Carolina,461485
Horry County,South Carolina,13626733
Jasper County,South Carolina,1302681
Kershaw County,South Carolina,1855473
Lancaster County,South Carolina,3460727
Laurens County,South Carolina,2281590
Lee County,South Carolina,333728
Lexington County,South Carolina,13412392
McCormick County,South Carolina,232829
Marion County,South Carolina,602387
Marlboro County,South Carolina,737278
Newberry County,South Carolina,1360657
Oconee County,South Carolina,3648737
Orangeburg County,South Carolina,2714222
Pickens County,South Carolina,3973191
Richland County,South Carolina,24928141
Saluda County,South Carolina,450003
Spartanburg County,South Carolina,15732045
Sumter County,South Carolina,4177695
Union County,South Carolina,699420
Williamsburg County,South Carolina,756768
York County,South Carolina,12686181
Aurora County,South Dakota,96889
Beadle County,South Dakota,877303
Bennett County,South Dakota,97785
Bon Homme County,South Dakota,220079
Brookings County,South Dakota,2105049
Brown County,South Dakota,2296320
Brule County,South Dakota,239842
Buffalo County,South Dakota,86791
Butte County,South Dakota,308173
Campbell County,South Dakota,106547
Charles Mix County,South Dakota,444156
Clark County,South Dakota,264712
Clay County,South Dakota,571522
Codington County,South Dakota,1492854
Corson County,South Dakota,82780
Custer County,South Dakota,235141
Davison County,South Dakota,1181714
Day County,South Dakota,296691
Deuel County,South Dakota,312723
Dewey County,South Dakota,224510
Douglas County,South Dakota,188749
Edmunds County,South Dakota,243875
Fall River County,South Dakota,229155
Faulk County,South Dakota,134507
Grant County,South Dakota,492071
Gregory County,South Dakota,164432
Haakon County,South Dakota,122240
Hamlin County,South Dakota,261888
Hand County,South Dakota,182293
Hanson County,South Dakota,143570
Harding County,South Dakota,53352
Hughes County,South Dakota,1183441
Hutchinson County,South Dakota,362027
Hyde County,South Dakota,95834
Jackson County,South Dakota,65176
Jerauld County,South Dakota,149694
Jones County,South Dakota,47542
Kingsbury County,South Dakota,288424
Lake County,South Dakota,573454
Lawrence County,South Dakota,1161183
Lincoln County,South Dakota,5067641
Lyman County,South Dakota,150244
McCook County,South Dakota,245603
McPherson County,South Dakota,115566
Marshall County,South Dakota,288903
Meade County,South Dakota,881278
Mellette County,South Dakota,32824
Miner County,South Dakota,107293
Minnehaha County,South Dakota,16422363
Moody County,South Dakota,339549
Oglala Lakota County,South Dakota,342295
Pennington County,South Dakota,5780812
Perkins County,South Dakota,131028
Potter County,South Dakota,170898
Roberts County,South Dakota,367599
Sanborn County,South Dakota,120067
Spink County,South Dakota,414006
Stanley County,South Dakota,109754
Sully County,South Dakota,126827
Todd County,South Dakota,222925
Tripp County,South Dakota,230148
Turner County,South Dakota,357303
Union County,South Dakota,1595322
Walworth County,South Dakota,248553
Yankton County,South Dakota,1241168
Ziebach County,South Dakota,37788
Anderson County,Tennessee,4998448
Bedford County,Tennessee,1898513
Benton County,Tennessee,373103
Bledsoe County,Tennessee,200598
Blount County,Tennessee,5879181
Bradley County,Tennessee,4580411
Campbell County,Tennessee,955045
Cannon County,Tennessee,275291
Carroll County,Tennessee,665736
Carter County,Tennessee,1068738
Cheatham County,Tennessee,1159288
Chester County,Tennessee,356343
Claiborne County,Tennessee,782021
Clay County,Tennessee,168436
Cocke County,Tennessee,741357
Coffee County,Tennessee,2917318
Crockett County,Tennessee,563221
Cumberland County,Tennessee,1716521
Davidson County,Tennessee,71505683
Decatur County,Tennessee,301941
DeKalb County,Tennessee,673374
Dickson County,Tennessee,2016805
Dyer County,Tennessee,1684208
Fayette County,Tennessee,1199388
Fentress County,Tennessee,473100
Franklin County,Tennessee,1148450
Gibson County,Tennessee,1502035
Giles County,Tennessee,1115565
Grainger County,Tennessee,430198
Greene County,Tennessee,2349798
Grundy County,Tennessee,228783
Hamblen County,Tennessee,3126135
Hamilton County,Tennessee,26042354
Hancock County,Tennessee,85129
Hardeman County,Tennessee,591414
Hardin County,Tennessee,932875
Hawkins County,Tennessee,1635402
Haywood County,Tennessee,693133
Henderson County,Tennessee,705244
Henry County,Tennessee,1189503
Hickman County,Tennessee,482968
Houston County,Tennessee,150467
Humphreys County,Tennessee,775442
Jackson County,Tennessee,216983
Jefferson County,Tennessee,1669982
Johnson County,Tennessee,428065
Knox County,Tennessee,28140966
Lake County,Tennessee,125315
Lauderdale County,Tennessee,714542
Lawrence County,Tennessee,1043169
Lewis County,Tennessee,293412
Lincoln County,Tennessee,1042490
Loudon County,Tennessee,2163005
McMinn County,Tennessee,2155486
McNairy County,Tennessee,528528
Macon County,Tennessee,520077
Madison County,Tennessee,5877215
Marion County,Tennessee,796230
Marshall County,Tennessee,1229988
Maury County,Tennessee,4291147
Meigs County,Tennessee,244956
Monroe County,Tennessee,1378586
Montgomery County,Tennessee,5960374
Moore County,Tennessee,509780
Morgan County,Tennessee,303146
Obion County,Tennessee,1200545
Overton County,Tennessee,544239
Perry County,Tennessee,170581
Pickett County,Tennessee,140247
Polk County,Tennessee,308847
Putnam County,Tennessee,3588445
Rhea County,Tennessee,1839915
Roane County,Tennessee,2508850
Robertson County,Tennessee,2446981
Rutherford County,Tennessee,17782865
Scott County,Tennessee,474972
Sequatchie County,Tennessee,293290
Sevier County,Tennessee,4170821
Shelby County,Tennessee,63478233
Smith County,Tennessee,718585
Stewart County,Tennessee,763389
Sullivan County,Tennessee,7966576
Sumner County,Tennessee,7202336
Tipton County,Tennessee,1240467
Trousdale County,Tennessee,190804
Unicoi County,Tennessee,565455
Union County,Tennessee,315699
Van Buren County,Tennessee,99819
Warren County,Tennessee,1429859
Washington County,Tennessee,6037020
Wayne County,Tennessee,342952
Weakley County,Tennessee,1082977
White County,Tennessee,742410
Williamson County,Tennessee,24552567
Wilson County,Tennessee,5717133
Anderson County,Texas,1959856
Andrews County,Texas,2658131
Angelina County,Texas,3237762
Aransas County,Texas,686447
Archer County,Texas,285286
Armstrong County,Texas,54162
Atascosa County,Texas,2638058
Austin County,Texas,1425701
Bailey County,Texas,401678
Bandera County,Texas,376299
Bastrop County,Texas,2552591
Baylor County,Texas,170931
Bee County,Texas,718572
Bell County,Texas,17097220
Bexar County,Texas,105300306
Blanco County,Texas,430722
Borden County,Texas,430561
Bosque County,Texas,566318
Bowie County,Texas,3568782
Brazoria County,Texas,15663870
Brazos County,Texas,10272300
Brewster County,Texas,369180
Briscoe County,Texas,78401
Brooks County,Texas,271302
Brown County,Texas,1397375
Burleson County,Texas,1175449
Burnet County,Texas,1752898
Caldwell County,Texas,974082
Calhoun County,Texas,3178226
Callahan County,Texas,291761
Cameron County,Texas,10945000
Camp County,Texas,354729
Carson County,Texas,905004
Cass County,Texas,929870
Castro County,Texas,672495
Chambers County,Texas,2594682
Cherokee County,Texas,1363759
Childress County,Texas,234483
Clay County,Texas,216609
Cochran County,Texas,217610
Coke County,Texas,97403
Coleman County,Texas,204683
Collin County,Texas,70840561
Collingsworth County,Texas,76702
Colorado County,Texas,816333
Comal County,Texas,7052844
Comanche County,Texas,443653
Concho County,Texas,121708
Cooke County,Texas,2070950
Coryell County,Texas,1632599
Cottle County,Texas,57673
Crane County,Texas,551220
Crockett County,Texas,632431
Crosby County,Texas,216672
Culberson County,Texas,2458445
Dallam County,Texas,691461
Dallas County,Texas,263512844
Dawson County,Texas,661308
Deaf Smith County,Texas,1402149
Delta County,Texas,102228
Denton County,Texas,39874794
DeWitt County,Texas,3497495
Dickens County,Texas,89796
Dimmit County,Texas,2851498
Donley County,Texas,122992
Duval County,Texas,311148
Eastland County,Texas,701997
Ector County,Texas,10939236
Edwards County,Texas,76918
Ellis County,Texas,6339301
El Paso County,Texas,32726132
Erath County,Texas,1577649
Falls County,Texas,393659
Fannin County,Texas,934824
Fayette County,Texas,1567604
Fisher County,Texas,209171
Floyd County,Texas,280387
Foard County,Texas,92321
Fort Bend County,Texas,30930747
Franklin County,Texas,374505
Freestone County,Texas,933897
Frio County,Texas,1027591
Gaines County,Texas,1851636
Galveston County,Texas,15145787
Garza County,Texas,217082
Gillespie County,Texas,1132131
Glasscock County,Texas,2553161
Goliad County,Texas,261234
Gonzales County,Texas,2526528
Gray County,Texas,971089
Grayson County,Texas,4916806
Gregg County,Texas,7271998
Grimes County,Texas,994813
Guadalupe County,Texas,7744865
Hale County,Texas,1277794
Hall County,Texas,71528
Hamilton County,Texas,263821
Hansford County,Texas,467940
Hardeman County,Texas,196870
Hardin County,Texas,1276893
Harris County,Texas,375485710
Harrison County,Texas,3945538
Hartley County,Texas,710797
Haskell County,Texas,274814
Hays County,Texas,8431820
Hemphill County,Texas,504649
Henderson County,Texas,1850846
Hidalgo County,Texas,21525990
Hill County,Texas,938534
Hockley County,Texas,1508964
Hood County,Texas,2217332
Hopkins County,Texas,1579009
Houston County,Texas,911234
Howard County,Texas,5722202
Hudspeth County,Texas,154961
Hunt County,Texas,4211955
Hutchinson County,Texas,3140580
Irion County,Texas,870926
Jack County,Texas,429219
Jackson County,Texas,613906
Jasper County,Texas,977510
Jeff Davis County,Texas,64278
Jefferson County,Texas,17063284
Jim Hogg County,Texas,172420
Jim Wells County,Texas,1379949
Johnson County,Texas,5731833
Jones County,Texas,424059
Karnes County,Texas,5701136
Kaufman County,Texas,3943921
Kendall County,Texas,2086851
Kenedy County,Texas,206184
Kent County,Texas,157979
Kerr County,Texas,2109568
Kimble County,Texas,133837
King County,Texas,83393
Kinney County,Texas,113973
Kleberg County,Texas,1054918
Knox County,Texas,145348
Lamar County,Texas,2480456
Lamb County,Texas,702156
Lampasas County,Texas,505815
La Salle County,Texas,3006279
Lavaca County,Texas,1108116
Lee County,Texas,881856
Leon County,Texas,693318
Liberty County,Texas,2102613
Limestone County,Texas,1253733
Lipscomb County,Texas,484807
Live Oak County,Texas,1249109
Llano County,Texas,756101
Loving County,Texas,6164955
Lubbock County,Texas,13997675
Lynn County,Texas,260985
McCulloch County,Texas,313443
McLennan County,Texas,12266429
McMullen County,Texas,1395218
Madison County,Texas,504850
Marion County,Texas,249968
Martin County,Texas,6537278
Mason County,Texas,113365
Matagorda County,Texas,2225684
Maverick County,Texas,1592720
Medina County,Texas,1075886
Menard County,Texas,50913
Midland County,Texas,24681178
Milam County,Texas,588790
Mills County,Texas,213784
Mitchell County,Texas,298933
Montague County,Texas,620584
Montgomery County,Texas,31349670
Moore County,Texas,2006942
Morris County,Texas,510679
Motley County,Texas,34341
Nacogdoches County,Texas,2456231
Navarro County,Texas,1541165
Newton County,Texas,428134
Nolan County,Texas,890874
Nueces County,Texas,18266764
Ochiltree County,Texas,813155
Oldham County,Texas,307847
Orange County,Texas,3524825
Palo Pinto County,Texas,994580
Panola County,Texas,1949026
Parker County,Texas,4421841
Parmer County,Texas,958136
Pecos County,Texas,2416013
Polk County,Texas,1264226
Potter County,Texas,8481220
Presidio County,Texas,225839
Rains County,Texas,219061
Randall County,Texas,4104042
Reagan County,Texas,2801904
Real County,Texas,78060
Red River County,Texas,293899
Reeves County,Texas,10432880
Refugio County,Texas,302303
Roberts County,Texas,196607
Robertson County,Texas,2080739
Rockwall County,Texas,4521008
Runnels County,Texas,283485
Rusk County,Texas,2428377
Sabine County,Texas,233305
San Augustine County,Texas,640191
San Jacinto County,Texas,350889
San Patricio County,Texas,3204994
San Saba County,Texas,154640
Schleicher County,Texas,128550
Scurry County,Texas,1467412
Shackelford County,Texas,237618
Shelby County,Texas,1083637
Sherman County,Texas,384045
Smith County,Texas,11180499
Somervell County,Texas,1200761
Starr County,Texas,1297590
Stephens County,Texas,380417
Sterling County,Texas,215516
Stonewall County,Texas,124636
Sutton County,Texas,245594
Swisher County,Texas,409954
Tarrant County,Texas,113996603
Taylor County,Texas,6672118
Terrell County,Texas,61364
Terry County,Texas,515865
Throckmorton County,Texas,60405
Titus County,Texas,1711707
Tom Green County,Texas,6240531
Travis County,Texas,125876258
Trinity County,Texas,252819
Tyler County,Texas,418138
Upshur County,Texas,814573
Upton County,Texas,4055826
Uvalde County,Texas,870716
Val Verde County,Texas,1730936
Van Zandt County,Texas,1225803
Victoria County,Texas,4291342
Walker County,Texas,2171259
Waller County,Texas,3370167
Ward County,Texas,2933705
Washington County,Texas,1937204
Webb County,Texas,10962638
Wharton County,Texas,1799960
Wheeler County,Texas,463780
Wichita County,Texas,5668067
Wilbarger County,Texas,719543
Willacy County,Texas,449028
Williamson County,Texas,25735357
Wilson County,Texas,1036913
Winkler County,Texas,1586596
Wise County,Texas,2812854
Wood County,Texas,1472036
Yoakum County,Texas,1699778
Young County,Texas,800156
Zapata County,Texas,551863
Zavala County,Texas,569285
Beaver County,Utah,407678
Box Elder County,Utah,2392305
Cache County,Utah,5943001
Carbon County,Utah,1117127
Daggett County,Utah,116675
Davis County,Utah,15752640
Duchesne County,Utah,1030007
Emery County,Utah,979586
Garfield County,Utah,264114
Grand County,Utah,614688
Iron County,Utah,1940061
Juab County,Utah,513656
Kane County,Utah,373811
Millard County,Utah,890287
Morgan County,Utah,348749
Piute County,Utah,65035
Rich County,Utah,142931
Salt Lake County,Utah,100527192
San Juan County,Utah,452242
Sanpete County,Utah,852932
Sevier County,Utah,1149720
Summit County,Utah,3518302
Tooele County,Utah,1983980
Uintah County,Utah,1665760
Utah County,Utah,30977982
Wasatch County,Utah,1118456
Washington County,Utah,7218950
Wayne County,Utah,106044
Weber County,Utah,12306128
Addison County,Vermont,1565400
Bennington County,Vermont,1631015
Caledonia County,Vermont,1137962
Chittenden County,Vermont,11286745
Essex County,Vermont,136227
Franklin County,Vermont,2173080
Grand Isle County,Vermont,188539
Lamoille County,Vermont,1100983
Orange County,Vermont,827578
Orleans County,Vermont,1064126
Rutland County,Vermont,2514060
Washington County,Vermont,3671703
Windham County,Vermont,2297801
Windsor County,Vermont,2656396
Accomack County,Virginia,1785338
Amelia County,Virginia,258632
Amherst County,Virginia,758220
Appomattox County,Virginia,293813
Arlington County,Virginia,36742228
Bath County,Virginia,199656
Bedford County,Virginia,1886259
Bland County,Virginia,200892
Botetourt County,Virginia,1252402
Brunswick County,Virginia,876737
Buchanan County,Virginia,896407
Buckingham County,Virginia,547079
Caroline County,Virginia,784194
Charles City County,Virginia,225027
Charlotte County,Virginia,259319
Chesterfield County,Virginia,15870989
Clarke County,Virginia,431449
Craig County,Virginia,98793
Culpeper County,Virginia,1826228
Cumberland County,Virginia,129123
Dickenson County,Virginia,478957
Essex County,Virginia,356290
Fauquier County,Virginia,2826925
Floyd County,Virginia,376278
Fluvanna County,Virginia,806372
Franklin County,Virginia,1518494
Giles County,Virginia,522045
Gloucester County,Virginia,896542
Goochland County,Virginia,2970292
Grayson County,Virginia,272118
Greene County,Virginia,427989
Halifax County,Virginia,1128775
Hanover County,Virginia,5908858
Henrico County,Virginia,29143774
Highland County,Virginia,60961
Isle of Wight County,Virginia,1316638
King and Queen County,Virginia,146670
King George County,Virginia,2028615
King William County,Virginia,515945
Lancaster County,Virginia,479531
Lee County,Virginia,395746
Loudoun County,Virginia,28719129
Louisa County,Virginia,2160098
Lunenburg County,Virginia,236608
Madison County,Virginia,345789
Mathews County,Virginia,192232
Mecklenburg County,Virginia,1082023
Middlesex County,Virginia,360484
Nelson County,Virginia,495161
New Kent County,Virginia,613690
Northampton County,Virginia,499005
Northumberland County,Virginia,374320
Nottoway County,Virginia,486396
Orange County,Virginia,1123408
Page County,Virginia,535520
Patrick County,Virginia,371391
Powhatan County,Virginia,813033
Prince Edward County,Virginia,704823
Pulaski County,Virginia,1273085
Rappahannock County,Virginia,277533
Richmond County,Virginia,285451
Russell County,Virginia,683610
Scott County,Virginia,409524
Shenandoah County,Virginia,1677036
Smyth County,Virginia,977641
Stafford County,Virginia,6027900
Surry County,Virginia,1134165
Sussex County,Virginia,338436
Tazewell County,Virginia,1141650
Warren County,Virginia,1762217
Westmoreland County,Virginia,490561
Wythe County,Virginia,1408121
Alexandria City,Virginia,14475024
Chesapeake City,Virginia,10693793
Hampton City,Virginia,6621225
Newport News City,Virginia,13716826
Norfolk City,Virginia,18955161
Portsmouth City,Virginia,6062948
Richmond City,Virginia,23679538
Roanoke City,Virginia,7010111
Suffolk City,Virginia,4036142
Virginia Beach City,Virginia,22065772
Albemarle County + Charlottesville City,Virginia,11464945
Alleghany County + Covington City,Virginia,825005
Augusta County + Staunton City + Waynesboro City,Virginia,4927840
Campbell County + Lynchburg City,Virginia,7104482
Carroll County + Galax City,Virginia,909597
Dinwiddie County + Colonial Heights City + Petersburg City,Virginia,2778092
Fairfax County + Fairfax City City + Falls Church City,Virginia,125528564
Frederick County + Winchester City,Virginia,6835682
Greensville County + Emporia City,Virginia,1392731
Henry County + Martinsville City,Virginia,2147545
James City County + Williamsburg City,Virginia,5216117
Montgomery County + Radford City,Virginia,5312316
Pittsylvania County + Danville City,Virginia,3317023
Prince George County + Hopewell City,Virginia,3903885
Prince William County + Manassas City + Manassas Park City,Virginia,21586164
Roanoke County + Salem City,Virginia,5870917
Rockbridge County + Buena Vista City + Lexington City,Virginia,1211465
Rockingham County + Harrisonburg City,Virginia,7595563
Southampton County + Franklin City,Virginia,747590
Spotsylvania County + Fredericksburg City,Virginia,6348436
Washington County + Bristol City,Virginia,3322475
Wise County + Norton City,Virginia,1422614
York County + Poquoson City,Virginia,2644032
Adams County,Washington,899763
Asotin County,Washington,656630
Benton County,Washington,11494867
Chelan County,Washington,4557138
Clallam County,Washington,2511997
Clark County,Washington,22195409
Columbia County,Washington,332382
Cowlitz County,Washington,5262679
Douglas County,Washington,1876679
Ferry County,Washington,191657
Franklin County,Washington,3931688
Garfield County,Washington,172289
Grant County,Washington,5761349
Grays Harbor County,Washington,2433175
Island County,Washington,3328357
Jefferson County,Washington,1213922
King County,Washington,328052992
Kitsap County,Washington,12764681
Kittitas County,Washington,1817488
Klickitat County,Washington,1506160
Lewis County,Washington,3418305
Lincoln County,Washington,489126
Mason County,Washington,1592362
Okanogan County,Washington,1467479
Pacific County,Washington,731605
Pend Oreille County,Washington,485590
Pierce County,Washington,44853422
San Juan County,Washington,781945
Skagit County,Washington,6614736
Skamania County,Washington,271582
Snohomish County,Washington,45616174
Spokane County,Washington,26643994
Stevens County,Washington,1091941
Thurston County,Washington,13769498
Wahkiakum County,Washington,100280
Walla Walla County,Washington,3236220
Whatcom County,Washington,14084817
Whitman County,Washington,2590828
Yakima County,Washington,10564211
Barbour County,West Virginia,385492
Berkeley County,West Virginia,4006116
Boone County,West Virginia,579778
Braxton County,West Virginia,319451
Brooke County,West Virginia,976076
Cabell County,West Virginia,4782087
Calhoun County,West Virginia,114757
Clay County,West Virginia,121693
Doddridge County,West Virginia,797264
Fayette County,West Virginia,991531
Gilmer County,West Virginia,179097
Grant County,West Virginia,466313
Greenbrier County,West Virginia,1143332
Hampshire County,West Virginia,449283
Hancock County,West Virginia,989249
Hardy County,West Virginia,592900
Harrison County,West Virginia,4326252
Jackson County,West Virginia,909558
Jefferson County,West Virginia,1759040
Kanawha County,West Virginia,10244817
Lewis County,West Virginia,558066
Lincoln County,West Virginia,234623
Logan County,West Virginia,1117373
McDowell County,West Virginia,524122
Marion County,West Virginia,1960695
Marshall County,West Virginia,2607430
Mason County,West Virginia,760259
Mercer County,West Virginia,1643706
Mineral County,West Virginia,842354
Mingo County,West Virginia,495908
Monongalia County,West Virginia,6839945
Monroe County,West Virginia,226180
Morgan County,West Virginia,332765
Nicholas County,West Virginia,634862
Ohio County,West Virginia,3467554
Pendleton County,West Virginia,146574
Pleasants County,West Virginia,470374
Pocahontas County,West Virginia,279304
Preston County,West Virginia,747565
Putnam County,West Virginia,2825761
Raleigh County,West Virginia,2935146
Randolph County,West Virginia,890937
Ritchie County,West Virginia,735164
Roane County,West Virginia,302008
Summers County,West Virginia,214308
Taylor County,West Virginia,566929
Tucker County,West Virginia,307860
Tyler County,West Virginia,1154974
Upshur County,West Virginia,710681
Wayne County,West Virginia,956393
Webster County,West Virginia,152706
Wetzel County,West Virginia,880534
Wirt County,West Virginia,65160
Wood County,West Virginia,3462403
Wyoming County,West Virginia,523952
Adams County,Wisconsin,584870
Ashland County,Wisconsin,690837
Barron County,Wisconsin,2053335
Bayfield County,Wisconsin,411219
Brown County,Wisconsin,18394801
Buffalo County,Wisconsin,514254
Burnett County,Wisconsin,508312
Calumet County,Wisconsin,1542921
Chippewa County,Wisconsin,2706129
Clark County,Wisconsin,1330421
Columbia County,Wisconsin,2746529
Crawford County,Wisconsin,705436
Dane County,Wisconsin,43831046
Dodge County,Wisconsin,3570363
Door County,Wisconsin,1287910
Douglas County,Wisconsin,1749307
Dunn County,Wisconsin,1834038
Eau Claire County,Wisconsin,6105706
Florence County,Wisconsin,116764
Fond du Lac County,Wisconsin,5008389
Forest County,Wisconsin,298558
Grant County,Wisconsin,2148465
Green County,Wisconsin,1718457
Green Lake County,Wisconsin,611053
Iowa County,Wisconsin,1087057
Iron County,Wisconsin,166745
Jackson County,Wisconsin,814080
Jefferson County,Wisconsin,3379487
Juneau County,Wisconsin,896985
Kenosha County,Wisconsin,7242947
Kewaunee County,Wisconsin,747602
La Crosse County,Wisconsin,7335763
Lafayette County,Wisconsin,586562
Langlade County,Wisconsin,731064
Lincoln County,Wisconsin,1317934
Manitowoc County,Wisconsin,3860167
Marathon County,Wisconsin,8489698
Marinette County,Wisconsin,1892409
Marquette County,Wisconsin,411604
Menominee County,Wisconsin,146628
Milwaukee County,Wisconsin,56471541
Monroe County,Wisconsin,2239183
Oconto County,Wisconsin,998373
Oneida County,Wisconsin,1722778
Outagamie County,Wisconsin,12356114
Ozaukee County,Wisconsin,5122987
Pepin County,Wisconsin,272789
Pierce County,Wisconsin,1141133
Polk County,Wisconsin,1549990
Portage County,Wisconsin,4023507
Price County,Wisconsin,569911
Racine County,Wisconsin,8320541
Richland County,Wisconsin,670163
Rock County,Wisconsin,7429811
Rusk County,Wisconsin,538220
St. Croix County,Wisconsin,3980631
Sauk County,Wisconsin,3740556
Sawyer County,Wisconsin,674919
Shawano County,Wisconsin,1322876
Sheboygan County,Wisconsin,6833063
Taylor County,Wisconsin,847261
Trempealeau County,Wisconsin,1271741
Vernon County,Wisconsin,1116498
Vilas County,Wisconsin,882160
Walworth County,Wisconsin,4331682
Washburn County,Wisconsin,574787
Washington County,Wisconsin,6346025
Waukesha County,Wisconsin,30265740
Waupaca County,Wisconsin,1896767
Waushara County,Wisconsin,619664
Winnebago County,Wisconsin,10670002
Wood County,Wisconsin,4111266
Albany County,Wyoming,1528567
Big Horn County,Wyoming,484822
Campbell County,Wyoming,5041968
Carbon County,Wyoming,1165359
Converse County,Wyoming,1497193
Crook County,Wyoming,317389
Fremont County,Wyoming,1558729
Goshen County,Wyoming,450034
Hot Springs County,Wyoming,284197
Johnson County,Wyoming,394076
Laramie County,Wyoming,5699206
Lincoln County,Wyoming,845929
Natrona County,Wyoming,4980782
Niobrara County,Wyoming,133469
Park County,Wyoming,1359042
Platte County,Wyoming,551422
Sheridan County,Wyoming,1325647
Sublette County,Wyoming,1049303
Sweetwater County,Wyoming,3404245
Teton County,Wyoming,2688047
Uinta County,Wyoming,781034
Washakie County,Wyoming,342040
Weston County,Wyoming,290300
