Autauga County,Alabama,58805
Baldwin County,Alabama,231767
Barbour County,Alabama,25223
Bibb County,Alabama,22293
Blount County,Alabama,59134
Bullock County,Alabama,10357
Butler County,Alabama,19051
Calhoun County,Alabama,116441
Chambers County,Alabama,34772
Cherokee County,Alabama,24971
Chilton County,Alabama,45014
Choctaw County,Alabama,12665
Clarke County,Alabama,23087
Clay County,Alabama,14236
Cleburne County,Alabama,15056
Coffee County,Alabama,53465
Colbert County,Alabama,57227
Conecuh County,Alabama,11597
Coosa County,Alabama,10387
Covington County,Alabama,37570
Crenshaw County,Alabama,13194
Cullman County,Alabama,87866
Dale County,Alabama,49326
Dallas County,Alabama,38462
DeKalb County,Alabama,71608
Elmore County,Alabama,87977
Escambia County,Alabama,36757
Etowah County,Alabama,103436
Fayette County,Alabama,16321
Franklin County,Alabama,32113
Geneva County,Alabama,26659
Greene County,Alabama,7730
Hale County,Alabama,14785
Henry County,Alabama,17146
Houston County,Alabama,107202
Jackson County,Alabama,52579
Jefferson County,Alabama,674721
Lamar County,Alabama,13972
Lauderdale County,Alabama,93564
Lawrence County,Alabama,33073
Lee County,Alabama,174241
Limestone County,Alabama,103570
Lowndes County,Alabama,10311
Macon County,Alabama,19532
Madison County,Alabama,388153
Marengo County,Alabama,19323
Marion County,Alabama,29341
Marshall County,Alabama,97612
Mobile County,Alabama,414809
Monroe County,Alabama,19772
Montgomery County,Alabama,228954
Morgan County,Alabama,123421
Perry County,Alabama,8511
Pickens County,Alabama,19123
Pike County,Alabama,33009
Randolph County,Alabama,21967
Russell County,Alabama,59183
St. Clair County,Alabama,91103
Shelby County,Alabama,223024
Sumter County,Alabama,12345
Talladega County,Alabama,82149
Tallapoosa County,Alabama,41311
Tuscaloosa County,Alabama,227036
Walker County,Alabama,65342
Washington County,Alabama,15388
Wilcox County,Alabama,10600
Winston County,Alabama,23540
Aleutians East Borough,Alaska,3420
Aleutians West Census Area,Alaska,5232
Anchorage Municipality,Alaska,291247
Bethel Census Area,Alaska,18666
Bristol Bay Borough,Alaska,844
Chugach Census Area,Alaska,7102
Copper River Census Area,Alaska,2617
Denali Borough,Alaska,1619
Dillingham Census Area,Alaska,4857
Fairbanks North Star Borough,Alaska,95655
Haines Borough,Alaska,2080
Hoonah-Angoon Census Area,Alaska,2365
Juneau City and Borough,Alaska,32255
Kenai Peninsula Borough,Alaska,58799
Ketchikan Gateway Borough,Alaska,13948
Kodiak Island Borough,Alaska,13101
Kusilvak Census Area,Alaska,8368
Lake and Peninsula Borough,Alaska,1476
Matanuska-Susitna Borough,Alaska,107081
Nome Census Area,Alaska,10046
North Slope Borough,Alaska,11031
Northwest Arctic Borough,Alaska,7793
Petersburg Borough,Alaska,3398
Prince of Wales-Hyder Census Area,Alaska,5753
Sitka City and Borough,Alaska,8458
Skagway Municipality,Alaska,1240
Southeast Fairbanks Census Area,Alaska,6808
Wrangell City and Borough,Alaska,2127
Yakutat City and Borough,Alaska,662
Yukon-Koyukuk Census Area,Alaska,5343
Apache County,Arizona,66021
Cochise County,Arizona,125447
Coconino County,Arizona,145101
Gila County,Arizona,53272
Graham County,Arizona,38533
Greenlee County,Arizona,9563
La Paz County,Arizona,16557
Maricopa County,Arizona,4420568
Mohave County,Arizona,213267
Navajo County,Arizona,106717
Pima County,Arizona,1043433
Pinal County,Arizona,425264
Santa Cruz County,Arizona,47669
Yavapai County,Arizona,236209
Yuma County,Arizona,203881
Arkansas County,Arkansas,17149
Ashley County,Arkansas,19062
Baxter County,Arkansas,41627
Benton County,Arkansas,284333
Boone County,Arkansas,37373
Bradley County,Arkansas,10545
Calhoun County,Arkansas,4739
Carroll County,Arkansas,28260
Chicot County,Arkansas,10208
Clark County,Arkansas,21446
Clay County,Arkansas,14552
Cleburne County,Arkansas,24711
Cleveland County,Arkansas,7550
Columbia County,Arkansas,22801
Conway County,Arkansas,20715
Craighead County,Arkansas,111231
Crawford County,Arkansas,60133
Crittenden County,Arkansas,48163
Cross County,Arkansas,16833
Dallas County,Arkansas,6482
Desha County,Arkansas,11395
Drew County,Arkansas,17350
Faulkner County,Arkansas,123498
Franklin County,Arkansas,17097
Fulton County,Arkansas,12075
Garland County,Arkansas,100180
Grant County,Arkansas,17958
Greene County,Arkansas,45736
Hempstead County,Arkansas,20065
Hot Spring County,Arkansas,33040
Howard County,Arkansas,12785
Independence County,Arkansas,37938
Izard County,Arkansas,13577
Jackson County,Arkansas,16755
Jefferson County,Arkansas,67260
Johnson County,Arkansas,25749
Lafayette County,Arkansas,6308
Lawrence County,Arkansas,16216
Lee County,Arkansas,8600
Lincoln County,Arkansas,12941
Little River County,Arkansas,12026
Logan County,Arkansas,21131
Lonoke County,Arkansas,74015
Madison County,Arkansas,16521
Marion County,Arkansas,16826
Miller County,Arkansas,42600
Mississippi County,Arkansas,40685
Monroe County,Arkansas,6799
Montgomery County,Arkansas,8484
Nevada County,Arkansas,8310
Newton County,Arkansas,7225
Ouachita County,Arkansas,22650
Perry County,Arkansas,10019
Phillips County,Arkansas,16568
Pike County,Arkansas,10171
Poinsett County,Arkansas,22965
Polk County,Arkansas,19221
Pope County,Arkansas,63381
Prairie County,Arkansas,8282
Pulaski County,Arkansas,399125
Randolph County,Arkansas,18571
St. Francis County,Arkansas,23090
Saline County,Arkansas,123416
Scott County,Arkansas,9836
Searcy County,Arkansas,7828
Sebastian County,Arkansas,127799
Sevier County,Arkansas,15839
Sharp County,Arkansas,17271
Stone County,Arkansas,12359
Union County,Arkansas,39054
Van Buren County,Arkansas,15796
Washington County,Arkansas,245871
White County,Arkansas,76822
Woodruff County,Arkansas,6269
Yell County,Arkansas,20263
Alameda County,California,1682353
Alpine County,California,1204
Amador County,California,40474
Butte County,California,211632
Calaveras County,California,45292
Colusa County,California,21839
Contra Costa County,California,1165927
Del Norte County,California,27743
El Dorado County,California,191185
Fresno County,California,1008654
Glenn County,California,28917
Humboldt County,California,136463
Imperial County,California,179702
Inyo County,California,19016
Kern County,California,909235
Kings County,California,152486
Lake County,California,68163
Lassen County,California,32730
Los Angeles County,California,10014009
Madera County,California,156255
Marin County,California,262321
Mariposa County,California,17131
Mendocino County,California,91601
Merced County,California,281202
Modoc County,California,8700
Mono County,California,13195
Monterey County,California,439035
Napa County,California,138019
Nevada County,California,102241
Orange County,California,3186989
Placer County,California,404739
Plumas County,California,19790
Riverside County,California,2418185
Sacramento County,California,1585055
San Benito County,California,64209
San Bernardino County,California,2181654
San Diego County,California,3298634
San Francisco County,California,873965
San Joaquin County,California,779233
San Luis Obispo County,California,282424
San Mateo County,California,764442
Santa Barbara County,California,448229
Santa Clara County,California,1936259
Santa Cruz County,California,270861
Shasta County,California,182155
Sierra County,California,3236
Siskiyou County,California,44076
Solano County,California,453491
Sonoma County,California,488863
Stanislaus County,California,552878
Sutter County,California,99633
Tehama County,California,65829
Trinity County,California,16112
Tulare County,California,473117
Tuolumne County,California,55620
Ventura County,California,843843
Yolo County,California,216403
Yuba County,California,81575
Adams County,Colorado,519572
Alamosa County,Colorado,16376
Arapahoe County,Colorado,655070
Archuleta County,Colorado,13359
Baca County,Colorado,3506
Bent County,Colorado,5650
Boulder County,Colorado,330758
Broomfield County,Colorado,74112
Chaffee County,Colorado,19476
Cheyenne County,Colorado,1748
Clear Creek County,Colorado,9397
Conejos County,Colorado,7461
Costilla County,Colorado,3499
Crowley County,Colorado,5922
Custer County,Colorado,4704
Delta County,Colorado,31196
Denver County,Colorado,715522
Dolores County,Colorado,2326
Douglas County,Colorado,357978
Eagle County,Colorado,55731
Elbert County,Colorado,26062
El Paso County,Colorado,730395
Fremont County,Colorado,48939
Garfield County,Colorado,61685
Gilpin County,Colorado,5808
Grand County,Colorado,15717
Gunnison County,Colorado,16918
Hinsdale County,Colorado,788
Huerfano County,Colorado,6820
Jackson County,Colorado,1379
Jefferson County,Colorado,582910
Kiowa County,Colorado,1446
Kit Carson County,Colorado,7087
Lake County,Colorado,7436
La Plata County,Colorado,55638
Larimer County,Colorado,359066
Las Animas County,Colorado,14555
Lincoln County,Colorado,5675
Logan County,Colorado,21528
Mesa County,Colorado,155703
Mineral County,Colorado,865
Moffat County,Colorado,13292
Montezuma County,Colorado,25849
Montrose County,Colorado,42679
Morgan County,Colorado,29111
Otero County,Colorado,18690
Ouray County,Colorado,4874
Park County,Colorado,17390
Phillips County,Colorado,4530
Pitkin County,Colorado,17358
Prowers County,Colorado,11999
Pueblo County,Colorado,168162
Rio Blanco County,Colorado,6529
Rio Grande County,Colorado,11539
Routt County,Colorado,24829
Saguache County,Colorado,6368
San Juan County,Colorado,705
San Miguel County,Colorado,8072
Sedgwick County,Colorado,2404
Summit County,Colorado,31055
Teller County,Colorado,24710
Washington County,Colorado,4817
Weld County,Colorado,328981
Yuma County,Colorado,9988
Fairfield County,Connecticut,957419
Hartford County,Connecticut,899498
Litchfield County,Connecticut,185186
Middlesex County,Connecticut,164245
New Haven County,Connecticut,864835
New London County,Connecticut,268555
Tolland County,Connecticut,149788
Windham County,Connecticut,116418
Kent County,Delaware,181851
New Castle County,Delaware,570719
Sussex County,Delaware,237378
District of Columbia,District of Columbia,689545
Alachua County,Florida,278468
Baker County,Florida,28259
Bay County,Florida,175216
Bradford County,Florida,28303
Brevard County,Florida,606612
Broward County,Florida,1944375
Calhoun County,Florida,13648
Charlotte County,Florida,186847
Citrus County,Florida,153843
Clay County,Florida,218245
Collier County,Florida,375752
Columbia County,Florida,69698
DeSoto County,Florida,33976
Dixie County,Florida,16759
Duval County,Florida,995567
Escambia County,Florida,321905
Flagler County,Florida,115378
Franklin County,Florida,12451
Gadsden County,Florida,43826
Gilchrist County,Florida,17864
Glades County,Florida,12126
Gulf County,Florida,14192
Hamilton County,Florida,14004
Hardee County,Florida,25327
Hendry County,Florida,39619
Hernando County,Florida,194515
Highlands County,Florida,101235
Hillsborough County,Florida,1459762
Holmes County,Florida,19653
Indian River County,Florida,159788
Jackson County,Florida,47319
Jefferson County,Florida,14510
Lafayette County,Florida,8226
Lake County,Florida,383956
Lee County,Florida,760822
Leon County,Florida,292198
Levy County,Florida,42915
Liberty County,Florida,7974
Madison County,Florida,17968
Manatee County,Florida,399710
Marion County,Florida,375908
Martin County,Florida,158431
Miami-Dade County,Florida,2701767
Monroe County,Florida,82874
Nassau County,Florida,90352
Okaloosa County,Florida,211668
Okeechobee County,Florida,39644
Orange County,Florida,1429908
Osceola County,Florida,388656
Palm Beach County,Florida,1492191
Pasco County,Florida,561891
Pinellas County,Florida,959107
Polk County,Florida,725046
Putnam County,Florida,73321
St. Johns County,Florida,273425
St. Lucie County,Florida,329226
Santa Rosa County,Florida,188000
Sarasota County,Florida,434006
Seminole County,Florida,470856
Sumter County,Florida,129752
Suwannee County,Florida,43474
Taylor County,Florida,21796
Union County,Florida,16147
Volusia County,Florida,553543
Wakulla County,Florida,33764
Walton County,Florida,75305
Washington County,Florida,25318
Appling County,Georgia,18444
Atkinson County,Georgia,8286
Bacon County,Georgia,11140
Baker County,Georgia,2876
Baldwin County,Georgia,43799
Banks County,Georgia,18035
Barrow County,Georgia,83505
Bartow County,Georgia,108901
Ben Hill County,Georgia,17194
Berrien County,Georgia,18160
Bibb County,Georgia,157346
Bleckley County,Georgia,12583
Brantley County,Georgia,18021
Brooks County,Georgia,16301
Bryan County,Georgia,44738
Bulloch County,Georgia,81099
Burke County,Georgia,24596
Butts County,Georgia,25434
Calhoun County,Georgia,5573
Camden County,Georgia,54768
Candler County,Georgia,10981
Carroll County,Georgia,119148
Catoosa County,Georgia,67872
Charlton County,Georgia,12518
Chatham County,Georgia,295291
Chattahoochee County,Georgia,9565
Chattooga County,Georgia,24965
Cherokee County,Georgia,266620
Clarke County,Georgia,128671
Clay County,Georgia,2848
Clayton County,Georgia,297595
Clinch County,Georgia,6749
Cobb County,Georgia,766149
Coffee County,Georgia,43092
Colquitt County,Georgia,45898
Columbia County,Georgia,156010
Cook County,Georgia,17229
Coweta County,Georgia,146158
Crawford County,Georgia,12130
Crisp County,Georgia,20128
Dade County,Georgia,16251
Dawson County,Georgia,26798
Decatur County,Georgia,29367
DeKalb County,Georgia,764382
Dodge County,Georgia,19925
Dooly County,Georgia,11208
Dougherty County,Georgia,85790
Douglas County,Georgia,144237
Early County,Georgia,10854
Echols County,Georgia,3697
Effingham County,Georgia,64769
Elbert County,Georgia,19637
Emanuel County,Georgia,22768
Evans County,Georgia,10774
Fannin County,Georgia,25319
Fayette County,Georgia,119194
Floyd County,Georgia,98584
Forsyth County,Georgia,251283
Franklin County,Georgia,23424
Fulton County,Georgia,1066710
Gilmer County,Georgia,31353
Glascock County,Georgia,2884
Glynn County,Georgia,84499
Gordon County,Georgia,57544
Grady County,Georgia,26236
Greene County,Georgia,18915
Gwinnett County,Georgia,957062
Habersham County,Georgia,46031
Hall County,Georgia,203136
Hancock County,Georgia,8735
Haralson County,Georgia,29919
Harris County,Georgia,34668
Hart County,Georgia,25828
Heard County,Georgia,11412
Henry County,Georgia,240712
Houston County,Georgia,163633
Irwin County,Georgia,9666
Jackson County,Georgia,75907
Jasper County,Georgia,14588
Jeff Davis County,Georgia,14779
Jefferson County,Georgia,15709
Jenkins County,Georgia,8674
Johnson County,Georgia,9189
Jones County,Georgia,28347
Lamar County,Georgia,18500
Lanier County,Georgia,9877
Laurens County,Georgia,49570
Lee County,Georgia,33163
Liberty County,Georgia,65256
Lincoln County,Georgia,7690
Long County,Georgia,16168
Lowndes County,Georgia,118251
Lumpkin County,Georgia,33488
McDuffie County,Georgia,21632
McIntosh County,Georgia,10975
Macon County,Georgia,12082
Madison County,Georgia,30120
Marion County,Georgia,7498
Meriwether County,Georgia,20613
Miller County,Georgia,6000
Mitchell County,Georgia,21755
Monroe County,Georgia,27957
Montgomery County,Georgia,8610
Morgan County,Georgia,20097
Murray County,Georgia,39973
Muscogee County,Georgia,206922
Newton County,Georgia,112483
Oconee County,Georgia,41799
Oglethorpe County,Georgia,14825
Paulding County,Georgia,168661
Peach County,Georgia,27981
Pickens County,Georgia,33216
Pierce County,Georgia,19716
Pike County,Georgia,18889
Polk County,Georgia,42853
Pulaski County,Georgia,9855
Putnam County,Georgia,22047
Quitman County,Georgia,2235
Rabun County,Georgia,16883
Randolph County,Georgia,6425
Richmond County,Georgia,206607
Rockdale County,Georgia,93570
Schley County,Georgia,4547
Screven County,Georgia,14067
Seminole County,Georgia,9147
Spalding County,Georgia,67306
Stephens County,Georgia,26784
Stewart County,Georgia,5314
Sumter County,Georgia,29616
Talbot County,Georgia,5733
Taliaferro County,Georgia,1559
Tattnall County,Georgia,22842
Taylor County,Georgia,7816
Telfair County,Georgia,12477
Terrell County,Georgia,9185
Thomas County,Georgia,45798
Tift County,Georgia,41344
Toombs County,Georgia,27030
Towns County,Georgia,12493
Treutlen County,Georgia,6406
Troup County,Georgia,69426
Turner County,Georgia,9006
Twiggs County,Georgia,8022
Union County,Georgia,24632
Upson County,Georgia,27700
Walker County,Georgia,67654
Walton County,Georgia,96673
Ware County,Georgia,36251
Warren County,Georgia,5215
Washington County,Georgia,19988
Wayne County,Georgia,30144
Webster County,Georgia,2348
Wheeler County,Georgia,7471
White County,Georgia,28003
Whitfield County,Georgia,102864
Wilcox County,Georgia,8766
Wilkes County,Georgia,9565
Wilkinson County,Georgia,8877
Worth County,Georgia,20784
Hawaii County,Hawaii,200629
Honolulu County,Hawaii,1016508
Kalawao County,Hawaii,82
Kauai County,Hawaii,73298
Maui County,Hawaii,164754
Ada County,Idaho,494967
Adams County,Idaho,4379
Bannock County,Idaho,87018
Bear Lake County,Idaho,6372
Benewah County,Idaho,9530
Bingham County,Idaho,47992
Blaine County,Idaho,24272
Boise County,Idaho,7610
Bonner County,Idaho,47110
Bonneville County,Idaho,123964
Boundary County,Idaho,12056
Butte County,Idaho,2574
Camas County,Idaho,1077
Canyon County,Idaho,231105
Caribou County,Idaho,7027
Cassia County,Idaho,24655
Clark County,Idaho,790
Clearwater County,Idaho,8734
Custer County,Idaho,4275
Elmore County,Idaho,28666
Franklin County,Idaho,14194
Fremont County,Idaho,13388
Gem County,Idaho,19123
Gooding County,Idaho,15598
Idaho County,Idaho,16541
Jefferson County,Idaho,30891
Jerome County,Idaho,24237
Kootenai County,Idaho,171362
Latah County,Idaho,39517
Lemhi County,Idaho,7974
Lewis County,Idaho,3533
Lincoln County,Idaho,5127
Madison County,Idaho,52913
Minidoka County,Idaho,21613
Nez Perce County,Idaho,42090
Oneida County,Idaho,4564
Owyhee County,Idaho,11913
Payette County,Idaho,25386
Power County,Idaho,7878
Shoshone County,Idaho,13169
Teton County,Idaho,11630
Twin Falls County,Idaho,90046
Valley County,Idaho,11746
Washington County,Idaho,10500
Adams County,Illinois,65737
Alexander County,Illinois,5240
Bond County,Illinois,16725
Boone County,Illinois,53448
Brown County,Illinois,6244
Bureau County,Illinois,33244
Calhoun County,Illinois,4437
Carroll County,Illinois,15702
Cass County,Illinois,13042
Champaign County,Illinois,205865
Christian County,Illinois,34032
Clark County,Illinois,15455
Clay County,Illinois,13288
Clinton County,Illinois,36899
Coles County,Illinois,46863
Cook County,Illinois,5275541
Crawford County,Illinois,18679
Cumberland County,Illinois,10450
DeKalb County,Illinois,100420
De Witt County,Illinois,15516
Douglas County,Illinois,19740
DuPage County,Illinois,932877
Edgar County,Illinois,16866
Edwards County,Illinois,6245
Effingham County,Illinois,34668
Fayette County,Illinois,21488
Ford County,Illinois,13534
Franklin County,Illinois,37804
Fulton County,Illinois,33609
Gallatin County,Illinois,4946
Greene County,Illinois,11985
Grundy County,Illinois,52533
Hamilton County,Illinois,7993
Hancock County,Illinois,17620
Hardin County,Illinois,3649
Henderson County,Illinois,6387
Henry County,Illinois,49284
Iroquois County,Illinois,27077
Jackson County,Illinois,52974
Jasper County,Illinois,9287
Jefferson County,Illinois,37113
Jersey County,Illinois,21512
Jo Daviess County,Illinois,22035
Johnson County,Illinois,13308
Kane County,Illinois,516522
Kankakee County,Illinois,107502
Kendall County,Illinois,131869
Knox County,Illinois,49967
Lake County,Illinois,714342
LaSalle County,Illinois,109658
Lawrence County,Illinois,15280
Lee County,Illinois,34145
Livingston County,Illinois,35815
Logan County,Illinois,27987
McDonough County,Illinois,27238
McHenry County,Illinois,310229
McLean County,Illinois,170954
Macon County,Illinois,103998
Macoupin County,Illinois,44967
Madison County,Illinois,265859
Marion County,Illinois,37729
Marshall County,Illinois,11742
Mason County,Illinois,13086
Massac County,Illinois,14169
Menard County,Illinois,12297
Mercer County,Illinois,15699
Monroe County,Illinois,34962
Montgomery County,Illinois,28288
Morgan County,Illinois,32915
Moultrie County,Illinois,14526
Ogle County,Illinois,51788
Peoria County,Illinois,181830
Perry County,Illinois,20945
Piatt County,Illinois,16673
Pike County,Illinois,14739
Pope County,Illinois,3763
Pulaski County,Illinois,5193
Putnam County,Illinois,5637
Randolph County,Illinois,30163
Richland County,Illinois,15813
Rock Island County,Illinois,144672
St. Clair County,Illinois,257400
Saline County,Illinois,23768
Sangamon County,Illinois,196343
Schuyler County,Illinois,6902
Scott County,Illinois,4949
Shelby County,Illinois,20990
Stark County,Illinois,5400
Stephenson County,Illinois,44630
Tazewell County,Illinois,131343
Union County,Illinois,17244
Vermilion County,Illinois,74188
Wabash County,Illinois,11361
Warren County,Illinois,16835
Washington County,Illinois,13761
Wayne County,Illinois,16179
White County,Illinois,13877
Whiteside County,Illinois,55691
Will County,Illinois,696355
Williamson County,Illinois,67153
Winnebago County,Illinois,285350
Woodford County,Illinois,38467
Adams County,Indiana,35809
Allen County,Indiana,385410
Bartholomew County,Indiana,82208
Benton County,Indiana,8719
Blackford County,Indiana,12112
Boone County,Indiana,70812
Brown County,Indiana,15475
Carroll County,Indiana,20306
Cass County,Indiana,37870
Clark County,Indiana,121093
Clay County,Indiana,26466
Clinton County,Indiana,33190
Crawford County,Indiana,10526
Daviess County,Indiana,33381
Dearborn County,Indiana,50679
Decatur County,Indiana,26472
DeKalb County,Indiana,43265
Delaware County,Indiana,111903
Dubois County,Indiana,43637
Elkhart County,Indiana,207047
Fayette County,Indiana,23398
Floyd County,Indiana,80484
Fountain County,Indiana,16479
Franklin County,Indiana,22785
Fulton County,Indiana,20480
Gibson County,Indiana,33011
Grant County,Indiana,66674
Greene County,Indiana,30803
Hamilton County,Indiana,347467
Hancock County,Indiana,79840
Harrison County,Indiana,39654
Hendricks County,Indiana,174788
Henry County,Indiana,48914
Howard County,Indiana,83658
Huntington County,Indiana,36662
Jackson County,Indiana,46428
Jasper County,Indiana,32918
Jay County,Indiana,20478
Jefferson County,Indiana,33147
Jennings County,Indiana,27613
Johnson County,Indiana,161765
Knox County,Indiana,36282
Kosciusko County,Indiana,80240
LaGrange County,Indiana,40446
Lake County,Indiana,498700
LaPorte County,Indiana,112417
Lawrence County,Indiana,45011
Madison County,Indiana,130129
Marion County,Indiana,977203
Marshall County,Indiana,46095
Martin County,Indiana,9812
Miami County,Indiana,35962
Monroe County,Indiana,139718
Montgomery County,Indiana,37936
Morgan County,Indiana,71780
Newton County,Indiana,13830
Noble County,Indiana,47457
Ohio County,Indiana,5940
Orange County,Indiana,19867
Owen County,Indiana,21321
Parke County,Indiana,16156
Perry County,Indiana,19170
Pike County,Indiana,12250
Porter County,Indiana,173215
Posey County,Indiana,25222
Pulaski County,Indiana,12514
Putnam County,Indiana,36726
Randolph County,Indiana,24502
Ripley County,Indiana,28995
Rush County,Indiana,16752
St. Joseph County,Indiana,272912
Scott County,Indiana,24384
Shelby County,Indiana,45055
Spencer County,Indiana,19810
Starke County,Indiana,23371
Steuben County,Indiana,34435
Sullivan County,Indiana,20817
Switzerland County,Indiana,9737
Tippecanoe County,Indiana,186251
Tipton County,Indiana,15359
Union County,Indiana,7087
Vanderburgh County,Indiana,180136
Vermillion County,Indiana,15439
Vigo County,Indiana,106153
Wabash County,Indiana,30976
Warren County,Indiana,8440
Warrick County,Indiana,63898
Washington County,Indiana,28182
Wayne County,Indiana,66553
Wells County,Indiana,28180
White County,Indiana,24688
Whitley County,Indiana,34191
Adair County,Iowa,7496
Adams County,Iowa,3704
Allamakee County,Iowa,14061
Appanoose County,Iowa,12317
Audubon County,Iowa,5674
Benton County,Iowa,25575
Black Hawk County,Iowa,131144
Boone County,Iowa,26715
Bremer County,Iowa,24988
Buchanan County,Iowa,20565
Buena Vista County,Iowa,20823
Butler County,Iowa,14334
Calhoun County,Iowa,9927
Carroll County,Iowa,20760
Cass County,Iowa,13127
Cedar County,Iowa,18505
Cerro Gordo County,Iowa,43127
Cherokee County,Iowa,11658
Chickasaw County,Iowa,12012
Clarke County,Iowa,9748
Clay County,Iowa,16384
Clayton County,Iowa,17043
Clinton County,Iowa,46460
Crawford County,Iowa,16525
Dallas County,Iowa,99678
Davis County,Iowa,9110
Decatur County,Iowa,7645
Delaware County,Iowa,17488
Des Moines County,Iowa,38910
Dickinson County,Iowa,17703
Dubuque County,Iowa,99266
Emmet County,Iowa,9388
Fayette County,Iowa,19509
Floyd County,Iowa,15627
Franklin County,Iowa,10019
Fremont County,Iowa,6605
Greene County,Iowa,8771
Grundy County,Iowa,12329
Guthrie County,Iowa,10623
Hamilton County,Iowa,15039
Hancock County,Iowa,10795
Hardin County,Iowa,16878
Harrison County,Iowa,14582
Henry County,Iowa,20482
Howard County,Iowa,9469
Humboldt County,Iowa,9597
Ida County,Iowa,7005
Iowa County,Iowa,16662
Jackson County,Iowa,19485
Jasper County,Iowa,37813
Jefferson County,Iowa,15663
Johnson County,Iowa,152854
Jones County,Iowa,20646
Keokuk County,Iowa,10033
Kossuth County,Iowa,14828
Lee County,Iowa,33555
Linn County,Iowa,230299
Louisa County,Iowa,10837
Lucas County,Iowa,8634
Lyon County,Iowa,11934
Madison County,Iowa,16548
Mahaska County,Iowa,22190
Marion County,Iowa,33414
Marshall County,Iowa,40105
Mills County,Iowa,14484
Mitchell County,Iowa,10565
Monona County,Iowa,8751
Monroe County,Iowa,7577
Montgomery County,Iowa,10330
Muscatine County,Iowa,43235
O'Brien County,Iowa,14182
Osceola County,Iowa,6192
Page County,Iowa,15211
Palo Alto County,Iowa,8996
Plymouth County,Iowa,25698
Pocahontas County,Iowa,7078
Polk County,Iowa,492401
Pottawattamie County,Iowa,93667
Poweshiek County,Iowa,18662
Ringgold County,Iowa,4663
Sac County,Iowa,9814
Scott County,Iowa,174669
Shelby County,Iowa,11746
Sioux County,Iowa,35872
Story County,Iowa,98537
Tama County,Iowa,17135
Taylor County,Iowa,5896
Union County,Iowa,12138
Van Buren County,Iowa,7203
Wapello County,Iowa,35437
Warren County,Iowa,52403
Washington County,Iowa,22565
Wayne County,Iowa,6497
Webster County,Iowa,36999
Winnebago County,Iowa,10679
Winneshiek County,Iowa,20070
Woodbury County,Iowa,105941
Worth County,Iowa,7443
Wright County,Iowa,12943
Allen County,Kansas,12526
Anderson County,Kansas,7836
Atchison County,Kansas,16348
Barber County,Kansas,4228
Barton County,Kansas,25493
Bourbon County,Kansas,14360
Brown County,Kansas,9508
Butler County,Kansas,67380
Chase County,Kansas,2572
Chautauqua County,Kansas,3379
Cherokee County,Kansas,19362
Cheyenne County,Kansas,2616
Clark County,Kansas,1991
Clay County,Kansas,8117
Cloud County,Kansas,9032
Coffey County,Kansas,8360
Comanche County,Kansas,1689
Cowley County,Kansas,34549
Crawford County,Kansas,38972
Decatur County,Kansas,2764
Dickinson County,Kansas,18402
Doniphan County,Kansas,7510
Douglas County,Kansas,118785
Edwards County,Kansas,2907
Elk County,Kansas,2483
Ellis County,Kansas,28934
Ellsworth County,Kansas,6376
Finney County,Kansas,38470
Ford County,Kansas,34287
Franklin County,Kansas,25996
Geary County,Kansas,36739
Gove County,Kansas,2718
Graham County,Kansas,2415
Grant County,Kansas,7352
Gray County,Kansas,5653
Greeley County,Kansas,1284
Greenwood County,Kansas,6016
Hamilton County,Kansas,2518
Harper County,Kansas,5485
Harvey County,Kansas,34024
Haskell County,Kansas,3780
Hodgeman County,Kansas,1723
Jackson County,Kansas,13232
Jefferson County,Kansas,18368
Jewell County,Kansas,2932
Johnson County,Kansas,609863
Kearny County,Kansas,3983
Kingman County,Kansas,7470
Kiowa County,Kansas,2460
Labette County,Kansas,20184
Lane County,Kansas,1574
Leavenworth County,Kansas,81881
Lincoln County,Kansas,2939
Linn County,Kansas,9591
Logan County,Kansas,2762
Lyon County,Kansas,32179
McPherson County,Kansas,30223
Marion County,Kansas,11823
Marshall County,Kansas,10038
Meade County,Kansas,4055
Miami County,Kansas,34191
Mitchell County,Kansas,5796
Montgomery County,Kansas,31486
Morris County,Kansas,5386
Morton County,Kansas,2701
Nemaha County,Kansas,10273
Neosho County,Kansas,15904
Ness County,Kansas,2687
Norton County,Kansas,5459
Osage County,Kansas,15766
Osborne County,Kansas,3500
Ottawa County,Kansas,5735
Pawnee County,Kansas,6253
Phillips County,Kansas,4981
Pottawatomie County,Kansas,25348
Pratt County,Kansas,9157
Rawlins County,Kansas,2561
Reno County,Kansas,61898
Republic County,Kansas,4674
Rice County,Kansas,9427
Riley County,Kansas,71959
Rooks County,Kansas,4919
Rush County,Kansas,2956
Russell County,Kansas,6691
Saline County,Kansas,54303
Scott County,Kansas,5151
Sedgwick County,Kansas,523824
Seward County,Kansas,21964
Shawnee County,Kansas,178909
Sheridan County,Kansas,2447
Sherman County,Kansas,5927
Smith County,Kansas,3570
Stafford County,Kansas,4072
Stanton County,Kansas,2084
Stevens County,Kansas,5250
Sumner County,Kansas,22382
Thomas County,Kansas,7930
Trego County,Kansas,2808
Wabaunsee County,Kansas,6877
Wallace County,Kansas,1512
Washington County,Kansas,5530
Wichita County,Kansas,2152
Wilson County,Kansas,8624
Woodson County,Kansas,3115
Wyandotte County,Kansas,169245
Adair County,Kentucky,18903
Allen County,Kentucky,20588
Anderson County,Kentucky,23852
Ballard County,Kentucky,7728
Barren County,Kentucky,44485
Bath County,Kentucky,12750
Bell County,Kentucky,24097
Boone County,Kentucky,135968
Bourbon County,Kentucky,20252
Boyd County,Kentucky,48261
Boyle County,Kentucky,30614
Bracken County,Kentucky,8400
Breathitt County,Kentucky,13718
Breckinridge County,Kentucky,20432
Bullitt County,Kentucky,82217
Butler County,Kentucky,12371
Caldwell County,Kentucky,12649
Calloway County,Kentucky,37103
Campbell County,Kentucky,93076
Carlisle County,Kentucky,4826
Carroll County,Kentucky,10810
Carter County,Kentucky,26627
Casey County,Kentucky,15941
Christian County,Kentucky,72748
Clark County,Kentucky,36972
Clay County,Kentucky,20345
Clinton County,Kentucky,9253
Crittenden County,Kentucky,8990
Cumberland County,Kentucky,5888
Daviess County,Kentucky,103312
Edmonson County,Kentucky,12126
Elliott County,Kentucky,7354
Estill County,Kentucky,14163
Fayette County,Kentucky,322570
Fleming County,Kentucky,15082
Floyd County,Kentucky,35942
Franklin County,Kentucky,51541
Fulton County,Kentucky,6515
Gallatin County,Kentucky,8690
Garrard County,Kentucky,16953
Grant County,Kentucky,24941
Graves County,Kentucky,36649
Grayson County,Kentucky,26420
Green County,Kentucky,11107
Greenup County,Kentucky,35962
Hancock County,Kentucky,9095
Hardin County,Kentucky,110702
Harlan County,Kentucky,26831
Harrison County,Kentucky,18692
Hart County,Kentucky,19288
Henderson County,Kentucky,44793
Henry County,Kentucky,15678
Hickman County,Kentucky,4521
Hopkins County,Kentucky,45423
Jackson County,Kentucky,12955
Jefferson County,Kentucky,782969
Jessamine County,Kentucky,52991
Johnson County,Kentucky,22680
Kenton County,Kentucky,169064
Knott County,Kentucky,14251
Knox County,Kentucky,30193
Larue County,Kentucky,14867
Laurel County,Kentucky,62613
Lawrence County,Kentucky,16293
Lee County,Kentucky,7395
Leslie County,Kentucky,10513
Letcher County,Kentucky,21548
Lewis County,Kentucky,13080
Lincoln County,Kentucky,24275
Livingston County,Kentucky,8888
Logan County,Kentucky,27432
Lyon County,Kentucky,8680
McCracken County,Kentucky,67875
McCreary County,Kentucky,16888
McLean County,Kentucky,9152
Madison County,Kentucky,92701
Magoffin County,Kentucky,11637
Marion County,Kentucky,19581
Marshall County,Kentucky,31659
Martin County,Kentucky,11287
Mason County,Kentucky,17120
Meade County,Kentucky,30003
Menifee County,Kentucky,6113
Mercer County,Kentucky,22641
Metcalfe County,Kentucky,10286
Monroe County,Kentucky,11338
Montgomery County,Kentucky,28114
Morgan County,Kentucky,13726
Muhlenberg County,Kentucky,30928
Nelson County,Kentucky,46738
Nicholas County,Kentucky,7537
Ohio County,Kentucky,23772
Oldham County,Kentucky,67607
Owen County,Kentucky,11278
Owsley County,Kentucky,4051
Pendleton County,Kentucky,14644
Perry County,Kentucky,28473
Pike County,Kentucky,58669
Powell County,Kentucky,13129
Pulaski County,Kentucky,65034
Robertson County,Kentucky,2193
Rockcastle County,Kentucky,16037
Rowan County,Kentucky,24662
Russell County,Kentucky,17991
Scott County,Kentucky,57155
Shelby County,Kentucky,48065
Simpson County,Kentucky,19594
Spencer County,Kentucky,19490
Taylor County,Kentucky,26023
Todd County,Kentucky,12243
Trigg County,Kentucky,14061
Trimble County,Kentucky,8474
Union County,Kentucky,13668
Warren County,Kentucky,134554
Washington County,Kentucky,12027
Wayne County,Kentucky,19555
Webster County,Kentucky,13017
Whitley County,Kentucky,36712
Wolfe County,Kentucky,6562
Woodford County,Kentucky,26871
Acadia Parish,Louisiana,57576
Allen Parish,Louisiana,22750
Ascension Parish,Louisiana,126500
Assumption Parish,Louisiana,21039
Avoyelles Parish,Louisiana,39693
Beauregard Parish,Louisiana,36549
Bienville Parish,Louisiana,12981
Bossier Parish,Louisiana,128746
Caddo Parish,Louisiana,237848
Calcasieu Parish,Louisiana,216785
Caldwell Parish,Louisiana,9645
Cameron Parish,Louisiana,5617
Catahoula Parish,Louisiana,8906
Claiborne Parish,Louisiana,14170
Concordia Parish,Louisiana,18687
De Soto Parish,Louisiana,26812
East Baton Rouge Parish,Louisiana,456781
East Carroll Parish,Louisiana,7459
East Feliciana Parish,Louisiana,19539
Evangeline Parish,Louisiana,32350
Franklin Parish,Louisiana,19774
Grant Parish,Louisiana,22169
Iberia Parish,Louisiana,69929
Iberville Parish,Louisiana,30241
Jackson Parish,Louisiana,15031
Jefferson Parish,Louisiana,440781
Jefferson Davis Parish,Louisiana,32250
Lafayette Parish,Louisiana,241753
Lafourche Parish,Louisiana,97557
LaSalle Parish,Louisiana,14791
Lincoln Parish,Louisiana,48396
Livingston Parish,Louisiana,142282
Madison Parish,Louisiana,10017
Morehouse Parish,Louisiana,25629
Natchitoches Parish,Louisiana,37515
Orleans Parish,Louisiana,383997
Ouachita Parish,Louisiana,160368
Plaquemines Parish,Louisiana,23515
Pointe Coupee Parish,Louisiana,20758
Rapides Parish,Louisiana,130023
Red River Parish,Louisiana,7620
Richland Parish,Louisiana,20043
Sabine Parish,Louisiana,22155
St. Bernard Parish,Louisiana,43764
St. Charles Parish,Louisiana,52549
St. Helena Parish,Louisiana,10920
St. James Parish,Louisiana,20192
St. John the Baptist Parish,Louisiana,42477
St. Landry Parish,Louisiana,82540
St. Martin Parish,Louisiana,51767
St. Mary Parish,Louisiana,49406
St. Tammany Parish,Louisiana,264570
Tangipahoa Parish,Louisiana,133157
Tensas Parish,Louisiana,4147
Terrebonne Parish,Louisiana,109580
Union Parish,Louisiana,21107
Vermilion Parish,Louisiana,57359
Vernon Parish,Louisiana,48750
Washington Parish,Louisiana,45463
Webster Parish,Louisiana,36967
West Baton Rouge Parish,Louisiana,27199
West Carroll Parish,Louisiana,9751
West Feliciana Parish,Louisiana,15310
Winn Parish,Louisiana,13755
Androscoggin County,Maine,111139
Aroostook County,Maine,67105
Cumberland County,Maine,303069
Franklin County,Maine,29456
Hancock County,Maine,55478
Kennebec County,Maine,123642
Knox County,Maine,40607
Lincoln County,Maine,35237
Oxford County,Maine,57777
Penobscot County,Maine,152199
Piscataquis County,Maine,16800
Sagadahoc County,Maine,36699
Somerset County,Maine,50477
Waldo County,Maine,39607
Washington County,Maine,31095
York County,Maine,211972
Allegany County,Maryland,68106
Anne Arundel County,Maryland,588261
Baltimore County,Maryland,854535
Calvert County,Maryland,92783
Caroline County,Maryland,33293
Carroll County,Maryland,172891
Cecil County,Maryland,103725
Charles County,Maryland,166617
Dorchester County,Maryland,32531
Frederick County,Maryland,271717
Garrett County,Maryland,28806
Harford County,Maryland,260924
Howard County,Maryland,332317
Kent County,Maryland,19198
Montgomery County,Maryland,1062061
Prince George's County,Maryland,967201
Queen Anne's County,Maryland,49874
St. Mary's County,Maryland,113777
Somerset County,Maryland,24620
Talbot County,Maryland,37526
Washington County,Maryland,154705
Wicomico County,Maryland,103588
Worcester County,Maryland,52460
Baltimore City,Maryland,585708
Barnstable County,Massachusetts,228996
Berkshire County,Massachusetts,129026
Bristol County,Massachusetts,579200
Dukes County,Massachusetts,20600
Essex County,Massachusetts,809829
Franklin County,Massachusetts,71029
Hampden County,Massachusetts,465825
Hampshire County,Massachusetts,162308
Middlesex County,Massachusetts,1632002
Nantucket County,Massachusetts,14255
Norfolk County,Massachusetts,725981
Plymouth County,Massachusetts,530819
Suffolk County,Massachusetts,797936
Worcester County,Massachusetts,862111
Alcona County,Michigan,10167
Alger County,Michigan,8842
Allegan County,Michigan,120502
Alpena County,Michigan,28907
Antrim County,Michigan,23431
Arenac County,Michigan,15002
Baraga County,Michigan,8158
Barry County,Michigan,62423
Bay County,Michigan,103856
Benzie County,Michigan,17970
Berrien County,Michigan,154316
Branch County,Michigan,44862
Calhoun County,Michigan,134310
Cass County,Michigan,51589
Charlevoix County,Michigan,26054
Cheboygan County,Michigan,25579
Chippewa County,Michigan,36785
Clare County,Michigan,30856
Clinton County,Michigan,79128
Crawford County,Michigan,12988
Delta County,Michigan,36903
Dickinson County,Michigan,25947
Eaton County,Michigan,109175
Emmet County,Michigan,34112
Genesee County,Michigan,406211
Gladwin County,Michigan,25386
Gogebic County,Michigan,14380
Grand Traverse County,Michigan,95238
Gratiot County,Michigan,41761
Hillsdale County,Michigan,45746
Houghton County,Michigan,37361
Huron County,Michigan,31407
Ingham County,Michigan,284900
Ionia County,Michigan,66804
Iosco County,Michigan,25237
Iron County,Michigan,11631
Isabella County,Michigan,64394
Jackson County,Michigan,160366
Kalamazoo County,Michigan,261670
Kalkaska County,Michigan,17939
Kent County,Michigan,657974
Keweenaw County,Michigan,2046
Lake County,Michigan,12096
Lapeer County,Michigan,88619
Leelanau County,Michigan,22301
Lenawee County,Michigan,99423
Livingston County,Michigan,193866
Luce County,Michigan,5339
Mackinac County,Michigan,10834
Macomb County,Michigan,881217
Manistee County,Michigan,25032
Marquette County,Michigan,66017
Mason County,Michigan,29052
Mecosta County,Michigan,39714
Menominee County,Michigan,23502
Midland County,Michigan,83494
Missaukee County,Michigan,15052
Monroe County,Michigan,154809
Montcalm County,Michigan,66614
Montmorency County,Michigan,9153
Muskegon County,Michigan,175824
Newaygo County,Michigan,49978
Oakland County,Michigan,1274395
Oceana County,Michigan,26659
Ogemaw County,Michigan,20770
Ontonagon County,Michigan,5816
Osceola County,Michigan,22891
Oscoda County,Michigan,8219
Otsego County,Michigan,25091
Ottawa County,Michigan,296200
Presque Isle County,Michigan,12982
Roscommon County,Michigan,23459
Saginaw County,Michigan,190124
St. Clair County,Michigan,160383
St. Joseph County,Michigan,60939
Sanilac County,Michigan,40611
Schoolcraft County,Michigan,8047
Shiawassee County,Michigan,68094
Tuscola County,Michigan,53323
Van Buren County,Michigan,75587
Washtenaw County,Michigan,372258
Wayne County,Michigan,1793561
Wexford County,Michigan,33673
Aitkin County,Minnesota,15697
Anoka County,Minnesota,363887
Becker County,Minnesota,35183
Beltrami County,Minnesota,46228
Benton County,Minnesota,41379
Big Stone County,Minnesota,5166
Blue Earth County,Minnesota,69112
Brown County,Minnesota,25912
Carlton County,Minnesota,36207
Carver County,Minnesota,106922
Cass County,Minnesota,30066
Chippewa County,Minnesota,12598
Chisago County,Minnesota,56621
Clay County,Minnesota,65318
Clearwater County,Minnesota,8524
Cook County,Minnesota,5600
Cottonwood County,Minnesota,11517
Crow Wing County,Minnesota,66123
Dakota County,Minnesota,439882
Dodge County,Minnesota,20867
Douglas County,Minnesota,39006
Faribault County,Minnesota,13921
Fillmore County,Minnesota,21228
Freeborn County,Minnesota,30895
Goodhue County,Minnesota,47582
Grant County,Minnesota,6074
Hennepin County,Minnesota,1281565
Houston County,Minnesota,18843
Hubbard County,Minnesota,21344
Isanti County,Minnesota,41135
Itasca County,Minnesota,45014
Jackson County,Minnesota,9989
Kanabec County,Minnesota,16032
Kandiyohi County,Minnesota,43732
Kittson County,Minnesota,4207
Koochiching County,Minnesota,12062
Lac qui Parle County,Minnesota,6719
Lake County,Minnesota,10905
Lake of the Woods County,Minnesota,3763
Le Sueur County,Minnesota,28674
Lincoln County,Minnesota,5640
Lyon County,Minnesota,25269
McLeod County,Minnesota,36771
Mahnomen County,Minnesota,5411
Marshall County,Minnesota,9040
Martin County,Minnesota,20025
Meeker County,Minnesota,23400
Mille Lacs County,Minnesota,26459
Morrison County,Minnesota,34010
Mower County,Minnesota,40029
Murray County,Minnesota,8179
Nicollet County,Minnesota,34454
Nobles County,Minnesota,22290
Norman County,Minnesota,6441
Olmsted County,Minnesota,162847
Otter Tail County,Minnesota,60081
Pennington County,Minnesota,13992
Pine County,Minnesota,28876
Pipestone County,Minnesota,9424
Polk County,Minnesota,31192
Pope County,Minnesota,11308
Ramsey County,Minnesota,552352
Red Lake County,Minnesota,3935
Redwood County,Minnesota,15425
Renville County,Minnesota,14723
Rice County,Minnesota,67097
Rock County,Minnesota,9704
Roseau County,Minnesota,15331
St. Louis County,Minnesota,200231
Scott County,Minnesota,150928
Sherburne County,Minnesota,97183
Sibley County,Minnesota,14836
Stearns County,Minnesota,158292
Steele County,Minnesota,37406
Stevens County,Minnesota,9671
Swift County,Minnesota,9838
Todd County,Minnesota,25262
Traverse County,Minnesota,3360
Wabasha County,Minnesota,21387
Wadena County,Minnesota,14065
Waseca County,Minnesota,18968
Washington County,Minnesota,267568
Watonwan County,Minnesota,11253
Wilkin County,Minnesota,6506
Winona County,Minnesota,49671
Wright County,Minnesota,141337
Yellow Medicine County,Minnesota,9528
Adams County,Mississippi,29538
Alcorn County,Mississippi,34740
Amite County,Mississippi,12720
Attala County,Mississippi,17889
Benton County,Mississippi,7646
Bolivar County,Mississippi,30985
Calhoun County,Mississippi,13266
Carroll County,Mississippi,9998
Chickasaw County,Mississippi,17106
Choctaw County,Mississippi,8246
Claiborne County,Mississippi,9135
Clarke County,Mississippi,15615
Clay County,Mississippi,18636
Coahoma County,Mississippi,21390
Copiah County,Mississippi,28368
Covington County,Mississippi,18340
DeSoto County,Mississippi,185314
Forrest County,Mississippi,78158
Franklin County,Mississippi,7675
George County,Mississippi,24350
Greene County,Mississippi,13530
Grenada County,Mississippi,21629
Hancock County,Mississippi,46053
Harrison County,Mississippi,208621
Hinds County,Mississippi,227742
Holmes County,Mississippi,17000
Humphreys County,Mississippi,7785
Issaquena County,Mississippi,1338
Itawamba County,Mississippi,23863
Jackson County,Mississippi,143252
Jasper County,Mississippi,16367
Jefferson County,Mississippi,7260
Jefferson Davis County,Mississippi,11321
Jones County,Mississippi,67246
Kemper County,Mississippi,8988
Lafayette County,Mississippi,55813
Lamar County,Mississippi,64222
Lauderdale County,Mississippi,72984
Lawrence County,Mississippi,12016
Leake County,Mississippi,21275
Lee County,Mississippi,83343
Leflore County,Mississippi,28339
Lincoln County,Mississippi,34907
Lowndes County,Mississippi,58879
Madison County,Mississippi,109145
Marion County,Mississippi,24441
Marshall County,Mississippi,33752
Monroe County,Mississippi,34180
Montgomery County,Mississippi,9822
Neshoba County,Mississippi,29087
Newton County,Mississippi,21291
Noxubee County,Mississippi,10285
Oktibbeha County,Mississippi,51788
Panola County,Mississippi,33208
Pearl River County,Mississippi,56145
Perry County,Mississippi,11511
Pike County,Mississippi,40324
Pontotoc County,Mississippi,31184
Prentiss County,Mississippi,25008
Quitman County,Mississippi,6176
Rankin County,Mississippi,157031
Scott County,Mississippi,27990
Sharkey County,Mississippi,3800
Simpson County,Mississippi,25949
Smith County,Mississippi,14209
Stone County,Mississippi,18333
Sunflower County,Mississippi,25971
Tallahatchie County,Mississippi,12715
Tate County,Mississippi,28064
Tippah County,Mississippi,21815
Tishomingo County,Mississippi,18850
Tunica County,Mississippi,9782
Union County,Mississippi,27777
Walthall County,Mississippi,13884
Warren County,Mississippi,44722
Washington County,Mississippi,44922
Wayne County,Mississippi,19779
Webster County,Mississippi,9926
Wilkinson County,Mississippi,8587
Winston County,Mississippi,17714
Yalobusha County,Mississippi,12481
Yazoo County,Mississippi,26743
Adair County,Missouri,25314
Andrew County,Missouri,18135
Atchison County,Missouri,5305
Audrain County,Missouri,24962
Barry County,Missouri,34534
Barton County,Missouri,11637
Bates County,Missouri,16042
Benton County,Missouri,19394
Bollinger County,Missouri,10567
Boone County,Missouri,183610
Buchanan County,Missouri,84793
Butler County,Missouri,42130
Caldwell County,Missouri,8815
Callaway County,Missouri,44283
Camden County,Missouri,42745
Cape Girardeau County,Missouri,81710
Carroll County,Missouri,8495
Carter County,Missouri,5202
Cass County,Missouri,107824
Cedar County,Missouri,14188
Chariton County,Missouri,7408
Christian County,Missouri,88842
Clark County,Missouri,6634
Clay County,Missouri,253335
Clinton County,Missouri,21184
Cole County,Missouri,77279
Cooper County,Missouri,17103
Crawford County,Missouri,23056
Dade County,Missouri,7569
Dallas County,Missouri,17071
Daviess County,Missouri,8430
DeKalb County,Missouri,11029
Dent County,Missouri,14421
Douglas County,Missouri,11578
Dunklin County,Missouri,28283
Franklin County,Missouri,104682
Gasconade County,Missouri,14794
Gentry County,Missouri,6162
Greene County,Missouri,298915
Grundy County,Missouri,9808
Harrison County,Missouri,8157
Henry County,Missouri,21946
Hickory County,Missouri,8279
Holt County,Missouri,4223
Howard County,Missouri,10151
Howell County,Missouri,39750
Iron County,Missouri,9537
Jackson County,Missouri,717204
Jasper County,Missouri,122761
Jefferson County,Missouri,226739
Johnson County,Missouri,54013
Knox County,Missouri,3744
Laclede County,Missouri,36039
Lafayette County,Missouri,32984
Lawrence County,Missouri,38001
Lewis County,Missouri,10032
Lincoln County,Missouri,59574
Linn County,Missouri,11874
Livingston County,Missouri,14557
McDonald County,Missouri,23303
Macon County,Missouri,15209
Madison County,Missouri,12626
Maries County,Missouri,8432
Marion County,Missouri,28525
Mercer County,Missouri,3538
Miller County,Missouri,24722
Mississippi County,Missouri,12577
Moniteau County,Missouri,15473
Monroe County,Missouri,8666
Montgomery County,Missouri,11322
Morgan County,Missouri,21006
New Madrid County,Missouri,16434
Newton County,Missouri,58648
Nodaway County,Missouri,21241
Oregon County,Missouri,8635
Osage County,Missouri,13274
Ozark County,Missouri,8553
Pemiscot County,Missouri,15661
Perry County,Missouri,18956
Pettis County,Missouri,42980
Phelps County,Missouri,44638
Pike County,Missouri,17587
Platte County,Missouri,106718
Polk County,Missouri,31519
Pulaski County,Missouri,53955
Putnam County,Missouri,4681
Ralls County,Missouri,10355
Randolph County,Missouri,24716
Ray County,Missouri,23158
Reynolds County,Missouri,6096
Ripley County,Missouri,10679
St. Charles County,Missouri,405262
St. Clair County,Missouri,9284
Ste. Genevieve County,Missouri,18479
St. Francois County,Missouri,66922
St. Louis County,Missouri,1004125
Saline County,Missouri,23333
Schuyler County,Missouri,4032
Scotland County,Missouri,4716
Scott County,Missouri,38059
Shannon County,Missouri,7031
Shelby County,Missouri,6103
Stoddard County,Missouri,28672
Stone County,Missouri,31076
Sullivan County,Missouri,5999
Taney County,Missouri,56066
Texas County,Missouri,24487
Vernon County,Missouri,19707
Warren County,Missouri,35532
Washington County,Missouri,23514
Wayne County,Missouri,10974
Webster County,Missouri,39085
Worth County,Missouri,1973
Wright County,Missouri,18188
St. Louis City,Missouri,301578
Beaverhead County,Montana,9371
Big Horn County,Montana,13124
Blaine County,Montana,7044
Broadwater County,Montana,6774
Carbon County,Montana,10473
Carter County,Montana,1415
Cascade County,Montana,84414
Chouteau County,Montana,5895
Custer County,Montana,11867
Daniels County,Montana,1661
Dawson County,Montana,8940
Deer Lodge County,Montana,9421
Fallon County,Montana,3049
Fergus County,Montana,11446
Flathead County,Montana,104357
Gallatin County,Montana,118960
Garfield County,Montana,1173
Glacier County,Montana,13778
Golden Valley County,Montana,823
Granite County,Montana,3309
Hill County,Montana,16309
Jefferson County,Montana,12085
Judith Basin County,Montana,2023
Lake County,Montana,31134
Lewis and Clark County,Montana,70973
Liberty County,Montana,1959
Lincoln County,Montana,19677
McCone County,Montana,1729
Madison County,Montana,8623
Meagher County,Montana,1927
Mineral County,Montana,4535
Missoula County,Montana,117922
Musselshell County,Montana,4730
Park County,Montana,17191
Petroleum County,Montana,496
Phillips County,Montana,4217
Pondera County,Montana,5898
Powder River County,Montana,1694
Powell County,Montana,6946
Prairie County,Montana,1088
Ravalli County,Montana,44174
Richland County,Montana,11491
Roosevelt County,Montana,10794
Rosebud County,Montana,8329
Sanders County,Montana,12400
Sheridan County,Montana,3539
Silver Bow County,Montana,35133
Stillwater County,Montana,8963
Sweet Grass County,Montana,3678
Teton County,Montana,6226
Toole County,Montana,4971
Treasure County,Montana,762
Valley County,Montana,7578
Wheatland County,Montana,2069
Wibaux County,Montana,937
Yellowstone County,Montana,164731
Adams County,Nebraska,31205
Antelope County,Nebraska,6295
Arthur County,Nebraska,434
Banner County,Nebraska,674
Blaine County,Nebraska,431
Boone County,Nebraska,5379
Box Butte County,Nebraska,10842
Boyd County,Nebraska,1810
Brown County,Nebraska,2903
Buffalo County,Nebraska,50084
Burt County,Nebraska,6722
Butler County,Nebraska,8369
Cass County,Nebraska,26598
Cedar County,Nebraska,8380
Chase County,Nebraska,3893
Cherry County,Nebraska,5455
Cheyenne County,Nebraska,9468
Clay County,Nebraska,6104
Colfax County,Nebraska,10582
Cuming County,Nebraska,9013
Custer County,Nebraska,10545
Dakota County,Nebraska,21582
Dawes County,Nebraska,8199
Dawson County,Nebraska,24111
Deuel County,Nebraska,1838
Dixon County,Nebraska,5606
Dodge County,Nebraska,37167
Douglas County,Nebraska,584526
Dundy County,Nebraska,1654
Fillmore County,Nebraska,5551
Franklin County,Nebraska,2889
Frontier County,Nebraska,2519
Furnas County,Nebraska,4636
Gage County,Nebraska,21704
Garden County,Nebraska,1874
Garfield County,Nebraska,1813
Gosper County,Nebraska,1893
Grant County,Nebraska,611
Greeley County,Nebraska,2188
Hall County,Nebraska,62895
Hamilton County,Nebraska,9429
Harlan County,Nebraska,3073
Hayes County,Nebraska,856
Hitchcock County,Nebraska,2616
Holt County,Nebraska,10127
Hooker County,Nebraska,711
Howard County,Nebraska,6475
Jefferson County,Nebraska,7240
Johnson County,Nebraska,5290
Kearney County,Nebraska,6688
Keith County,Nebraska,8335
Keya Paha County,Nebraska,769
Kimball County,Nebraska,3434
Knox County,Nebraska,8391
Lancaster County,Nebraska,322608
Lincoln County,Nebraska,34676
Logan County,Nebraska,716
Loup County,Nebraska,607
McPherson County,Nebraska,399
Madison County,Nebraska,35585
Merrick County,Nebraska,7668
Morrill County,Nebraska,4555
Nance County,Nebraska,3380
Nemaha County,Nebraska,7074
Nuckolls County,Nebraska,4095
Otoe County,Nebraska,15912
Pawnee County,Nebraska,2544
Perkins County,Nebraska,2858
Phelps County,Nebraska,8968
Pierce County,Nebraska,7317
Platte County,Nebraska,34296
Polk County,Nebraska,5214
Red Willow County,Nebraska,10702
Richardson County,Nebraska,7871
Rock County,Nebraska,1262
Saline County,Nebraska,14292
Sarpy County,Nebraska,190604
Saunders County,Nebraska,22278
Scotts Bluff County,Nebraska,36084
Seward County,Nebraska,17609
Sheridan County,Nebraska,5127
Sherman County,Nebraska,2959
Sioux County,Nebraska,1135
Stanton County,Nebraska,5842
Thayer County,Nebraska,5034
Thomas County,Nebraska,669
Thurston County,Nebraska,6773
Valley County,Nebraska,4059
Washington County,Nebraska,20865
Wayne County,Nebraska,9697
Webster County,Nebraska,3395
Wheeler County,Nebraska,774
York County,Nebraska,14125
Churchill County,Nevada,25516
Clark County,Nevada,2265461
Douglas County,Nevada,49488
Elko County,Nevada,53702
Esmeralda County,Nevada,729
Eureka County,Nevada,1855
Humboldt County,Nevada,17285
Lander County,Nevada,5734
Lincoln County,Nevada,4499
Lyon County,Nevada,59235
Mineral County,Nevada,4554
Nye County,Nevada,51591
Pershing County,Nevada,6650
Storey County,Nevada,4104
Washoe County,Nevada,486492
White Pine County,Nevada,9080
Carson City,Nevada,58639
Belknap County,New Hampshire,63705
Carroll County,New Hampshire,50107
Cheshire County,New Hampshire,76458
Coos County,New Hampshire,31268
Grafton County,New Hampshire,91118
Hillsborough County,New Hampshire,422937
Merrimack County,New Hampshire,153808
Rockingham County,New Hampshire,314176
Strafford County,New Hampshire,130889
Sullivan County,New Hampshire,43063
Atlantic County,New Jersey,274534
Bergen County,New Jersey,955732
Burlington County,New Jersey,461860
Camden County,New Jersey,523485
Cape May County,New Jersey,95263
Cumberland County,New Jersey,154152
Essex County,New Jersey,863728
Gloucester County,New Jersey,302294
Hudson County,New Jersey,724854
Hunterdon County,New Jersey,128947
Mercer County,New Jersey,387340
Middlesex County,New Jersey,863162
Monmouth County,New Jersey,643615
Morris County,New Jersey,509285
Ocean County,New Jersey,637229
Passaic County,New Jersey,524118
Salem County,New Jersey,64837
Somerset County,New Jersey,345361
Sussex County,New Jersey,144221
Union County,New Jersey,575345
Warren County,New Jersey,109632
Bernalillo County,New Mexico,676444
Catron County,New Mexico,3579
Chaves County,New Mexico,65157
Cibola County,New Mexico,27172
Colfax County,New Mexico,12387
Curry County,New Mexico,48430
De Baca County,New Mexico,1698
Doña Ana County,New Mexico,219561
Eddy County,New Mexico,62314
Grant County,New Mexico,28185
Guadalupe County,New Mexico,4452
Harding County,New Mexico,657
Hidalgo County,New Mexico,4178
Lea County,New Mexico,74455
Lincoln County,New Mexico,20269
Los Alamos County,New Mexico,19419
Luna County,New Mexico,25427
McKinley County,New Mexico,72902
Mora County,New Mexico,4189
Otero County,New Mexico,67839
Quay County,New Mexico,8746
Rio Arriba County,New Mexico,40363
Roosevelt County,New Mexico,19191
Sandoval County,New Mexico,148834
San Juan County,New Mexico,121661
San Miguel County,New Mexico,27201
Santa Fe County,New Mexico,154823
Sierra County,New Mexico,11576
Socorro County,New Mexico,16595
Taos County,New Mexico,34489
Torrance County,New Mexico,15045
Union County,New Mexico,4079
Valencia County,New Mexico,76205
Albany County,New York,314848
Allegany County,New York,46456
Bronx County,New York,1472654
Broome County,New York,198683
Cattaraugus County,New York,77042
Cayuga County,New York,76248
Chautauqua County,New York,127657
Chemung County,New York,84148
Chenango County,New York,47220
Clinton County,New York,79843
Columbia County,New York,61570
Cortland County,New York,46809
Delaware County,New York,44308
Dutchess County,New York,295911
Erie County,New York,954236
Essex County,New York,37381
Franklin County,New York,47555
Fulton County,New York,53324
Genesee County,New York,58388
Greene County,New York,47931
Hamilton County,New York,5107
Herkimer County,New York,60139
Jefferson County,New York,116721
Kings County,New York,2736074
Lewis County,New York,26582
Livingston County,New York,61834
Madison County,New York,68016
Monroe County,New York,759443
Montgomery County,New York,49532
Nassau County,New York,1395774
New York County,New York,1694251
Niagara County,New York,212666
Oneida County,New York,232125
Onondaga County,New York,476516
Ontario County,New York,112458
Orange County,New York,401310
Orleans County,New York,40343
Oswego County,New York,117525
Otsego County,New York,58524
Putnam County,New York,97668
Queens County,New York,2405464
Rensselaer County,New York,161130
Richmond County,New York,495747
Rockland County,New York,338329
St. Lawrence County,New York,108505
Saratoga County,New York,235509
Schenectady County,New York,158061
Schoharie County,New York,29714
Schuyler County,New York,17898
Seneca County,New York,33814
Steuben County,New York,93584
Suffolk County,New York,1525920
Sullivan County,New York,78624
Tioga County,New York,48455
Tompkins County,New York,105740
Ulster County,New York,181851
Warren County,New York,65737
Washington County,New York,61302
Wayne County,New York,91283
Westchester County,New York,1004457
Wyoming County,New York,40531
Yates County,New York,24774
Alamance County,North Carolina,171415
Alexander County,North Carolina,36444
Alleghany County,North Carolina,10888
Anson County,North Carolina,22055
Ashe County,North Carolina,26577
Avery County,North Carolina,17806
Beaufort County,North Carolina,44652
Bertie County,North Carolina,17934
Bladen County,North Carolina,29606
Brunswick County,North Carolina,136693
Buncombe County,North Carolina,269452
Burke County,North Carolina,87570
Cabarrus County,North Carolina,225804
Caldwell County,North Carolina,80652
Camden County,North Carolina,10355
Carteret County,North Carolina,67686
Caswell County,North Carolina,22736
Catawba County,North Carolina,160610
Chatham County,North Carolina,76285
Cherokee County,North Carolina,28774
Chowan County,North Carolina,13708
Clay County,North Carolina,11089
Cleveland County,North Carolina,99519
Columbus County,North Carolina,50623
Craven County,North Carolina,100720
Cumberland County,North Carolina,334728
Currituck County,North Carolina,28100
Dare County,North Carolina,36915
Davidson County,North Carolina,168930
Davie County,North Carolina,42712
Duplin County,North Carolina,48715
Durham County,North Carolina,324833
Edgecombe County,North Carolina,48900
Forsyth County,North Carolina,382590
Franklin County,North Carolina,68573
Gaston County,North Carolina,227943
Gates County,North Carolina,10478
Graham County,North Carolina,8030
Granville County,North Carolina,60992
Greene County,North Carolina,20451
Guilford County,North Carolina,541299
Halifax County,North Carolina,48622
Harnett County,North Carolina,133568
Haywood County,North Carolina,62089
Henderson County,North Carolina,116281
Hertford County,North Carolina,21552
Hoke County,North Carolina,52082
Hyde County,North Carolina,4589
Iredell County,North Carolina,186693
Jackson County,North Carolina,43109
Johnston County,North Carolina,215999
Jones County,North Carolina,9172
Lee County,North Carolina,63285
Lenoir County,North Carolina,55122
Lincoln County,North Carolina,86810
McDowell County,North Carolina,44578
Macon County,North Carolina,37014
Madison County,North Carolina,21193
Martin County,North Carolina,22031
Mecklenburg County,North Carolina,1115482
Mitchell County,North Carolina,14903
Montgomery County,North Carolina,25751
Moore County,North Carolina,99727
Nash County,North Carolina,94970
New Hanover County,North Carolina,225702
Northampton County,North Carolina,17471
Onslow County,North Carolina,204576
Orange County,North Carolina,148696
Pamlico County,North Carolina,12276
Pasquotank County,North Carolina,40568
Pender County,North Carolina,60203
Perquimans County,North Carolina,13005
Person County,North Carolina,39097
Pitt County,North Carolina,170243
Polk County,North Carolina,19328
Randolph County,North Carolina,144171
Richmond County,North Carolina,42946
Robeson County,North Carolina,116530
Rockingham County,North Carolina,91096
Rowan County,North Carolina,146875
Rutherford County,North Carolina,64444
Sampson County,North Carolina,59036
Scotland County,North Carolina,34174
Stanly County,North Carolina,62504
Stokes County,North Carolina,44520
Surry County,North Carolina,71359
Swain County,North Carolina,14117
Transylvania County,North Carolina,32986
Tyrrell County,North Carolina,3245
Union County,North Carolina,238267
Vance County,North Carolina,42578
Wake County,North Carolina,1129410
Warren County,North Carolina,18642
Washington County,North Carolina,11003
Watauga County,North Carolina,54086
Wayne County,North Carolina,117333
Wilkes County,North Carolina,65969
Wilson County,North Carolina,78784
Yadkin County,North Carolina,37214
Yancey County,North Carolina,18470
Adams County,North Dakota,2200
Barnes County,North Dakota,10853
Benson County,North Dakota,5964
Billings County,North Dakota,945
Bottineau County,North Dakota,6379
Bowman County,North Dakota,2993
Burke County,North Dakota,2201
Burleigh County,North Dakota,98458
Cass County,North Dakota,184525
Cavalier County,North Dakota,3704
Dickey County,North Dakota,4999
Divide County,North Dakota,2195
Dunn County,North Dakota,4095
Eddy County,North Dakota,2347
Emmons County,North Dakota,3301
Foster County,North Dakota,3397
Golden Valley County,North Dakota,1736
Grand Forks County,North Dakota,73170
Grant County,North Dakota,2301
Griggs County,North Dakota,2306
Hettinger County,North Dakota,2489
Kidder County,North Dakota,2394
LaMoure County,North Dakota,4093
Logan County,North Dakota,1876
McHenry County,North Dakota,5345
McIntosh County,North Dakota,2530
McKenzie County,North Dakota,14704
McLean County,North Dakota,9771
Mercer County,North Dakota,8350
Morton County,North Dakota,33291
Mountrail County,North Dakota,9809
Nelson County,North Dakota,3015
Oliver County,North Dakota,1877
Pembina County,North Dakota,6844
Pierce County,North Dakota,3990
Ramsey County,North Dakota,11605
Ransom County,North Dakota,5703
Renville County,North Dakota,2282
Richland County,North Dakota,16529
Rolette County,North Dakota,12187
Sargent County,North Dakota,3862
Sheridan County,North Dakota,1265
Sioux County,North Dakota,3898
Slope County,North Dakota,706
Stark County,North Dakota,33646
Steele County,North Dakota,1798
Stutsman County,North Dakota,21593
Towner County,North Dakota,2162
Traill County,North Dakota,7997
Walsh County,North Dakota,10563
Ward County,North Dakota,69919
Wells County,North Dakota,3982
Williams County,North Dakota,40950
Adams County,Ohio,27477
Allen County,Ohio,102206
Ashland County,Ohio,52447
Ashtabula County,Ohio,97574
Athens County,Ohio,62431
Auglaize County,Ohio,46422
Belmont County,Ohio,66497
Brown County,Ohio,43676
Butler County,Ohio,390357
Carroll County,Ohio,26721
Champaign County,Ohio,38714
Clark County,Ohio,136001
Clermont County,Ohio,208601
Clinton County,Ohio,42018
Columbiana County,Ohio,101877
Coshocton County,Ohio,36612
Crawford County,Ohio,42025
Cuyahoga County,Ohio,1264817
Darke County,Ohio,51881
Defiance County,Ohio,38286
Delaware County,Ohio,214124
Erie County,Ohio,75622
Fairfield County,Ohio,158921
Fayette County,Ohio,28951
Franklin County,Ohio,1323807
Fulton County,Ohio,42713
Gallia County,Ohio,29220
Geauga County,Ohio,95397
Greene County,Ohio,167966
Guernsey County,Ohio,38438
Hamilton County,Ohio,830639
Hancock County,Ohio,74920
Hardin County,Ohio,30696
Harrison County,Ohio,14483
Henry County,Ohio,27662
Highland County,Ohio,43317
Hocking County,Ohio,28050
Holmes County,Ohio,44223
Huron County,Ohio,58565
Jackson County,Ohio,32653
Jefferson County,Ohio,65249
Knox County,Ohio,62721
Lake County,Ohio,232603
Lawrence County,Ohio,58240
Licking County,Ohio,178519
Logan County,Ohio,46150
Lorain County,Ohio,312964
Lucas County,Ohio,431279
Madison County,Ohio,43824
Mahoning County,Ohio,228614
Marion County,Ohio,65359
Medina County,Ohio,182470
Meigs County,Ohio,22210
Mercer County,Ohio,42528
Miami County,Ohio,108774
Monroe County,Ohio,13385
Montgomery County,Ohio,537309
Morgan County,Ohio,13802
Morrow County,Ohio,34950
Muskingum County,Ohio,86410
Noble County,Ohio,14115
Ottawa County,Ohio,40364
Paulding County,Ohio,18806
Perry County,Ohio,35408
Pickaway County,Ohio,58539
Pike County,Ohio,27088
Portage County,Ohio,161791
Preble County,Ohio,40999
Putnam County,Ohio,34451
Richland County,Ohio,124936
Ross County,Ohio,77093
Sandusky County,Ohio,58896
Scioto County,Ohio,74008
Seneca County,Ohio,55069
Shelby County,Ohio,48230
Stark County,Ohio,374853
Summit County,Ohio,540428
Trumbull County,Ohio,201977
Tuscarawas County,Ohio,93263
Union County,Ohio,62784
Van Wert County,Ohio,28931
Vinton County,Ohio,12800
Warren County,Ohio,242337
Washington County,Ohio,59771
Wayne County,Ohio,116894
Williams County,Ohio,37102
Wood County,Ohio,132248
Wyandot County,Ohio,21900
Adair County,Oklahoma,19495
Alfalfa County,Oklahoma,5699
Atoka County,Oklahoma,14143
Beaver County,Oklahoma,5049
Beckham County,Oklahoma,22410
Blaine County,Oklahoma,8735
Bryan County,Oklahoma,46067
Caddo County,Oklahoma,26945
Canadian County,Oklahoma,154405
Carter County,Oklahoma,48003
Cherokee County,Oklahoma,47078
Choctaw County,Oklahoma,14204
Cimarron County,Oklahoma,2296
Cleveland County,Oklahoma,295528
Coal County,Oklahoma,5266
Comanche County,Oklahoma,121125
Cotton County,Oklahoma,5527
Craig County,Oklahoma,14107
Creek County,Oklahoma,71754
Custer County,Oklahoma,28513
Delaware County,Oklahoma,40397
Dewey County,Oklahoma,4484
Ellis County,Oklahoma,3749
Garfield County,Oklahoma,62846
Garvin County,Oklahoma,25656
Grady County,Oklahoma,54795
Grant County,Oklahoma,4169
Greer County,Oklahoma,5491
Harmon County,Oklahoma,2488
Harper County,Oklahoma,3272
Haskell County,Oklahoma,11561
Hughes County,Oklahoma,13367
Jackson County,Oklahoma,24785
Jefferson County,Oklahoma,5337
Johnston County,Oklahoma,10272
Kay County,Oklahoma,43700
Kingfisher County,Oklahoma,15184
Kiowa County,Oklahoma,8509
Latimer County,Oklahoma,9444
Le Flore County,Oklahoma,48129
Lincoln County,Oklahoma,33458
Logan County,Oklahoma,49555
Love County,Oklahoma,10146
McClain County,Oklahoma,41662
McCurtain County,Oklahoma,30814
McIntosh County,Oklahoma,18941
Major County,Oklahoma,7782
Marshall County,Oklahoma,15312
Mayes County,Oklahoma,39046
Murray County,Oklahoma,13904
Muskogee County,Oklahoma,66339
Noble County,Oklahoma,10924
Nowata County,Oklahoma,9320
Okfuskee County,Oklahoma,11310
Oklahoma County,Oklahoma,796292
Okmulgee County,Oklahoma,36706
Osage County,Oklahoma,45818
Ottawa County,Oklahoma,30285
Pawnee County,Oklahoma,15553
Payne County,Oklahoma,81646
Pittsburg County,Oklahoma,43773
Pontotoc County,Oklahoma,38065
Pottawatomie County,Oklahoma,72454
Pushmataha County,Oklahoma,10812
Roger Mills County,Oklahoma,3442
Rogers County,Oklahoma,95240
Seminole County,Oklahoma,23556
Sequoyah County,Oklahoma,39281
Stephens County,Oklahoma,42848
Texas County,Oklahoma,21384
Tillman County,Oklahoma,6968
Tulsa County,Oklahoma,669279
Wagoner County,Oklahoma,80981
Washington County,Oklahoma,52455
Washita County,Oklahoma,10924
Woods County,Oklahoma,8624
Woodward County,Oklahoma,20470
Baker County,Oregon,16668
Benton County,Oregon,95184
Clackamas County,Oregon,421401
Clatsop County,Oregon,41072
Columbia County,Oregon,52589
Coos County,Oregon,64929
Crook County,Oregon,24738
Curry County,Oregon,23446
Deschutes County,Oregon,198253
Douglas County,Oregon,111201
Gilliam County,Oregon,1995
Grant County,Oregon,7233
Harney County,Oregon,7495
Hood River County,Oregon,23977
Jackson County,Oregon,223259
Jefferson County,Oregon,24502
Josephine County,Oregon,88090
Klamath County,Oregon,69413
Lake County,Oregon,8160
Lane County,Oregon,382971
Lincoln County,Oregon,50395
Linn County,Oregon,128610
Malheur County,Oregon,31571
Marion County,Oregon,345920
Morrow County,Oregon,12186
Multnomah County,Oregon,815428
Polk County,Oregon,87433
Sherman County,Oregon,1870
Tillamook County,Oregon,27390
Umatilla County,Oregon,80075
Union County,Oregon,26196
Wallowa County,Oregon,7391
Wasco County,Oregon,26670
Washington County,Oregon,600372
Wheeler County,Oregon,1451
Yamhill County,Oregon,107722
Adams County,Pennsylvania,103852
Allegheny County,Pennsylvania,1250578
Armstrong County,Pennsylvania,65558
Beaver County,Pennsylvania,168215
Bedford County,Pennsylvania,47577
Berks County,Pennsylvania,428849
Blair County,Pennsylvania,122822
Bradford County,Pennsylvania,59967
Bucks County,Pennsylvania,646538
Butler County,Pennsylvania,193763
Cambria County,Pennsylvania,133472
Cameron County,Pennsylvania,4547
Carbon County,Pennsylvania,64749
Centre County,Pennsylvania,158172
Chester County,Pennsylvania,534413
Clarion County,Pennsylvania,37241
Clearfield County,Pennsylvania,80562
Clinton County,Pennsylvania,37450
Columbia County,Pennsylvania,64727
Crawford County,Pennsylvania,83938
Cumberland County,Pennsylvania,259469
Dauphin County,Pennsylvania,286401
Delaware County,Pennsylvania,576830
Elk County,Pennsylvania,30990
Erie County,Pennsylvania,270876
Fayette County,Pennsylvania,128804
Forest County,Pennsylvania,6973
Franklin County,Pennsylvania,155932
Fulton County,Pennsylvania,14556
Greene County,Pennsylvania,35954
Huntingdon County,Pennsylvania,44092
Indiana County,Pennsylvania,83246
Jefferson County,Pennsylvania,44492
Juniata County,Pennsylvania,23509
Lackawanna County,Pennsylvania,215896
Lancaster County,Pennsylvania,552984
Lawrence County,Pennsylvania,86070
Lebanon County,Pennsylvania,143257
Lehigh County,Pennsylvania,374557
Luzerne County,Pennsylvania,325594
Lycoming County,Pennsylvania,114188
McKean County,Pennsylvania,40432
Mercer County,Pennsylvania,110652
Mifflin County,Pennsylvania,46143
Monroe County,Pennsylvania,168327
Montgomery County,Pennsylvania,856553
Montour County,Pennsylvania,18136
Northampton County,Pennsylvania,312951
Northumberland County,Pennsylvania,91647
Perry County,Pennsylvania,45842
Philadelphia County,Pennsylvania,1603797
Pike County,Pennsylvania,58535
Potter County,Pennsylvania,16396
Schuylkill County,Pennsylvania,143049
Snyder County,Pennsylvania,39736
Somerset County,Pennsylvania,74129
Sullivan County,Pennsylvania,5840
Susquehanna County,Pennsylvania,38434
Tioga County,Pennsylvania,41045
Union County,Pennsylvania,42681
Venango County,Pennsylvania,50454
Warren County,Pennsylvania,38587
Washington County,Pennsylvania,209349
Wayne County,Pennsylvania,51155
Westmoreland County,Pennsylvania,354663
Wyoming County,Pennsylvania,26069
York County,Pennsylvania,456438
Bristol County,Rhode Island,50793
Kent County,Rhode Island,170363
Newport County,Rhode Island,85643
Providence County,Rhode Island,660741
Washington County,Rhode Island,129839
Abbeville County,South Carolina,24295
Aiken County,South Carolina,168808
Allendale County,South Carolina,8039
Anderson County,South Carolina,203718
Bamberg County,South Carolina,13311
Barnwell County,South Carolina,20589
Beaufort County,South Carolina,187117
Berkeley County,South Carolina,229861
Calhoun County,South Carolina,14119
Charleston County,South Carolina,408235
Cherokee County,South Carolina,56216
Chester County,South Carolina,32294
Chesterfield County,South Carolina,43273
Clarendon County,South Carolina,31144
Colleton County,South Carolina,38604
Darlington County,South Carolina,62905
Dillon County,South Carolina,28292
Dorchester County,South Carolina,161540
Edgefield County,South Carolina,25657
Fairfield County,South Carolina,20948
Florence County,South Carolina,137059
Georgetown County,South Carolina,63404
Greenville County,South Carolina,525534
Greenwood County,South Carolina,69351
Hampton County,South Carolina,18561
Horry County,South Carolina,351029
Jasper County,South Carolina,28791
Kershaw County,South Carolina,65403
Lancaster County,South Carolina,96016
Laurens County,South Carolina,67539
Lee County,South Carolina,16531
Lexington County,South Carolina,293991
McCormick County,South Carolina,9526
Marion County,South Carolina,29183
Marlboro County,South Carolina,26667
Newberry County,South Carolina,37719
Oconee County,South Carolina,78607
Orangeburg County,South Carolina,84223
Pickens County,South Carolina,131404
Richland County,South Carolina,416147
Saluda County,South Carolina,18862
Spartanburg County,South Carolina,327997
Sumter County,South Carolina,105556
Union County,South Carolina,27244
Williamsburg County,South Carolina,31026
York County,South Carolina,282090
Aurora County,South Dakota,2747
Beadle County,South Dakota,19149
Bennett County,South Dakota,3381
Bon Homme County,South Dakota,7003
Brookings County,South Dakota,34375
Brown County,South Dakota,38301
Brule County,South Dakota,5247
Buffalo County,South Dakota,1948
Butte County,South Dakota,10243
Campbell County,South Dakota,1377
Charles Mix County,South Dakota,9373
Clark County,South Dakota,3837
Clay County,South Dakota,14967
Codington County,South Dakota,28325
Corson County,South Dakota,3902
Custer County,South Dakota,8318
Davison County,South Dakota,19956
Day County,South Dakota,5449
Deuel County,South Dakota,4295
Dewey County,South Dakota,5239
Douglas County,South Dakota,2835
Edmunds County,South Dakota,3986
Fall River County,South Dakota,6973
Faulk County,South Dakota,2125
Grant County,South Dakota,7556
Gregory County,South Dakota,3994
Haakon County,South Dakota,1872
Hamlin County,South Dakota,6164
Hand County,South Dakota,3145
Hanson County,South Dakota,3461
Harding County,South Dakota,1311
Hughes County,South Dakota,17765
Hutchinson County,South Dakota,7427
Hyde County,South Dakota,1262
Jackson County,South Dakota,2806
Jerauld County,South Dakota,1663
Jones County,South Dakota,917
Kingsbury County,South Dakota,5187
Lake County,South Dakota,11059
Lawrence County,South Dakota,25768
Lincoln County,South Dakota,65161
Lyman County,South Dakota,3718
McCook County,South Dakota,5682
McPherson County,South Dakota,2411
Marshall County,South Dakota,4306
Meade County,South Dakota,29852
Mellette County,South Dakota,1918
Miner County,South Dakota,2298
Minnehaha County,South Dakota,197214
Moody County,South Dakota,6336
Oglala Lakota County,South Dakota,13672
Pennington County,South Dakota,109222
Perkins County,South Dakota,2835
Potter County,South Dakota,2472
Roberts County,South Dakota,10280
Sanborn County,South Dakota,2330
Spink County,South Dakota,6361
Stanley County,South Dakota,2980
Sully County,South Dakota,1446
Todd County,South Dakota,9319
Tripp County,South Dakota,5624
Turner County,South Dakota,8673
Union County,South Dakota,16811
Walworth County,South Dakota,5315
Yankton County,South Dakota,23310
Ziebach County,South Dakota,2413
Anderson County,Tennessee,77123
Bedford County,Tennessee,50237
Benton County,Tennessee,15864
Bledsoe County,Tennessee,14913
Blount County,Tennessee,135280
Bradley County,Tennessee,108620
Campbell County,Tennessee,39272
Cannon County,Tennessee,14506
Carroll County,Tennessee,28440
Carter County,Tennessee,56356
Cheatham County,Tennessee,41072
Chester County,Tennessee,17341
Claiborne County,Tennessee,32043
Clay County,Tennessee,7581
Cocke County,Tennessee,35999
Coffee County,Tennessee,57889
Crockett County,Tennessee,13911
Cumberland County,Tennessee,61145
Davidson County,Tennessee,715884
Decatur County,Tennessee,11435
DeKalb County,Tennessee,20080
Dickson County,Tennessee,54315
Dyer County,Tennessee,36801
Fayette County,Tennessee,41990
Fentress County,Tennessee,18489
Franklin County,Tennessee,42774
Gibson County,Tennessee,50429
Giles County,Tennessee,30346
Grainger County,Tennessee,23527
Greene County,Tennessee,70152
Grundy County,Tennessee,13529
Hamblen County,Tennessee,64499
Hamilton County,Tennessee,366207
Hancock County,Tennessee,6662
Hardeman County,Tennessee,25462
Hardin County,Tennessee,26831
Hawkins County,Tennessee,56721
Haywood County,Tennessee,17864
Henderson County,Tennessee,27842
Henry County,Tennessee,32199
Hickman County,Tennessee,24925
Houston County,Tennessee,8283
Humphreys County,Tennessee,18990
Jackson County,Tennessee,11617
Jefferson County,Tennessee,54683
Johnson County,Tennessee,17948
Knox County,Tennessee,478971
Lake County,Tennessee,7005
Lauderdale County,Tennessee,25143
Lawrence County,Tennessee,44159
Lewis County,Tennessee,12582
Lincoln County,Tennessee,35319
Loudon County,Tennessee,54886
McMinn County,Tennessee,53276
McNairy County,Tennessee,25866
Macon County,Tennessee,25216
Madison County,Tennessee,98823
Marion County,Tennessee,28837
Marshall County,Tennessee,34318
Maury County,Tennessee,100974
Meigs County,Tennessee,12758
Monroe County,Tennessee,46250
Montgomery County,Tennessee,220069
Moore County,Tennessee,6461
Morgan County,Tennessee,21035
Obion County,Tennessee,30787
Overton County,Tennessee,22511
Perry County,Tennessee,8366
Pickett County,Tennessee,5001
Polk County,Tennessee,17544
Putnam County,Tennessee,79854
Rhea County,Tennessee,32870
Roane County,Tennessee,53404
Robertson County,Tennessee,72803
Rutherford County,Tennessee,341486
Scott County,Tennessee,21850
Sequatchie County,Tennessee,15826
Sevier County,Tennessee,98380
Shelby County,Tennessee,929744
Smith County,Tennessee,19904
Stewart County,Tennessee,13657
Sullivan County,Tennessee,158163
Sumner County,Tennessee,196281
Tipton County,Tennessee,60970
Trousdale County,Tennessee,11615
Unicoi County,Tennessee,17928
Union County,Tennessee,19802
Van Buren County,Tennessee,6168
Warren County,Tennessee,40953
Washington County,Tennessee,133001
Wayne County,Tennessee,16232
Weakley County,Tennessee,32902
White County,Tennessee,27351
Williamson County,Tennessee,247726
Wilson County,Tennessee,147737
Anderson County,Texas,57922
Andrews County,Texas,18610
Angelina County,Texas,86395
Aransas County,Texas,23830
Archer County,Texas,8560
Armstrong County,Texas,1848
Atascosa County,Texas,48981
Austin County,Texas,30167
Bailey County,Texas,6904
Bandera County,Texas,20851
Bastrop County,Texas,97216
Baylor County,Texas,3465
Bee County,Texas,31047
Bell County,Texas,370647
Bexar County,Texas,2009324
Blanco County,Texas,11374
Borden County,Texas,631
Bosque County,Texas,18235
Bowie County,Texas,92893
Brazoria County,Texas,372031
Brazos County,Texas,233849
Brewster County,Texas,9546
Briscoe County,Texas,1435
Brooks County,Texas,7076
Brown County,Texas,38095
Burleson County,Texas,17642
Burnet County,Texas,49130
Caldwell County,Texas,45883
Calhoun County,Texas,20106
Callahan County,Texas,13708
Cameron County,Texas,421017
Camp County,Texas,12464
Carson County,Texas,5807
Cass County,Texas,28454
Castro County,Texas,7371
Chambers County,Texas,46571
Cherokee County,Texas,50412
Childress County,Texas,6664
Clay County,Texas,10218
Cochran County,Texas,2547
Coke County,Texas,3285
Coleman County,Texas,7684
Collin County,Texas,1064465
Collingsworth County,Texas,2652
Colorado County,Texas,20557
Comal County,Texas,161501
Comanche County,Texas,13594
Concho County,Texas,3303
Cooke County,Texas,41668
Coryell County,Texas,83093
Cottle County,Texas,1380
Crane County,Texas,4675
Crockett County,Texas,3098
Crosby County,Texas,5133
Culberson County,Texas,2188
Dallam County,Texas,7115
Dallas County,Texas,2613539
Dawson County,Texas,12456
Deaf Smith County,Texas,18583
Delta County,Texas,5230
Denton County,Texas,906422
DeWitt County,Texas,19824
Dickens County,Texas,1770
Dimmit County,Texas,8615
Donley County,Texas,3258
Duval County,Texas,9831
Eastland County,Texas,17725
Ector County,Texas,165171
Edwards County,Texas,1422
Ellis County,Texas,192455
El Paso County,Texas,865657
Erath County,Texas,42545
Falls County,Texas,16968
Fannin County,Texas,35662
Fayette County,Texas,24435
Fisher County,Texas,3672
Floyd County,Texas,5402
Foard County,Texas,1095
Fort Bend County,Texas,822779
Franklin County,Texas,10359
Freestone County,Texas,19435
Frio County,Texas,18385
Gaines County,Texas,21598
Galveston County,Texas,350682
Garza County,Texas,5816
Gillespie County,Texas,26725
Glasscock County,Texas,1116
Goliad County,Texas,7012
Gonzales County,Texas,19653
Gray County,Texas,21227
Grayson County,Texas,135543
Gregg County,Texas,124239
Grimes County,Texas,29268
Guadalupe County,Texas,172706
Hale County,Texas,32522
Hall County,Texas,2825
Hamilton County,Texas,8222
Hansford County,Texas,5285
Hardeman County,Texas,3549
Hardin County,Texas,56231
Harris County,Texas,4731145
Harrison County,Texas,68839
Hartley County,Texas,5382
Haskell County,Texas,5416
Hays County,Texas,241067
Hemphill County,Texas,3382
Henderson County,Texas,82150
Hidalgo County,Texas,870781
Hill County,Texas,35874
Hockley County,Texas,21537
Hood County,Texas,61598
Hopkins County,Texas,36787
Houston County,Texas,22066
Howard County,Texas,34860
Hudspeth County,Texas,3202
Hunt County,Texas,99956
Hutchinson County,Texas,20617
Irion County,Texas,1513
Jack County,Texas,8472
Jackson County,Texas,14988
Jasper County,Texas,32980
Jeff Davis County,Texas,1996
Jefferson County,Texas,256526
Jim Hogg County,Texas,4838
Jim Wells County,Texas,38891
Johnson County,Texas,179927
Jones County,Texas,19663
Karnes County,Texas,14710
Kaufman County,Texas,145310
Kendall County,Texas,44279
Kenedy County,Texas,350
Kent County,Texas,753
Kerr County,Texas,52598
Kimble County,Texas,4286
King County,Texas,265
Kinney County,Texas,3129
Kleberg County,Texas,31040
Knox County,Texas,3353
Lamar County,Texas,50088
Lamb County,Texas,13045
Lampasas County,Texas,21627
La Salle County,Texas,6664
Lavaca County,Texas,20337
Lee County,Texas,17478
Leon County,Texas,15719
Liberty County,Texas,91628
Limestone County,Texas,22146
Lipscomb County,Texas,3059
Live Oak County,Texas,11335
Llano County,Texas,21243
Loving County,Texas,64
Lubbock County,Texas,310639
Lynn County,Texas,5596
McCulloch County,Texas,7630
McLennan County,Texas,260579
McMullen County,Texas,600
Madison County,Texas,13455
Marion County,Texas,9725
Martin County,Texas,5237
Mason County,Texas,3953
Matagorda County,Texas,36255
Maverick County,Texas,57887
Medina County,Texas,50748
Menard County,Texas,1962
Midland County,Texas,169983
Milam County,Texas,24754
Mills County,Texas,4456
Mitchell County,Texas,8990
Montague County,Texas,19965
Montgomery County,Texas,620443
Moore County,Texas,21358
Morris County,Texas,11973
Motley County,Texas,1063
Nacogdoches County,Texas,64653
Navarro County,Texas,52624
Newton County,Texas,12217
Nolan County,Texas,14738
Nueces County,Texas,353178
Ochiltree County,Texas,10015
Oldham County,Texas,1758
Orange County,Texas,84808
Palo Pinto County,Texas,28409
Panola County,Texas,22491
Parker County,Texas,148222
Parmer County,Texas,9869
Pecos County,Texas,15193
Polk County,Texas,50123
Potter County,Texas,118525
Presidio County,Texas,6131
Rains County,Texas,12164
Randall County,Texas,140753
Reagan County,Texas,3385
Real County,Texas,2758
Red River County,Texas,11587
Reeves County,Texas,14748
Refugio County,Texas,6741
Roberts County,Texas,827
Robertson County,Texas,16757
Rockwall County,Texas,107819
Runnels County,Texas,9900
Rusk County,Texas,52214
Sabine County,Texas,9894
San Augustine County,Texas,7918
San Jacinto County,Texas,27402
San Patricio County,Texas,68755
San Saba County,Texas,5730
Schleicher County,Texas,2451
Scurry County,Texas,16932
Shackelford County,Texas,3105
Shelby County,Texas,24022
Sherman County,Texas,2782
Smith County,Texas,233479
Somervell County,Texas,9205
Starr County,Texas,65920
Stephens County,Texas,9101
Sterling County,Texas,1372
Stonewall County,Texas,1245
Sutton County,Texas,3372
Swisher County,Texas,6971
Tarrant County,Texas,2110640
Taylor County,Texas,143208
Terrell County,Texas,760
Terry County,Texas,11831
Throckmorton County,Texas,1440
Titus County,Texas,31247
Tom Green County,Texas,120003
Travis County,Texas,1290188
Trinity County,Texas,13602
Tyler County,Texas,19798
Upshur County,Texas,40892
Upton County,Texas,3308
Uvalde County,Texas,24564
Val Verde County,Texas,47586
Van Zandt County,Texas,59541
Victoria County,Texas,91319
Walker County,Texas,76400
Waller County,Texas,56794
Ward County,Texas,11644
Washington County,Texas,35805
Webb County,Texas,267114
Wharton County,Texas,41570
Wheeler County,Texas,4990
Wichita County,Texas,129350
Wilbarger County,Texas,12887
Willacy County,Texas,20164
Williamson County,Texas,609017
Wilson County,Texas,49753
Winkler County,Texas,7791
Wise County,Texas,68632
Wood County,Texas,44843
Yoakum County,Texas,7694
Young County,Texas,17867
Zapata County,Texas,13889
Zavala County,Texas,9670
Beaver County,Utah,7072
Box Elder County,Utah,57666
Cache County,Utah,133154
Carbon County,Utah,20412
Daggett County,Utah,935
Davis County,Utah,362679
Duchesne County,Utah,19596
Emery County,Utah,9825
Garfield County,Utah,5083
Grand County,Utah,9669
Iron County,Utah,57289
Juab County,Utah,11786
Kane County,Utah,7667
Millard County,Utah,12975
Morgan County,Utah,12295
Piute County,Utah,1438
Rich County,Utah,2510
Salt Lake County,Utah,1185238
San Juan County,Utah,14518
Sanpete County,Utah,28437
Sevier County,Utah,21522
Summit County,Utah,42357
Tooele County,Utah,72698
Uintah County,Utah,35620
Utah County,Utah,659399
Wasatch County,Utah,34788
Washington County,Utah,180279
Wayne County,Utah,2486
Weber County,Utah,262223
Addison County,Vermont,37363
Bennington County,Vermont,37347
Caledonia County,Vermont,30233
Chittenden County,Vermont,168323
Essex County,Vermont,5920
Franklin County,Vermont,49946
Grand Isle County,Vermont,7293
Lamoille County,Vermont,25945
Orange County,Vermont,29277
Orleans County,Vermont,27393
Rutland County,Vermont,60572
Washington County,Vermont,59807
Windham County,Vermont,45905
Windsor County,Vermont,57753
Accomack County,Virginia,33413
Albemarle County,Virginia,112395
Alleghany County,Virginia,15223
Amelia County,Virginia,13265
Amherst County,Virginia,31307
Appomattox County,Virginia,16119
Arlington County,Virginia,238643
Augusta County,Virginia,77487
Bath County,Virginia,4209
Bedford County,Virginia,79462
Bland County,Virginia,6270
Botetourt County,Virginia,33596
Brunswick County,Virginia,15849
Buchanan County,Virginia,20355
Buckingham County,Virginia,16824
Campbell County,Virginia,55696
Caroline County,Virginia,30887
Carroll County,Virginia,29155
Charles City County,Virginia,6773
Charlotte County,Virginia,11529
Chesterfield County,Virginia,364548
Clarke County,Virginia,14783
Craig County,Virginia,4892
Culpeper County,Virginia,52552
Cumberland County,Virginia,9675
Dickenson County,Virginia,14124
Dinwiddie County,Virginia,27947
Essex County,Virginia,10599
Fairfax County,Virginia,1150309
Fauquier County,Virginia,72972
Floyd County,Virginia,15476
Fluvanna County,Virginia,27249
Franklin County,Virginia,54477
Frederick County,Virginia,91419
Giles County,Virginia,16787
Gloucester County,Virginia,38711
Goochland County,Virginia,24727
Grayson County,Virginia,15333
Greene County,Virginia,20552
Greensville County,Virginia,11391
Halifax County,Virginia,34022
Hanover County,Virginia,109979
Henrico County,Virginia,334389
Henry County,Virginia,50948
Highland County,Virginia,2232
Isle of Wight County,Virginia,38606
James City County,Virginia,78254
King and Queen County,Virginia,6608
King George County,Virginia,26723
King William County,Virginia,17810
Lancaster County,Virginia,10919
Lee County,Virginia,22173
Loudoun County,Virginia,420959
Louisa County,Virginia,37596
Lunenburg County,Virginia,11936
Madison County,Virginia,13837
Mathews County,Virginia,8533
Mecklenburg County,Virginia,30319
Middlesex County,Virginia,10625
Montgomery County,Virginia,99721
Nelson County,Virginia,14775
New Kent County,Virginia,22945
Northampton County,Virginia,12282
Northumberland County,Virginia,11839
Nottoway County,Virginia,15642
Orange County,Virginia,36254
Page County,Virginia,23709
Patrick County,Virginia,17608
Pittsylvania County,Virginia,60501
Powhatan County,Virginia,30333
Prince Edward County,Virginia,21849
Prince George County,Virginia,43010
Prince William County,Virginia,482204
Pulaski County,Virginia,33800
Rappahannock County,Virginia,7348
Richmond County,Virginia,8923
Roanoke County,Virginia,96929
Rockbridge County,Virginia,22650
Rockingham County,Virginia,83757
Russell County,Virginia,25781
Scott County,Virginia,21576
Shenandoah County,Virginia,44186
Smyth County,Virginia,29800
Southampton County,Virginia,17996
Spotsylvania County,Virginia,140032
Stafford County,Virginia,156927
Surry County,Virginia,6561
Sussex County,Virginia,10829
Tazewell County,Virginia,40429
Warren County,Virginia,40727
Washington County,Virginia,53935
Westmoreland County,Virginia,18477
Wise County,Virginia,36130
Wythe County,Virginia,28290
York County,Virginia,70045
Alexandria City,Virginia,159467
Bristol City,Virginia,17219
Buena Vista City,Virginia,6641
Charlottesville City,Virginia,46553
Chesapeake City,Virginia,249422
Colonial Heights City,Virginia,18170
Covington City,Virginia,5737
Danville City,Virginia,42590
Emporia City,Virginia,5766
Fairfax City,Virginia,24146
Falls Church City,Virginia,14658
Franklin City,Virginia,8180
Fredericksburg City,Virginia,27982
Galax City,Virginia,6720
Hampton City,Virginia,137148
Harrisonburg City,Virginia,51814
Hopewell City,Virginia,23033
Lexington City,Virginia,7320
Lynchburg City,Virginia,79009
Manassas City,Virginia,42772
Manassas Park City,Virginia,17219
Martinsville City,Virginia,13485
Newport News City,Virginia,186247
Norfolk City,Virginia,238005
Norton City,Virginia,3687
Petersburg City,Virginia,33458
Poquoson City,Virginia,12460
Portsmouth City,Virginia,97915
Radford City,Virginia,16070
Richmond City,Virginia,226610
Roanoke City,Virginia,100011
Salem City,Virginia,25346
Staunton City,Virginia,25750
Suffolk City,Virginia,94324
Virginia Beach City,Virginia,459470
Waynesboro City,Virginia,22196
Williamsburg City,Virginia,15425
Winchester City,Virginia,28120
Adams County,Washington,20613
Asotin County,Washington,22285
Benton County,Washington,206873
Chelan County,Washington,79074
Clallam County,Washington,77155
Clark County,Washington,503311
Columbia County,Washington,3952
Cowlitz County,Washington,110730
Douglas County,Washington,42938
Ferry County,Washington,7178
Franklin County,Washington,96749
Garfield County,Washington,2286
Grant County,Washington,99123
Grays Harbor County,Washington,75636
Island County,Washington,86857
Jefferson County,Washington,32977
King County,Washington,2269675
Kitsap County,Washington,275611
Kittitas County,Washington,44337
Klickitat County,Washington,22735
Lewis County,Washington,82149
Lincoln County,Washington,10876
Mason County,Washington,65726
Okanogan County,Washington,42104
Pacific County,Washington,23365
Pend Oreille County,Washington,13401
Pierce County,Washington,921130
San Juan County,Washington,17788
Skagit County,Washington,129523
Skamania County,Washington,12036
Snohomish County,Washington,827957
Spokane County,Washington,539339
Stevens County,Washington,46445
Thurston County,Washington,294793
Wahkiakum County,Washington,4422
Walla Walla County,Washington,62584
Whatcom County,Washington,226847
Whitman County,Washington,47973
Yakima County,Washington,256728
Barbour County,West Virginia,15465
Berkeley County,West Virginia,122076
Boone County,West Virginia,21809
Braxton County,West Virginia,12447
Brooke County,West Virginia,22559
Cabell County,West Virginia,94350
Calhoun County,West Virginia,6229
Clay County,West Virginia,8051
Doddridge County,West Virginia,7808
Fayette County,West Virginia,40488
Gilmer County,West Virginia,7408
Grant County,West Virginia,10976
Greenbrier County,West Virginia,32977
Hampshire County,West Virginia,23093
Hancock County,West Virginia,29095
Hardy County,West Virginia,14299
Harrison County,West Virginia,65921
Jackson County,West Virginia,27791
Jefferson County,West Virginia,57701
Kanawha County,West Virginia,180745
Lewis County,West Virginia,17033
Lincoln County,West Virginia,20463
Logan County,West Virginia,32567
McDowell County,West Virginia,19111
Marion County,West Virginia,56205
Marshall County,West Virginia,30591
Mason County,West Virginia,25453
Mercer County,West Virginia,59664
Mineral County,West Virginia,26938
Mingo County,West Virginia,23568
Monongalia County,West Virginia,105822
Monroe County,West Virginia,12376
Morgan County,West Virginia,17063
Nicholas County,West Virginia,24604
Ohio County,West Virginia,42425
Pendleton County,West Virginia,6143
Pleasants County,West Virginia,7653
Pocahontas County,West Virginia,7869
Preston County,West Virginia,34216
Putnam County,West Virginia,57440
Raleigh County,West Virginia,74591
Randolph County,West Virginia,27932
Ritchie County,West Virginia,8444
Roane County,West Virginia,14028
Summers County,West Virginia,11959
Taylor County,West Virginia,16705
Tucker County,West Virginia,6762
Tyler County,West Virginia,8313
Upshur County,West Virginia,23816
Wayne County,West Virginia,38982
Webster County,West Virginia,8378
Wetzel County,West Virginia,14442
Wirt County,West Virginia,5194
Wood County,West Virginia,84296
Wyoming County,West Virginia,21382
Adams County,Wisconsin,20654
Ashland County,Wisconsin,16027
Barron County,Wisconsin,46711
Bayfield County,Wisconsin,16220
Brown County,Wisconsin,268740
Buffalo County,Wisconsin,13317
Burnett County,Wisconsin,16526
Calumet County,Wisconsin,52442
Chippewa County,Wisconsin,66297
Clark County,Wisconsin,34659
Columbia County,Wisconsin,58490
Crawford County,Wisconsin,16113
Dane County,Wisconsin,561504
Dodge County,Wisconsin,89396
Door County,Wisconsin,30066
Douglas County,Wisconsin,44295
Dunn County,Wisconsin,45440
Eau Claire County,Wisconsin,105710
Florence County,Wisconsin,4558
Fond du Lac County,Wisconsin,104154
Forest County,Wisconsin,9179
Grant County,Wisconsin,51938
Green County,Wisconsin,37093
Green Lake County,Wisconsin,19018
Iowa County,Wisconsin,23709
Iron County,Wisconsin,6137
Jackson County,Wisconsin,21145
Jefferson County,Wisconsin,84900
Juneau County,Wisconsin,26718
Kenosha County,Wisconsin,169151
Kewaunee County,Wisconsin,20563
La Crosse County,Wisconsin,120784
Lafayette County,Wisconsin,16611
Langlade County,Wisconsin,19491
Lincoln County,Wisconsin,28415
Manitowoc County,Wisconsin,81359
Marathon County,Wisconsin,138013
Marinette County,Wisconsin,41872
Marquette County,Wisconsin,15592
Menominee County,Wisconsin,4255
Milwaukee County,Wisconsin,939489
Monroe County,Wisconsin,46274
Oconto County,Wisconsin,38965
Oneida County,Wisconsin,37845
Outagamie County,Wisconsin,190705
Ozaukee County,Wisconsin,91503
Pepin County,Wisconsin,7318
Pierce County,Wisconsin,42212
Polk County,Wisconsin,44977
Portage County,Wisconsin,70377
Price County,Wisconsin,14054
Racine County,Wisconsin,197727
Richland County,Wisconsin,17304
Rock County,Wisconsin,163687
Rusk County,Wisconsin,14188
St. Croix County,Wisconsin,93536
Sauk County,Wisconsin,65763
Sawyer County,Wisconsin,18074
Shawano County,Wisconsin,40881
Sheboygan County,Wisconsin,118034
Taylor County,Wisconsin,19913
Trempealeau County,Wisconsin,30760
Vernon County,Wisconsin,30714
Vilas County,Wisconsin,23047
Walworth County,Wisconsin,106478
Washburn County,Wisconsin,16623
Washington County,Wisconsin,136761
Waukesha County,Wisconsin,406978
Waupaca County,Wisconsin,51812
Waushara County,Wisconsin,24520
Winnebago County,Wisconsin,171730
Wood County,Wisconsin,74207
Albany County,Wyoming,37066
Big Horn County,Wyoming,11521
Campbell County,Wyoming,47026
Carbon County,Wyoming,14537
Converse County,Wyoming,13751
Crook County,Wyoming,7181
Fremont County,Wyoming,39234
Goshen County,Wyoming,12498
Hot Springs County,Wyoming,4621
Johnson County,Wyoming,8447
Laramie County,Wyoming,100512
Lincoln County,Wyoming,19581
Natrona County,Wyoming,79955
Niobrara County,Wyoming,2467
Park County,Wyoming,29624
Platte County,Wyoming,8605
Sheridan County,Wyoming,30921
Sublette County,Wyoming,8728
Sweetwater County,Wyoming,42272
Teton County,Wyoming,23331
Uinta County,Wyoming,20450
Washakie County,Wyoming,7685
Weston County,Wyoming,6838
